/*
SQLyog Community v12.2.4 (64 bit)
MySQL - 5.7.15-log : Database - tv_drama_resys
*********************************************************************
*/

/*!40101 SET NAMES utf8 */;

/*!40101 SET SQL_MODE=''*/;

/*!40014 SET @OLD_UNIQUE_CHECKS=@@UNIQUE_CHECKS, UNIQUE_CHECKS=0 */;
/*!40014 SET @OLD_FOREIGN_KEY_CHECKS=@@FOREIGN_KEY_CHECKS, FOREIGN_KEY_CHECKS=0 */;
/*!40101 SET @OLD_SQL_MODE=@@SQL_MODE, SQL_MODE='NO_AUTO_VALUE_ON_ZERO' */;
/*!40111 SET @OLD_SQL_NOTES=@@SQL_NOTES, SQL_NOTES=0 */;
CREATE DATABASE /*!32312 IF NOT EXISTS*/`tv_drama_resys` /*!40100 DEFAULT CHARACTER SET utf8 */;

USE `tv_drama_resys`;

/*Table structure for table `accounts_myuser` */

DROP TABLE IF EXISTS `accounts_myuser`;

CREATE TABLE `accounts_myuser` (
  `id` int(11) NOT NULL AUTO_INCREMENT,
  `password` varchar(128) NOT NULL,
  `email` varchar(255) NOT NULL,
  `date_of_birth` date DEFAULT NULL,
  `nickname` varchar(200) NOT NULL,
  `introduction` varchar(200) DEFAULT NULL,
  `date_joined` datetime(6) NOT NULL,
  `login_days` int(11) NOT NULL,
  `last_login` datetime(6) NOT NULL,
  `is_active` tinyint(1) NOT NULL,
  `is_admin` tinyint(1) NOT NULL,
  `sex` varchar(1) NOT NULL,
  PRIMARY KEY (`id`),
  UNIQUE KEY `email` (`email`)
) ENGINE=InnoDB AUTO_INCREMENT=16 DEFAULT CHARSET=utf8;

/*Data for the table `accounts_myuser` */

insert  into `accounts_myuser`(`id`,`password`,`email`,`date_of_birth`,`nickname`,`introduction`,`date_joined`,`login_days`,`last_login`,`is_active`,`is_admin`,`sex`) values 
(1,'pbkdf2_sha256$36000$eQatbFwPRICX$7M59BG/AEnUZf/69KNGzf61YARhtBBV7DzDrIL+0Hqc=','lee@qq.com','2017-05-13','jack','ggggg','2017-05-06 07:59:24.117792',24,'2017-05-24 23:09:12.887835',1,1,'B'),
(2,'pbkdf2_sha256$36000$srhcsm30exvv$XD7BT+Fmmw7NK2FVyGF1vDlPAzpPbli/FqeWPBY/hfc=','333@ww.com','2017-05-25','bauer',NULL,'2017-05-06 07:59:43.872921',31,'2017-05-26 05:43:44.116606',1,0,'B'),
(3,'pbkdf2_sha256$36000$2d5fTx5UreGe$g2/KQI59y0ifQzkc7+zcZVavebY22DX+pswyVM7WC/s=','lee@ww.com','1993-08-07','mary',NULL,'2017-05-15 02:06:35.994981',7,'2017-05-22 15:22:19.722814',1,0,'B'),
(4,'pbkdf2_sha256$36000$p9F8H1tV1TZC$YSJFS2q+CUFaiPZ1UvI8ZHPi+E6vbgf4eG9DFdebIjw=','lee@gg.com','1993-08-03','tom','','2017-05-15 02:19:00.138544',3,'2017-05-15 07:55:37.454764',1,0,'G'),
(5,'pbkdf2_sha256$36000$UYLYPDi7AUl4$xjYjwiIzlwf3nni+WQt1Q6L7utUsANJ2taYTkUIuNow=','lee@sina.com','1993-08-08','tracy','hhfh','2017-05-16 23:32:20.764722',2,'2017-05-16 23:32:29.660838',1,0,'B'),
(6,'pbkdf2_sha256$36000$lrW9eHPndGLz$B6qkD6uf0NagXH2ybYDRGaRESWyk34/j6ANFBTp3Ido=','lee@dd.com','2017-05-10','james','','2017-05-17 02:20:10.041830',2,'2017-05-17 02:20:23.850620',1,0,'B'),
(7,'pbkdf2_sha256$36000$brTzeP3Ly3d2$ndh+xOVbtQ4H7NQ4H+SjqxubbfacntEzrPpZf6Hk9Zk=','jackbauer@gmail.com','2017-05-17','drake','','2017-05-17 02:55:43.840877',2,'2017-05-17 02:55:56.592606',1,0,'B'),
(8,'pbkdf2_sha256$36000$VXvTuOIG6k01$B1t5ltDUclSyVIzF4xh2E5amUwnZbMDas5KELK1QBpo=','lee@hh.com','2017-05-17','katy','','2017-05-17 11:45:17.648234',2,'2017-05-17 11:45:31.920051',1,0,'G'),
(9,'pbkdf2_sha256$36000$KnbfcfMyMcj9$NAipXncMaj2gJJ3G5AXt6JT121xdwN+EMhoqirf3HKI=','100@qq.com','2017-05-25','tim',NULL,'2017-05-24 23:10:14.542380',1,'2017-05-24 23:10:14.542380',1,0,'G'),
(10,'pbkdf2_sha256$36000$Qb6AAZUqWyY1$5ki9N3afKrY8ktgEgNjSpt1UaJsYw9KTUpKE937e5l8=','101@qq.com','2017-05-25','john',NULL,'2017-05-24 23:10:46.380983',1,'2017-05-24 23:10:46.380983',1,0,'G'),
(11,'pbkdf2_sha256$36000$nIIQabeZkrz8$HMyad1OpPM6dv0aLZnmcMpl0zLccjTh7863SGgouGYE=','102@qq.com','2017-05-25','justin',NULL,'2017-05-24 23:11:14.931369',1,'2017-05-24 23:11:14.931369',1,0,'B'),
(12,'pbkdf2_sha256$36000$PfzT1ybirFdz$Gl6nJzLoQqgm2JAcRmMrY76v+7DIlLPpDSFOl2pCucI=','105@qq.com','2017-05-25','britney',NULL,'2017-05-24 23:11:42.556081',1,'2017-05-24 23:11:42.556081',1,0,'G'),
(13,'pbkdf2_sha256$36000$bv9PJlhmAVsw$K0BT/VhUKHIHnFCVWiOCdlZVKiFLqYwt4T9SYataHbk=','106@qq.com','2017-05-26','duncan',NULL,'2017-05-25 23:48:26.265826',1,'2017-05-25 23:48:26.265826',1,0,'U'),
(14,'pbkdf2_sha256$36000$O1SHs7RhqDuj$7e3fjN3QF5Zg2fXGtiA7JKk4rZgNL3YGnFkCArvn8v4=','107@qq.com',NULL,'harden',NULL,'2017-05-25 23:48:52.344325',1,'2017-05-25 23:48:52.344325',1,0,'U'),
(15,'pbkdf2_sha256$36000$t13KI0lHpi99$NP9NQMoNU0Xl3mMm/C7+DsfdU6sBfzgDzqYaEREBJWY=','108@qq.com','2017-05-26','beverley',NULL,'2017-05-25 23:49:16.156523',1,'2017-05-25 23:49:16.156523',1,0,'U');

/*Table structure for table `auth_group` */

DROP TABLE IF EXISTS `auth_group`;

CREATE TABLE `auth_group` (
  `id` int(11) NOT NULL AUTO_INCREMENT,
  `name` varchar(80) NOT NULL,
  PRIMARY KEY (`id`),
  UNIQUE KEY `name` (`name`)
) ENGINE=InnoDB DEFAULT CHARSET=utf8;

/*Data for the table `auth_group` */

/*Table structure for table `auth_group_permissions` */

DROP TABLE IF EXISTS `auth_group_permissions`;

CREATE TABLE `auth_group_permissions` (
  `id` int(11) NOT NULL AUTO_INCREMENT,
  `group_id` int(11) NOT NULL,
  `permission_id` int(11) NOT NULL,
  PRIMARY KEY (`id`),
  UNIQUE KEY `auth_group_permissions_group_id_permission_id_0cd325b0_uniq` (`group_id`,`permission_id`),
  KEY `auth_group_permissio_permission_id_84c5c92e_fk_auth_perm` (`permission_id`),
  CONSTRAINT `auth_group_permissio_permission_id_84c5c92e_fk_auth_perm` FOREIGN KEY (`permission_id`) REFERENCES `auth_permission` (`id`),
  CONSTRAINT `auth_group_permissions_group_id_b120cbf9_fk_auth_group_id` FOREIGN KEY (`group_id`) REFERENCES `auth_group` (`id`)
) ENGINE=InnoDB DEFAULT CHARSET=utf8;

/*Data for the table `auth_group_permissions` */

/*Table structure for table `auth_permission` */

DROP TABLE IF EXISTS `auth_permission`;

CREATE TABLE `auth_permission` (
  `id` int(11) NOT NULL AUTO_INCREMENT,
  `name` varchar(255) NOT NULL,
  `content_type_id` int(11) NOT NULL,
  `codename` varchar(100) NOT NULL,
  PRIMARY KEY (`id`),
  UNIQUE KEY `auth_permission_content_type_id_codename_01ab375a_uniq` (`content_type_id`,`codename`),
  CONSTRAINT `auth_permission_content_type_id_2f476e4b_fk_django_co` FOREIGN KEY (`content_type_id`) REFERENCES `django_content_type` (`id`)
) ENGINE=InnoDB AUTO_INCREMENT=55 DEFAULT CHARSET=utf8;

/*Data for the table `auth_permission` */

insert  into `auth_permission`(`id`,`name`,`content_type_id`,`codename`) values 
(1,'Can add log entry',1,'add_logentry'),
(2,'Can change log entry',1,'change_logentry'),
(3,'Can delete log entry',1,'delete_logentry'),
(4,'Can add group',2,'add_group'),
(5,'Can change group',2,'change_group'),
(6,'Can delete group',2,'delete_group'),
(7,'Can add permission',3,'add_permission'),
(8,'Can change permission',3,'change_permission'),
(9,'Can delete permission',3,'delete_permission'),
(10,'Can add content type',4,'add_contenttype'),
(11,'Can change content type',4,'change_contenttype'),
(12,'Can delete content type',4,'delete_contenttype'),
(13,'Can add session',5,'add_session'),
(14,'Can change session',5,'change_session'),
(15,'Can delete session',5,'delete_session'),
(16,'Can add my user',6,'add_myuser'),
(17,'Can change my user',6,'change_myuser'),
(18,'Can delete my user',6,'delete_myuser'),
(19,'Can add director',8,'add_director'),
(20,'Can change director',8,'change_director'),
(21,'Can delete director',8,'delete_director'),
(25,'Can add drama',7,'add_drama'),
(26,'Can change drama',7,'change_drama'),
(27,'Can delete drama',7,'delete_drama'),
(31,'Can add drama type',11,'add_dramatype'),
(32,'Can change drama type',11,'change_dramatype'),
(33,'Can delete drama type',11,'delete_dramatype'),
(34,'Can add comment',12,'add_comment'),
(35,'Can change comment',12,'change_comment'),
(36,'Can delete comment',12,'delete_comment'),
(37,'Can add comment reply',13,'add_commentreply'),
(38,'Can change comment reply',13,'change_commentreply'),
(39,'Can delete comment reply',13,'delete_commentreply'),
(40,'Can add comment likes',14,'add_commentlikes'),
(41,'Can change comment likes',14,'change_commentlikes'),
(42,'Can delete comment likes',14,'delete_commentlikes'),
(43,'Can add review',15,'add_review'),
(44,'Can change review',15,'change_review'),
(45,'Can delete review',15,'delete_review'),
(46,'Can add review likes',16,'add_reviewlikes'),
(47,'Can change review likes',16,'change_reviewlikes'),
(48,'Can delete review likes',16,'delete_reviewlikes'),
(49,'Can add review comment',17,'add_reviewcomment'),
(50,'Can change review comment',17,'change_reviewcomment'),
(51,'Can delete review comment',17,'delete_reviewcomment'),
(52,'Can add cast',18,'add_cast'),
(53,'Can change cast',18,'change_cast'),
(54,'Can delete cast',18,'delete_cast');

/*Table structure for table `django_admin_log` */

DROP TABLE IF EXISTS `django_admin_log`;

CREATE TABLE `django_admin_log` (
  `id` int(11) NOT NULL AUTO_INCREMENT,
  `action_time` datetime(6) NOT NULL,
  `object_id` longtext,
  `object_repr` varchar(200) NOT NULL,
  `action_flag` smallint(5) unsigned NOT NULL,
  `change_message` longtext NOT NULL,
  `content_type_id` int(11) DEFAULT NULL,
  `user_id` int(11) NOT NULL,
  PRIMARY KEY (`id`),
  KEY `django_admin_log_content_type_id_c4bce8eb_fk_django_co` (`content_type_id`),
  KEY `django_admin_log_user_id_c564eba6_fk_accounts_myuser_id` (`user_id`),
  CONSTRAINT `django_admin_log_content_type_id_c4bce8eb_fk_django_co` FOREIGN KEY (`content_type_id`) REFERENCES `django_content_type` (`id`),
  CONSTRAINT `django_admin_log_user_id_c564eba6_fk_accounts_myuser_id` FOREIGN KEY (`user_id`) REFERENCES `accounts_myuser` (`id`)
) ENGINE=InnoDB AUTO_INCREMENT=43 DEFAULT CHARSET=utf8;

/*Data for the table `django_admin_log` */

insert  into `django_admin_log`(`id`,`action_time`,`object_id`,`object_repr`,`action_flag`,`change_message`,`content_type_id`,`user_id`) values 
(1,'2017-05-06 07:59:43.902923','2','333@ww.com',1,'[{\"added\": {}}]',6,1),
(2,'2017-05-06 07:59:59.988843','2','333@ww.com',2,'[{\"changed\": {\"fields\": [\"introduction\"]}}]',6,1),
(3,'2017-05-06 08:00:06.465214','2','333@ww.com',2,'[{\"changed\": {\"fields\": [\"introduction\"]}}]',6,1),
(4,'2017-05-06 09:32:25.838048','1','低俗怪谈 / 英国恐怖故事',1,'[{\"added\": {}}]',7,1),
(5,'2017-05-06 09:37:44.959300','1','剧情',1,'[{\"added\": {}}]',11,1),
(6,'2017-05-06 09:37:53.636797','2','恐怖',1,'[{\"added\": {}}]',11,1),
(7,'2017-05-06 09:38:05.911499','1','低俗怪谈 / 英国恐怖故事 : 剧情',1,'[{\"added\": {}}]',NULL,1),
(8,'2017-05-06 09:38:09.237689','2','低俗怪谈 / 英国恐怖故事 : 恐怖',1,'[{\"added\": {}}]',NULL,1),
(9,'2017-05-06 09:38:35.665201','1','低俗怪谈 / 英国恐怖故事 : 约翰·洛根 John Logan',1,'[{\"added\": {}}]',NULL,1),
(10,'2017-05-06 09:41:01.732555','1','Comment object',1,'[{\"added\": {}}]',12,1),
(11,'2017-05-06 09:48:22.104743','1','333@ww.com:英恐剧情解析',1,'[{\"added\": {}}]',13,1),
(12,'2017-05-06 09:48:34.792469','1','333@ww.com:英恐剧情解析',1,'[{\"added\": {}}]',14,1),
(13,'2017-05-06 09:48:38.967708','2','lee@qq.com:英恐剧情解析',1,'[{\"added\": {}}]',14,1),
(14,'2017-05-07 01:31:27.925985','1','Review object',2,'[{\"changed\": {\"fields\": [\"title\"]}}]',15,1),
(15,'2017-05-07 02:14:21.855206','1','低俗怪谈 / 英国恐怖故事',2,'[]',7,1),
(16,'2017-05-07 02:14:27.562532','1','低俗怪谈 / 英国恐怖故事',2,'[]',7,1),
(17,'2017-05-07 02:17:35.166262','1','低俗怪谈 / 英国恐怖故事',2,'[]',7,1),
(18,'2017-05-08 01:18:34.983064','1','',2,'[{\"changed\": {\"fields\": [\"title_cn\"]}}]',7,1),
(19,'2017-05-08 01:18:59.091308','1','低俗怪谈 / 英国恐怖故事',2,'[{\"changed\": {\"fields\": [\"title_cn\"]}}]',7,1),
(20,'2017-05-09 02:49:27.996218','3','超女，我的爱',1,'[{\"added\": {}}]',15,1),
(21,'2017-05-09 02:50:40.558368','4','超女颜值逆天',1,'[{\"added\": {}}]',15,1),
(22,'2017-05-09 02:51:05.519796','2','bauer:超女颜值逆天',1,'[{\"added\": {}}]',17,1),
(23,'2017-05-09 02:51:29.549170','3','bauer:超女颜值逆天',1,'[{\"added\": {}}]',17,1),
(24,'2017-05-09 02:51:43.726981','4','bauer:超女，我的爱',1,'[{\"added\": {}}]',17,1),
(25,'2017-05-11 09:11:04.330085','3','333@qq.com',1,'[{\"added\": {}}]',6,1),
(26,'2017-05-11 09:11:11.871517','3','333@qq.com',3,'',6,1),
(27,'2017-05-13 23:31:08.991065','1','lee@qq.com',2,'[{\"changed\": {\"fields\": [\"sex\", \"introduction\"]}}]',6,1),
(28,'2017-05-13 23:31:53.037584','1','lee@qq.com',2,'[{\"changed\": {\"fields\": [\"date_of_birth\"]}}]',6,1),
(29,'2017-05-13 23:32:02.970951','2','333@ww.com',2,'[{\"changed\": {\"fields\": [\"sex\", \"date_of_birth\"]}}]',6,1),
(30,'2017-05-24 23:10:14.599383','9','100@qq.com',1,'[{\"added\": {}}]',6,1),
(31,'2017-05-24 23:10:25.967567','9','100@qq.com',2,'[{\"changed\": {\"fields\": [\"sex\", \"date_of_birth\"]}}]',6,1),
(32,'2017-05-24 23:10:46.416985','10','101@qq.com',1,'[{\"added\": {}}]',6,1),
(33,'2017-05-24 23:10:50.731081','10','101@qq.com',2,'[{\"changed\": {\"fields\": [\"sex\", \"date_of_birth\"]}}]',6,1),
(34,'2017-05-24 23:11:14.962370','11','102@qq.com',1,'[{\"added\": {}}]',6,1),
(35,'2017-05-24 23:11:19.779488','11','102@qq.com',2,'[{\"changed\": {\"fields\": [\"sex\", \"date_of_birth\"]}}]',6,1),
(36,'2017-05-24 23:11:42.592083','12','105@qq.com',1,'[{\"added\": {}}]',6,1),
(37,'2017-05-24 23:11:47.351191','12','105@qq.com',2,'[{\"changed\": {\"fields\": [\"sex\", \"date_of_birth\"]}}]',6,1),
(38,'2017-05-25 23:48:26.324829','13','106@qq.com',1,'[{\"added\": {}}]',6,1),
(39,'2017-05-25 23:48:30.448953','13','106@qq.com',2,'[{\"changed\": {\"fields\": [\"date_of_birth\"]}}]',6,1),
(40,'2017-05-25 23:48:52.378327','14','107@qq.com',1,'[{\"added\": {}}]',6,1),
(41,'2017-05-25 23:49:16.189525','15','108@qq.com',1,'[{\"added\": {}}]',6,1),
(42,'2017-05-25 23:49:20.497606','15','108@qq.com',2,'[{\"changed\": {\"fields\": [\"date_of_birth\"]}}]',6,1);

/*Table structure for table `django_content_type` */

DROP TABLE IF EXISTS `django_content_type`;

CREATE TABLE `django_content_type` (
  `id` int(11) NOT NULL AUTO_INCREMENT,
  `app_label` varchar(100) NOT NULL,
  `model` varchar(100) NOT NULL,
  PRIMARY KEY (`id`),
  UNIQUE KEY `django_content_type_app_label_model_76bd3d3b_uniq` (`app_label`,`model`)
) ENGINE=InnoDB AUTO_INCREMENT=19 DEFAULT CHARSET=utf8;

/*Data for the table `django_content_type` */

insert  into `django_content_type`(`id`,`app_label`,`model`) values 
(6,'accounts','myuser'),
(1,'admin','logentry'),
(2,'auth','group'),
(3,'auth','permission'),
(12,'comments','comment'),
(14,'comments','commentlikes'),
(13,'comments','commentreply'),
(4,'contenttypes','contenttype'),
(18,'meiju','cast'),
(8,'meiju','director'),
(7,'meiju','drama'),
(11,'meiju','dramatype'),
(15,'reviews','review'),
(17,'reviews','reviewcomment'),
(16,'reviews','reviewlikes'),
(5,'sessions','session');

/*Table structure for table `django_migrations` */

DROP TABLE IF EXISTS `django_migrations`;

CREATE TABLE `django_migrations` (
  `id` int(11) NOT NULL AUTO_INCREMENT,
  `app` varchar(255) NOT NULL,
  `name` varchar(255) NOT NULL,
  `applied` datetime(6) NOT NULL,
  PRIMARY KEY (`id`)
) ENGINE=InnoDB AUTO_INCREMENT=51 DEFAULT CHARSET=utf8;

/*Data for the table `django_migrations` */

insert  into `django_migrations`(`id`,`app`,`name`,`applied`) values 
(1,'accounts','0001_initial','2017-05-06 07:57:56.909804'),
(2,'contenttypes','0001_initial','2017-05-06 07:57:57.579842'),
(3,'admin','0001_initial','2017-05-06 07:57:59.523953'),
(4,'admin','0002_logentry_remove_auto_add','2017-05-06 07:57:59.568956'),
(5,'contenttypes','0002_remove_content_type_name','2017-05-06 07:58:00.701020'),
(6,'auth','0001_initial','2017-05-06 07:58:06.021325'),
(7,'auth','0002_alter_permission_name_max_length','2017-05-06 07:58:07.562413'),
(8,'auth','0003_alter_user_email_max_length','2017-05-06 07:58:07.667419'),
(9,'auth','0004_alter_user_username_opts','2017-05-06 07:58:07.730422'),
(10,'auth','0005_alter_user_last_login_null','2017-05-06 07:58:07.795426'),
(11,'auth','0006_require_contenttypes_0002','2017-05-06 07:58:07.838429'),
(12,'auth','0007_alter_validators_add_error_messages','2017-05-06 07:58:07.909433'),
(13,'auth','0008_alter_user_username_max_length','2017-05-06 07:58:07.953435'),
(14,'sessions','0001_initial','2017-05-06 07:58:09.262510'),
(15,'meiju','0001_initial','2017-05-06 08:04:48.060320'),
(16,'meiju','0002_auto_20170506_1608','2017-05-06 08:08:50.546189'),
(17,'comments','0001_initial','2017-05-06 08:29:10.527968'),
(18,'comments','0002_commentlikes_commentreply','2017-05-06 08:48:36.423654'),
(19,'meiju','0003_auto_20170506_1658','2017-05-06 08:58:43.393370'),
(20,'reviews','0001_initial','2017-05-07 01:19:43.432690'),
(21,'reviews','0002_commentlikes_commentreply','2017-05-07 01:19:49.711050'),
(22,'reviews','0003_auto_20170507_0919','2017-05-07 01:20:04.714908'),
(23,'reviews','0004_auto_20170507_0921','2017-05-07 01:21:50.746972'),
(24,'reviews','0005_auto_20170507_0922','2017-05-07 01:22:41.453873'),
(25,'reviews','0006_auto_20170507_0925','2017-05-07 01:25:11.313444'),
(26,'reviews','0007_auto_20170507_0929','2017-05-07 01:29:36.400606'),
(27,'meiju','0004_auto_20170507_1004','2017-05-07 02:12:58.203421'),
(28,'meiju','0005_auto_20170507_1016','2017-05-07 02:16:52.229806'),
(29,'meiju','0006_auto_20170507_1020','2017-05-07 02:20:20.261705'),
(30,'meiju','0007_auto_20170508_0914','2017-05-08 01:14:27.380902'),
(31,'meiju','0008_auto_20170508_0933','2017-05-08 01:34:08.142303'),
(32,'meiju','0009_auto_20170508_1915','2017-05-08 11:16:19.807662'),
(33,'meiju','0010_auto_20170508_2008','2017-05-08 12:08:57.241257'),
(34,'meiju','0011_remove_drama_pubdate','2017-05-08 12:11:32.882159'),
(35,'meiju','0012_auto_20170508_2019','2017-05-08 12:19:50.430617'),
(36,'meiju','0013_remove_drama_duration','2017-05-08 14:35:03.263645'),
(37,'meiju','0014_remove_drama_website','2017-05-08 15:01:54.146782'),
(38,'meiju','0015_auto_20170509_0935','2017-05-09 01:36:01.076156'),
(39,'reviews','0008_auto_20170509_1812','2017-05-09 10:13:12.209275'),
(40,'meiju','0016_auto_20170509_1935','2017-05-09 11:36:07.367838'),
(41,'accounts','0002_auto_20170514_0725','2017-05-13 23:28:30.095572'),
(42,'accounts','0003_auto_20170515_2152','2017-05-15 13:52:31.788594'),
(43,'accounts','0004_auto_20170518_1244','2017-05-18 04:45:04.354061'),
(44,'reviews','0009_auto_20170523_1005','2017-05-23 02:05:30.285985'),
(45,'reviews','0010_auto_20170523_1013','2017-05-23 02:13:17.243694'),
(46,'reviews','0011_auto_20170524_2126','2017-05-24 13:26:29.687822'),
(47,'reviews','0012_review_is_watched','2017-05-27 00:21:15.800177'),
(48,'reviews','0013_auto_20170527_0825','2017-05-27 00:25:05.557081'),
(49,'reviews','0014_auto_20170527_0846','2017-05-27 00:46:48.729465'),
(50,'reviews','0015_auto_20170527_1344','2017-05-27 05:44:26.040603');

/*Table structure for table `django_session` */

DROP TABLE IF EXISTS `django_session`;

CREATE TABLE `django_session` (
  `session_key` varchar(40) NOT NULL,
  `session_data` longtext NOT NULL,
  `expire_date` datetime(6) NOT NULL,
  PRIMARY KEY (`session_key`),
  KEY `django_session_expire_date_a5c62663` (`expire_date`)
) ENGINE=InnoDB DEFAULT CHARSET=utf8;

/*Data for the table `django_session` */

insert  into `django_session`(`session_key`,`session_data`,`expire_date`) values 
('3mlvdi67sbhtcaqp44kjjzv7dlo3lp16','OGQ1NDczMTMzNTM1MjRlMTAwNjAxNjk3NWJlMDUzYjZlYWI1MTM1MTp7Il9hdXRoX3VzZXJfaWQiOiIyIiwiX2F1dGhfdXNlcl9oYXNoIjoiNzZlZjExN2Q4MjAyNzAyZWZiYzlhMjM5MTViNzI1YzY0ZWI1OTg2OCIsIl9hdXRoX3VzZXJfYmFja2VuZCI6ImRqYW5nby5jb250cmliLmF1dGguYmFja2VuZHMuTW9kZWxCYWNrZW5kIn0=','2017-06-09 05:43:44.190610'),
('5fl2gyhmy8fl02o48akm3h8k0iecc5sp','ZmY4MGFiMWIwNzc4OWVmZTcyZmY4MDNjMjllOWMwOWMyN2U1MDQzODp7fQ==','2017-05-28 04:19:20.535893'),
('n0re1ijmkjlgkxlj4bidw0jhwzg6ofdp','YmNjNGMxOWRhYjVhNjRmZWNiMmNiNGQyODc0YjVjY2VjMGM4OWIyMTp7Il9hdXRoX3VzZXJfYmFja2VuZCI6ImRqYW5nby5jb250cmliLmF1dGguYmFja2VuZHMuTW9kZWxCYWNrZW5kIiwiX2F1dGhfdXNlcl9pZCI6IjEiLCJfYXV0aF91c2VyX2hhc2giOiI1NjQ4Y2M0OGYzM2M3YmE0Njk3YTI5NzYwNTk4YzU4OGRmMGFkNzFlIn0=','2017-06-04 00:11:52.777240');

/*Table structure for table `meiju_cast` */

DROP TABLE IF EXISTS `meiju_cast`;

CREATE TABLE `meiju_cast` (
  `id` int(11) NOT NULL AUTO_INCREMENT,
  `name` varchar(200) NOT NULL,
  `drama_id` int(11) NOT NULL,
  PRIMARY KEY (`id`),
  KEY `meiju_cast_drama_id_aa526211_fk_meiju_drama_id` (`drama_id`),
  CONSTRAINT `meiju_cast_drama_id_aa526211_fk_meiju_drama_id` FOREIGN KEY (`drama_id`) REFERENCES `meiju_drama` (`id`)
) ENGINE=InnoDB AUTO_INCREMENT=1310 DEFAULT CHARSET=utf8;

/*Data for the table `meiju_cast` */

insert  into `meiju_cast`(`id`,`name`,`drama_id`) values 
(1,'菲丽西提·霍夫曼',26384765),
(2,'蒂莫西·赫顿',26384765),
(3,'莉莉·泰勒',26384765),
(4,'埃尔维斯·诺拉斯科',26384765),
(5,'艾比·雅各布森',26319160),
(6,'伊拉纳·格雷泽',26319160),
(7,'辛西娅·尼克松',26319160),
(8,'威廉·夏特纳',6360305),
(9,'伦纳德·尼莫伊',6360305),
(10,'德福雷斯特·凯利',6360305),
(11,'Marj Dusay',6360305),
(12,'杰西·斯宾塞',24530468),
(13,'泰勒·金尼',24530468),
(14,'查理·班尼特',24530468),
(15,'莫妮卡·雷蒙德',24530468),
(16,'阿伦·阿尔达',4106646),
(17,'克里斯汀·肯诺恩斯',4106646),
(18,'吉米·斯密茨',4106646),
(19,'马丁·辛',4106646),
(20,'Ashleigh Ball',6724972),
(21,'Claire Corlett',6724972),
(22,'Michelle Creber',6724972),
(23,'大卫·哈塞尔霍夫',1459021),
(24,'理查德·贝斯哈特',1459021),
(25,'Rebecca Holden',1459021),
(26,'Edward Mulhare',1459021),
(27,'Jerry Seinfeld',4203806),
(28,'茱莉亚·路易斯-德瑞弗斯 Julia Louis-Dreyfus',4203806),
(29,'迈克尔·理查兹',4203806),
(30,'Jason Alexander',4203806),
(31,'丹尼尔·海尼',26385606),
(32,'加里·西尼斯',26385606),
(33,'泰勒·詹姆斯·威廉姆',26385606),
(34,'Mark Simich',10767510),
(35,'肖恩·道格拉斯',10767510),
(36,'米尔塔·米切尔',10767510),
(37,'Michael Bell',1440937),
(38,'Corey Burton',1440937),
(39,'Victor Caroli',1440937),
(40,'Scatman Crothers',1440937),
(41,'唐·亚当斯',4890997),
(42,'芭芭拉·费尔顿',4890997),
(43,'爱德华·普拉特',4890997),
(44,'Richard Gautier',4890997),
(45,'比利·鲍伯·松顿',26436652),
(46,'威廉·赫特',26436652),
(47,'玛丽亚·贝罗',26436652),
(48,'奥莉薇·瑟尔比',26436652),
(49,'迪伦·沃尔什',4097348),
(50,'朱利安·麦克马洪',4097348),
(51,'乔莉·理查德森',4097348),
(52,'罗丝·麦克莱弗',26384174),
(53,'罗伯特·伯克利',26384174),
(54,'马尔科姆·古德温',26384174),
(55,'拉胡尔·寇利',26384174),
(56,'Chadwick Pelletier',2091938),
(57,'丽塔·莫雷诺',2091938),
(58,'斯科特·门维尔',2091938),
(59,'威尔·福特',26363228),
(60,'克里斯汀·沙尔',26363228),
(61,'杰森·苏戴奇斯',26363228),
(62,'梅尔·罗德里格斯',26363228),
(63,'梅莉莎·班诺伊',26792305),
(64,'泰勒·霍奇林',26792305),
(65,'麦卡德·布鲁克斯',26792305),
(66,'凯乐·利',26792305),
(67,'奥斯汀·巴特勒',3078582),
(68,'帕皮·德雷顿',3078582),
(69,'伊万娜·巴克罗',3078582),
(70,'马努·贝内特',3078582),
(71,'Goran Visnjic',1301411),
(72,'毛拉·蒂尔内',1301411),
(73,'梅奇·费法',1301411),
(74,'雪莉·斯蒂琳费尔德',1301411),
(75,'埃里克·迪恩',26597902),
(76,'亚当·鲍德温',26597902),
(77,'罗娜·迈特拉',26597902),
(78,'拉莫尼卡·加瑞特',26597902),
(79,'汤姆·莱利',25885184),
(80,'劳拉·哈德克',25885184),
(81,'艾略特·科万',25885184),
(82,'格雷格·奇林',25885184),
(83,'凯丽·拉塞尔',1418614),
(84,'斯考特·佛雷',1418614),
(85,'斯科特·斯比德曼',1418614),
(86,'格雷戈·格伦伯格',1418614),
(87,'卢卡斯·内夫',21963179),
(88,'珊农·沃德华德',21963179),
(89,'玛莎·普林顿',21963179),
(90,'加瑞特·迪拉胡特',21963179),
(91,'Vincent Martella',3601183),
(92,'Thomas Sangster',3601183),
(93,'Jeff \'Swampy\' Marsh',3601183),
(94,'Dan Povenmire',3601183),
(95,'Logan Grove',11516534),
(96,'Kwesi Boakye',11516534),
(97,'Kyla Rae Kowalewski',11516534),
(98,'Teresa Gallagher',11516534),
(99,'海莉·阿特维尔',26384783),
(100,'詹姆斯·达西',26384783),
(101,'安维尔·乔卡亚',26384783),
(102,'查德·迈克尔·墨瑞',26384783),
(103,'詹姆斯·斯派德',26681978),
(104,'梅根·布恩',26681978),
(105,'迪亚哥·克莱特霍夫',26681978),
(106,'瑞安·艾戈尔德',26681978),
(107,'詹妮弗·莫里森',26384761),
(108,'拉娜·帕瑞娅',26384761),
(109,'金妮弗·古德温',26384761),
(110,'乔希·达拉斯',26384761),
(111,'盖布瑞·马赫特',26436601),
(112,'帕特里克·J·亚当斯',26436601),
(113,'里克·霍夫曼',26436601),
(114,'梅格汉·马克尔',26436601),
(115,'克里斯汀·沙尔',21485010),
(116,'杰森·雷特',21485010),
(117,'亚历克斯·赫什',21485010),
(118,'琳达·卡德里尼',21485010),
(119,'德鲁·巴里摩尔',26754624),
(120,'蒂莫西·奥利芬特',26754624),
(121,'丽芙·休森',26754624),
(122,'斯凯勒·吉桑多',26754624),
(123,'朱丽安娜· 玛格丽丝',26387804),
(124,'克里斯汀·芭伦斯基',26387804),
(125,'艾伦·卡明',26387804),
(126,'马特·朱克瑞',26387804),
(127,'布莱恩·科兰斯顿',6952149),
(128,'亚伦·保尔',6952149),
(129,'安娜·冈',6952149),
(130,'迪恩·诺里斯',6952149),
(131,'史蒂文·斯崔特',26675245),
(132,'托马斯·简',26675245),
(133,'索瑞·安达斯鲁',26675245),
(134,'多米尼克·蒂珀',26675245),
(135,'克莱尔·芙伊',26427152),
(136,'马特·史密斯',26427152),
(137,'约翰·利特高',26427152),
(138,'凡妮莎·柯比',26427152),
(139,'科林·法瑞尔',25837700),
(140,'泰勒·克奇',25837700),
(141,'瑞秋·麦克亚当斯',25837700),
(142,'文斯·沃恩',25837700),
(143,'艾德·奥尼尔',26740396),
(144,'索菲娅·维加拉',26740396),
(145,'朱丽·鲍温',26740396),
(146,'泰·布利尔',26740396),
(147,'詹妮弗·安妮斯顿',3286552),
(148,'柯特妮·考克斯',3286552),
(149,'丽莎·库卓',3286552),
(150,'马特·勒布朗',3286552),
(151,'麦茜·威廉姆斯',25862357),
(152,'艾米莉亚·克拉克',25862357),
(153,'伊萨克·亨普斯特德-怀特',25862357),
(154,'斯蒂芬·迪兰',25862357),
(155,'克拉克·格雷格',26740391),
(156,'温明娜',26740391),
(157,'汪可盈',26740391),
(158,'伊恩·德·卡斯泰克',26740391),
(159,'莉娜·邓纳姆',26702166),
(160,'艾莉森·威廉姆斯',26702166),
(161,'杰米玛·科克',26702166),
(162,'佐莎·马梅特',26702166),
(163,'乔·曼特纳',26788025),
(164,'马修·格雷·古柏勒',26788025),
(165,'A·J·库克',26788025),
(166,'克斯汀·范奈丝',26788025),
(167,'维奥拉·戴维斯',26740389),
(168,'比利·布朗',26740389),
(169,'阿尔弗雷德·伊诺奇',26740389),
(170,'杰克·法拉赫',26740389),
(171,'伊利亚·伍德',26705560),
(172,'塞缪尔·巴奈特',26705560),
(173,'克里斯塔·巴科',26705560),
(174,'小尼尔·布朗',26705560),
(175,'艾伦·旁派',26740388),
(176,'贾斯汀·钱伯斯',26740388),
(177,'钱德拉·威尔森',26740388),
(178,'小詹姆斯·皮肯斯',26740388),
(179,'薇诺娜·瑞德',26359270),
(180,'大卫·哈伯',26359270),
(181,'菲恩·伍法德',26359270),
(182,'米莉·波比·布朗',26359270),
(183,'艾迪·盖瑟吉',26717837),
(184,'奥特玛拉·马蕾罗',26717837),
(185,'马丁·弗瑞曼',26717837),
(186,'亚当·布罗迪',26717837),
(187,'布蕾克·莱弗利',10756709),
(188,'莉顿·梅斯特',10756709),
(189,'佩恩·拜德格雷',10756709),
(190,'切斯·克劳福',10756709),
(191,'寇瑞·斯托尔',26389455),
(192,'大卫·布拉德利',26389455),
(193,'米娅·梅斯特罗',26389455),
(194,'凯文·杜兰',26389455),
(195,'詹姆斯·甘多菲尼',2154324),
(196,'洛南·布雷科',2154324),
(197,'埃迪·法可',2154324),
(198,'吉米-林·辛格勒',2154324),
(199,'佩德罗·帕斯卡',26604456),
(200,'瓦格纳·马拉',26604456),
(201,'波伊德·霍布鲁克',26604456),
(202,'鲍琳娜·盖坦',26604456),
(203,'威尔·阿奈特',26581673),
(204,'艾米·塞德丽丝',26581673),
(205,'爱丽森·布里',26581673),
(206,'保罗·F·汤普金斯',26581673),
(207,'乔恩·哈姆',24859448),
(208,'伊丽莎白·莫斯',24859448),
(209,'文森特·卡塞瑟',24859448),
(210,'詹纽瑞·琼斯',24859448),
(211,'茱莉亚·路易斯-德瑞弗斯',26366493),
(212,'托尼·海尔',26366493),
(213,'安娜·克鲁姆斯基',26366493),
(214,'马特·沃尔什',26366493),
(215,'拉米·马雷克',26431328),
(216,'克里斯蒂安·史莱特',26431328),
(217,'卡莉·查肯',26431328),
(218,'格蕾丝·古默',26431328),
(219,'Jennie Mae Sweat',26269506),
(220,'Rob DenBleyker',26269506),
(221,'Dave McElfatrick',26269506),
(222,'艾伦·锡克',4074092),
(223,'乔安娜·科恩斯',4074092),
(224,'柯克·卡梅隆',4074092),
(225,'特里茜·古德',4074092),
(226,'因巴尔·拉维',26672659),
(227,'布莱恩·奔本',26672659),
(228,'凯瑟琳·拉·纳莎',26672659),
(229,'阿伦·道格拉斯',26672659),
(230,'凯尔·麦克拉克伦',3022764),
(231,'迈克尔·昂吉恩',3022764),
(232,'梅晨·阿米克',3022764),
(233,'达纳·艾希布鲁克',3022764),
(234,'弗莱迪·海默',26426150),
(235,'维拉·法米加',26426150),
(236,'内斯特·卡博内尔',26426150),
(237,'麦克斯·泰瑞奥',26426150),
(238,'杰夫·丹尼尔斯',25719291),
(239,'艾米莉·莫迪默',25719291),
(240,'艾丽森·皮尔',25719291),
(241,'小约翰·加拉赫',25719291),
(242,'吉姆·卡维泽',26387813),
(243,'迈克尔·爱默生',26387813),
(244,'艾米·阿克',26387813),
(245,'莎拉·夏希',26387813),
(246,'路易·C·K',25933360),
(247,'帕梅拉·阿德龙',25933360),
(248,'乌苏拉·帕克',25933360),
(249,'盖·布耐特',26684328),
(250,'珍妮弗·艾斯波西多',26684328),
(251,'勒内·大卫·伊弗拉',26684328),
(252,'乔舒亚·杰克逊',26684328),
(253,'Phil Matarese',26704444),
(254,'Mike Luciano',26704444),
(255,'Meghan O\'Neill',26704444),
(256,'凯蒂·阿赛尔顿',26704444),
(257,'凯文·史派西',26336281),
(258,'罗宾·怀特',26336281),
(259,'迈克尔·凯利',26336281),
(260,'德里克·塞西尔',26336281),
(261,'里兹·阿迈德',20558374),
(262,'比尔·坎普',20558374),
(263,'佩曼·莫阿迪',20558374),
(264,'约翰·特托罗',20558374),
(265,'克里斯·吉尔',26677985),
(266,'阿雅·卡什',26677985),
(267,'戴斯敏·博格斯',26677985),
(268,'凯瑟·多诺休',26677985),
(269,'凯文·麦克基德',2150463),
(270,'雷·史蒂文森',2150463),
(271,'波利·沃克',2150463),
(272,'凯瑞·康顿',2150463),
(273,'吴彦祖',26681980),
(274,'阿拉米斯·奈特',26681980),
(275,'欧拉·布莱蒂',26681980),
(276,'莎拉·伯格',26681980),
(277,'多米尼克·库珀',3269027),
(278,'鲁丝·内伽',3269027),
(279,'约瑟夫·吉尔根',3269027),
(280,'露西·格里菲思',3269027),
(281,'约瑟夫·摩根',26749114),
(282,'丹尼尔·吉里斯',26749114),
(283,'菲比·托金',26749114),
(284,'查尔斯·迈克尔·戴维斯',26749114),
(285,'米瑞·伊诺丝',25772602),
(286,'乔尔·金纳曼',25772602),
(287,'琼·艾伦',25772602),
(288,'格雷格·亨利',25772602),
(289,'基弗·萨瑟兰',26663628),
(290,'娜塔莎· 麦克艾霍恩',26663628),
(291,'阿丹·坎托',26663628),
(292,'伊塔莉·里奇',26663628),
(293,'克莱尔·丹妮丝',26684329),
(294,'鲁伯特·弗兰德',26684329),
(295,'曼迪·帕廷金',26684329),
(296,'罗伯特·克耐普',26684329),
(297,'凯特·戴琳斯',26758799),
(298,'贝丝·比厄',26758799),
(299,'加勒特·莫里斯',26758799),
(300,'乔纳森·克特',26758799),
(301,'斯蒂芬·阿梅尔',26749162),
(302,'大卫·莱姆希',26749162),
(303,'薇拉·贺兰德',26749162),
(304,'保罗·布莱克索恩',26749162),
(305,'安娜·托芙',10744409),
(306,'乔舒亚·杰克逊',10744409),
(307,'约翰·诺贝尔',10744409),
(308,'贾西卡·妮可',10744409),
(309,'盖·皮尔斯',26636273),
(310,'玛丽·露易斯·帕克',26636273),
(311,'瑞切尔·格里菲斯',26636273),
(312,'奥斯汀·麦肯齐',26636273),
(313,'威廉姆·H·梅西',26707767),
(314,'埃米·罗森',26707767),
(315,'伊森·卡特科斯基',26707767),
(316,'杰瑞米·艾伦·怀特',26707767),
(317,'爱德华·詹姆斯·奥莫斯',3581466),
(318,'吉米·巴姆博',3581466),
(319,'Aimee Carrero',26087497),
(320,'马洛里 詹森',26087497),
(321,'雷克斯·李',26087497),
(322,'艾米丽·奥斯蒙特',26087497),
(323,'Tom Welling',5295022),
(324,'Allison Mack',5295022),
(325,'Kristin Kreuk',5295022),
(326,'Michael Rosenbaum',5295022),
(327,'杰伊·巴鲁切尔',25825266),
(328,'埃里克·安德烈',25825266),
(329,'瓦妮莎·贝尔',25825266),
(330,'Britt Lower',25825266),
(331,'安吉·哈蒙',26734690),
(332,'萨莎·亚历山大',26734690),
(333,'约旦·布里奇斯',26734690),
(334,'布鲁斯·麦克吉尔',26734690),
(335,'基弗·萨瑟兰',10748073),
(336,'大卫·马祖',10748073),
(337,'博德希·埃夫曼',10748073),
(338,'多格雷·斯科特',26355630),
(339,'乔安娜·布拉迪',26355630),
(340,'杰克·麦克劳克林',26355630),
(341,'佩丽冉卡·曹帕拉',26355630),
(342,'Jonathan Rhys Meyers',4736542),
(343,'Henry Cavill',4736542),
(344,'Tamzin Merchant',4736542),
(345,'Andrew Lawrence',1795462),
(346,'Ashley Johnson',1795462),
(347,'Jason Davis',1795462),
(348,'弗朗基·穆尼兹',1777506),
(349,'贾斯汀·贝菲尔德',1777506),
(350,'克里斯托弗·马斯特森',1777506),
(351,'简·卡兹玛拉克',1777506),
(352,'丹妮卡·麦凯拉',10573811),
(353,'诺兰·诺斯',10573811),
(354,'Jason Spisak',10573811),
(355,'Cameron Bowen',10573811),
(356,'艾伦·扬',3058386),
(357,'杰瑞米·布雷特',1476269),
(358,'爱德华·哈德威克',1476269),
(359,'南茜·卡特莱特',2117911),
(360,'吉姆·库宁斯',2117911),
(361,'Corey Burton',2117911),
(362,'埃林·萨贝拉',2117911),
(363,'让-卢克·比洛多',26339794),
(364,'塔吉·莫里',26339794),
(365,'切尔西·斯特伯',26339794),
(366,'梅莉莎·彼得曼',26339794),
(367,'D·J·科特罗纳',25945125),
(368,'赞恩·霍尔茨',25945125),
(369,'艾莎·冈萨雷斯',25945125),
(370,'麦蒂森·达文波特',25945125),
(371,'帕翠西亚·希顿',24697586),
(372,'尼尔·福林',24697586),
(373,'查利·麦克德莫特',24697586),
(374,'爱登·舍尔',24697586),
(375,'Haley Reinhart',26580926),
(376,'比尔·伯尔',26580926),
(377,'劳拉·邓恩',26580926),
(378,'贾斯汀·朗',26580926),
(379,'迈克尔·尤瑞',10520453),
(380,'大卫·克鲁霍尔特兹',10520453),
(381,'索菲亚·布什',10520453),
(382,'布兰登·罗斯',10520453),
(383,'蒂姆·罗斯',4848610),
(384,'凯利·威廉姆斯',4848610),
(385,'布伦丹·海因斯',4848610),
(386,'莫妮卡·雷蒙德',4848610),
(387,'安娜·法瑞丝',26758722),
(388,'威廉·菲德内尔',26758722),
(389,'艾莉森·珍妮',26758722),
(390,'马特·琼斯',26758722),
(391,'科里·霍金斯',26709459),
(392,'丹·布卡廷斯基',26709459),
(393,'安娜·迪奥普',26709459),
(394,'米兰达·奥图',26709459),
(395,'乔什·拉德诺',20470240),
(396,'尼尔·帕特里克·哈里斯',20470240),
(397,'杰森·席格尔',20470240),
(398,'寇碧·史莫德斯',20470240),
(399,'贾登·史密斯',26421342),
(400,'司盖兰·布鲁克斯',26421342),
(401,'吉安卡罗·埃斯波西托',26421342),
(402,'沙梅克·摩尔',26421342),
(403,'格兰特·古斯汀',26749151),
(404,'坎迪斯·帕顿',26749151),
(405,'丹妮尔·帕娜贝克',26749151),
(406,'卡洛斯·瓦尔德斯',26749151),
(407,'托比·斯蒂芬斯',26584127),
(408,'卢克·阿诺德',26584127),
(409,'汉娜·纽',26584127),
(410,'杰西卡·帕克·肯尼迪',26584127),
(411,'Sarah Jessica Parker',2153590),
(412,'Kim Cattrall',2153590),
(413,'Kristin Davis',2153590),
(414,'Cynthia Nixon',2153590),
(415,'休·劳瑞',6781992),
(416,'罗伯特·肖恩·莱纳德',6781992),
(417,'杰西·斯宾塞',6781992),
(418,'欧玛·艾普斯',6781992),
(419,'菲恩·琼斯',25769159),
(420,'杰西卡·亨维克',25769159),
(421,'杰西卡·斯特普',25769159),
(422,'汤姆·派福瑞',25769159),
(423,'兰道尔·朴',26740384),
(424,'吴恬敏',26740384),
(425,'杨升德',26740384),
(426,'福雷斯特·惠勒',26740384),
(427,'乔尔·麦克哈尔',25918302),
(428,'爱丽森·布里',25918302),
(429,'吉莉安·雅各布斯',25918302),
(430,'丹尼·朴迪',25918302),
(431,'约翰尼·李·米勒',26758757),
(432,'刘玉玲',26758757),
(433,'艾丹·奎因',26758757),
(434,'乔恩·迈克尔·希尔',26758757),
(435,'弗兰西斯·麦克多蒙德',24869254),
(436,'理查德·詹金斯',24869254),
(437,'小约翰·加拉赫',24869254),
(438,'佐伊·卡赞',24869254),
(439,'科林·迪恩',25941842),
(440,'伊利亚·伍德',25941842),
(441,'梅兰妮·林斯基',25941842),
(442,'史蒂夫·布西密',25735931),
(443,'凯莉·麦克唐纳',25735931),
(444,'迈克尔·珊农',25735931),
(445,'谢伊·惠格姆',25735931),
(446,'嘉玛·陈',26584103),
(447,'凯瑟琳·帕金森',26584103),
(448,'科林·摩根',26584103),
(449,'山姆·帕莱迪奥',26584103),
(450,'裴斗娜',26588239),
(451,'杰米·克莱顿',26588239),
(452,'米格尔·安赫尔·西尔维斯特',26588239),
(453,'蒂娜·德赛',26588239),
(454,'伊万·麦克格雷格',26671380),
(455,'凯莉·库恩',26671380),
(456,'玛丽·伊丽莎白·温斯特德',26671380),
(457,'大卫·休里斯',26671380),
(458,'Zach Braff',4149192),
(459,'Sarah Chalke',4149192),
(460,'John C. McGinley',4149192),
(461,'鲁伯特·格林特',26779276),
(462,'多格雷·斯科特',26779276),
(463,'爱德·维斯特维克',26779276),
(464,'卢克·帕斯夸尼洛',26779276),
(465,'本·鲍尔',25966386),
(466,'杰克·曼纳巴特',25966386),
(467,'泰勒·弗伦奇',25966386),
(468,'凯莉·本西蒙',25966386),
(469,'贾德·帕达里克',26746532),
(470,'詹森·阿克斯',26746532),
(471,'本·麦肯锡',26752161),
(472,'罗宾·泰勒',26752161),
(473,'科里·迈克尔·史密斯',26752161),
(474,'莫蕾娜·巴卡林',26752161),
(475,'小野坂昌也',3326764),
(476,'藤原启治',3326764),
(477,'吉野裕行',3326764),
(478,'小林沙苗',3326764),
(479,'米歇尔·道克瑞',26636559),
(480,'胡安·迭戈·波托',26636559),
(481,'卢西亚·斯杜斯 ',26636559),
(482,'特里·金尼',26636559),
(483,'彼得·克劳斯',2153951),
(484,'劳伦·艾波罗丝',2153951),
(485,'弗莱迪·罗德里格兹',2153951),
(486,'迈克尔·C·豪尔',2153951),
(487,'泰勒·席林',26368466),
(488,'丹尼尔·布鲁克斯',26368466),
(489,'杰基·克鲁兹',26368466),
(490,'劳拉·普莱潘',26368466),
(491,'凯特琳·奥尔森',26724689),
(492,'索菲亚·布莱克-德埃利亚',26724689),
(493,'托马斯·巴布萨卡',26724689),
(494,'卡拉·吉门内斯',26724689),
(495,'保罗·韦斯利',26749102),
(496,'伊恩·萨默海尔德',26749102),
(497,'卡特琳娜·格兰厄姆',26749102),
(498,'坎迪丝·阿科拉',26749102),
(499,'杰里米·沙达',26419345),
(500,'约翰·迪·玛吉欧',26419345),
(501,'安德鲁·达利',26419345),
(502,'保罗·谢尔',26419345),
(503,'小库珀·古丁',26101233),
(504,'莎拉·保罗森',26101233),
(505,'大卫·休默',26101233),
(506,'约翰·特拉沃尔塔',26101233),
(507,'爱登·舍尔',26307362),
(508,'亚当·麦克阿瑟',26307362),
(509,'格蕾·德丽斯勒',26307362),
(510,'艾伦·图代克',26307362),
(511,'贾斯汀·塞洛克斯',25983865),
(512,'凯莉·库恩',25983865),
(513,'玛格丽特 库利',25983865),
(514,'雷吉娜·金',25983865),
(515,'迈克·乔吉',2150064),
(516,'凯茜·纳基麦',2150064),
(517,'帕梅拉·阿德龙',2150064),
(518,'布莱特妮·墨菲',2150064),
(519,'马修·福克斯',4018324),
(520,'乔什·哈洛威',4018324),
(521,'伊万杰琳·莉莉',4018324),
(522,'纳威恩·安德利维斯',4018324),
(523,'James Spader',3285421),
(524,'John Larroquette',3285421),
(525,'Christian Clemenson',3285421),
(526,'内森·菲利安',26384767),
(527,'斯坦娜·卡蒂克',26384767),
(528,'苏珊·沙利文',26384767),
(529,'乔·胡尔特拉斯',26384767),
(530,'多米尼克·威斯特',2393060),
(531,'雷格·E.凯蒂',2393060),
(532,'约翰·道曼',2393060),
(533,'艾丹·吉伦',2393060),
(534,'凯西·贝茨',26639161),
(535,'莎拉·保罗森',26639161),
(536,'小库珀·古丁',26639161),
(537,'莉莉·拉贝',26639161),
(538,'吉奥瓦尼·瑞比西',26336684),
(539,'马琳·爱尔兰',26336684),
(540,'肖恩·麦克雷',26336684),
(541,'莉碧·巴勒尔',26336684),
(542,'阿登·杨',25966206),
(543,'阿比盖尔·斯宾赛',25966206),
(544,'吉恩·史密斯-卡梅隆',25966206),
(545,'阿德莱德·克莱蒙丝',25966206),
(546,'麦斯·米科尔森',25884541),
(547,'休·丹西',25884541),
(548,'理查德·阿米蒂奇',25884541),
(549,'卡洛琳·达芙娜',25884541),
(550,'泰瑞·海切尔',6778677),
(551,'伊娃·朗格利亚',6778677),
(552,'玛西亚·克劳斯',6778677),
(553,'菲丽西提·霍夫曼',6778677),
(554,'麦克·辛',26590060),
(555,'丽兹·卡潘',26590060),
(556,'玛丽·伯德桑',26590060),
(557,'杰克·洛克特',26590060),
(558,'崔·帕克',26295868),
(559,'马特·斯通',26295868),
(560,'莫娜·马歇尔',26295868),
(561,'艾普尔·斯图瓦特',26295868),
(562,'丽莉·克亚芙',26290787),
(563,'保罗·斯帕克斯',26290787),
(564,'玛丽·莱恩·莱杰斯库',26290787),
(565,'亚历桑德拉·卡斯蒂略',26290787),
(566,'马修·阿特金森',5347185),
(567,'Rowly Dennis',5347185),
(568,'大卫·高德曼',5347185),
(569,'尼克·鲁',5347185),
(570,'克莱恩·克劳福德',26727322),
(571,'达蒙·韦恩斯',26727322),
(572,'查尔斯·贝克',26727322),
(573,'乔丹娜·布鲁斯特',26727322),
(574,'蒂娅·里欧妮',26758767),
(575,'蒂姆·达利',26758767),
(576,'基思·卡拉丹',26758767),
(577,'帕蒂纳·雷内亚·米勒',26758767),
(578,'基弗·萨瑟兰',4113335),
(579,'玛丽·莱恩·莱杰斯库',4113335),
(580,'鲍勃·冈顿',4113335),
(581,'保罗·韦斯利',4113335),
(582,'蒂姆·克里',1422340),
(583,'丹尼斯·克里斯托弗',1422340),
(584,'Richard Masur',1422340),
(585,'安妮特·奥图',1422340),
(586,'加布里埃尔·伯恩',5681960),
(587,'艾丽森·皮尔',5681960),
(588,'霍普·戴维斯',5681960),
(589,'黛安·韦斯特',5681960),
(590,'葛尔·哈罗德',4707570),
(591,'兰迪·哈里森',4707570),
(592,'哈尔·斯帕克斯',4707570),
(593,'汤姆·肯尼',6125441),
(594,'凯茜·卡瓦蒂妮',6125441),
(595,'伊丽莎白·戴利',6125441),
(596,'塔拉·斯特朗',6125441),
(597,'马特·波莫',25851740),
(598,'蒂姆·迪凯',25851740),
(599,'威利·加森',25851740),
(600,'蒂凡妮·西森',25851740),
(601,'连姆·麦肯泰尔',10781865),
(602,'马努·贝内特',10781865),
(603,'丹尼尔·弗雷里格尔',10781865),
(604,'帕纳·贺玛·泰勒',10781865),
(605,'查理·考克斯',26373110),
(606,'黛博拉·安沃尔',26373110),
(607,'埃尔登·汉森',26373110),
(608,'艾洛蒂·袁',26373110),
(609,'伊娃·格林',26426055),
(610,'乔什·哈奈特',26426055),
(611,'比莉·派佩',26426055),
(612,'哈里·崔德威',26426055),
(613,'吉莲·安德森',26352610),
(614,'大卫·杜楚尼',26352610),
(615,'安娜贝丝·吉什',26352610),
(616,'罗伯特·帕特里克',26352610),
(617,'汤姆·艾利斯',26768295),
(618,'劳伦·日尔曼',26768295),
(619,'D.B.伍德塞德',26768295),
(620,'莱斯丽-安·布莱德',26768295),
(621,'伊万娜·米利塞维奇',26326452),
(622,'安东尼·斯塔尔',26326452),
(623,'罗斯·布莱克维尔',26326452),
(624,'克里夫·欧文',25966208),
(625,'Arielle Goldman',25966208),
(626,'Rob Stats',25966208),
(627,'伊芙·休森',25966208),
(628,'伊莉萨·泰勒-科特尔',26302921),
(629,'鲍勃·莫雷',26302921),
(630,'玛莉·艾格洛蒲露丝',26302921),
(631,'托马斯·麦克唐纳',26302921),
(632,'艾丽·坎伯尔',25885402),
(633,'简·科拉克斯基',25885402),
(634,'Sara Chase',25885402),
(635,'Patrick Cooley',25885402),
(636,'劳拉·琳妮',19965491),
(637,'奥利弗·普莱特',19965491),
(638,'加布里埃尔·巴索',19965491),
(639,'约翰·本杰明·西基',19965491),
(640,'拉里·戴维',1428366),
(641,'杰夫·格尔林',1428366),
(642,'切瑞·海恩斯',1428366),
(643,'Susie Essman',1428366),
(644,'杰克·麦克道曼',26235527),
(645,'詹妮弗·卡朋特',26235527),
(646,'希尔·哈勃',26235527),
(647,'玛丽·伊丽莎白·马斯特兰托尼奥',26235527),
(648,'亚美莉卡·费雷拉',4030266),
(649,'埃里克·马比斯',4030266),
(650,'贝基·纽顿',4030266),
(651,'凡妮莎·威廉斯',4030266),
(652,'Joe Flanigan',4246575),
(653,'Rachel Luttrell',4246575),
(654,'David Hewlett',4246575),
(655,'Jason Momoa',4246575),
(656,'Steve Richard Harris',3533153),
(657,'卡穆琳·曼海姆',3533153),
(658,'詹姆斯·斯派德',3533153),
(659,'迈克尔·巴达鲁科',3533153),
(660,'罗伯特·泰勒',6803152),
(661,'凯缇·萨克霍夫',6803152),
(662,'Bailey Chase',6803152),
(663,'卡西迪·弗里曼',6803152),
(664,'马修·派瑞',25886392),
(665,'托马斯·列农',25886392),
(666,'林赛·斯隆',25886392),
(667,'乔治雅·金',25886392),
(668,'鲍勃·纽哈特',25958195),
(669,'克里斯蒂安·凯恩',25958195),
(670,'简·库丁',25958195),
(671,'约翰·金',25958195),
(672,'查理·汉纳姆',6558033),
(673,'凯特蕾·萨加尔',6558033),
(674,'玛姬·丝弗',6558033),
(675,'朗·普尔曼',6558033),
(676,'Lenny Venito',24697588),
(677,'西蒙·坦普曼',24697588),
(678,'杰米·格尔兹',24697588),
(679,'Toks Olagundoye',24697588),
(680,'詹姆斯·沃克',10512090),
(681,'西格妮·韦弗',10512090),
(682,'塞巴斯蒂安·斯坦',10512090),
(683,'迪伦·贝克',10512090),
(684,'Patricia Arquette',4944041),
(685,'Miguel Sandoval',4944041),
(686,'Sofia Vassilieva',4944041),
(687,'Clancy Brown',17658236),
(688,'Jim Cummings',17658236),
(689,'Tom Kane',17658236),
(690,'安妮·文特斯',24294236),
(691,'Anna Akana',24294236),
(692,'麦迪逊·贝蒂',24294236),
(693,'保罗·布莱克索恩',1959155),
(694,'瓦勒里·克鲁斯',1959155),
(695,'Rebecca McFarland',1959155),
(696,'康拉德·科茨',1959155),
(697,'林原惠美',1766532),
(698,'松本保典',1766532),
(699,'绿川光',1766532),
(700,'铃木真仁',1766532),
(701,'艾丽莎·杜什库',3882739),
(702,'塔莫·潘尼凯',3882739),
(703,'哈里·列尼斯',3882739),
(704,'弗兰·克朗茨',3882739),
(705,'法兰·德瑞雪',1419665),
(706,'查尔斯·肖内西',1419665),
(707,'萝伦·雷恩',1419665),
(708,'丹尼尔·戴维斯',1419665),
(709,'尼克·戈尔弗斯',26313005),
(710,'奥利弗·普莱特',26313005),
(711,'亚雅·达科斯塔',26313005),
(712,'埃帕莎·默克森',26313005),
(713,'赛斯·格林',1938109),
(714,'马修·森莱奇',1938109),
(715,'布瑞金·梅耶',1938109),
(716,'迈克尔·本耶尔',1938109),
(717,'迈克尔·库立兹',10733868),
(718,'肖恩·海托西',10733868),
(719,'雷吉娜·金',10733868),
(720,'本·麦肯锡',10733868),
(721,'克里斯蒂娜·里奇',5966527),
(722,'玛格特·罗比',5966527),
(723,'迈克尔·莫斯利',5966527),
(724,'卡琳·瓦纳斯',5966527),
(725,'蒂娜·菲',10788850),
(726,'亚历克·鲍德温',10788850),
(727,'Sarah Jones',5343164),
(728,'Jorge Garcia',5343164),
(729,'Santiago Cabrera',5343164),
(730,'Sam Neill',5343164),
(731,'大卫·卡罗素',6796123),
(732,'艾米丽·普格特',6796123),
(733,'亚当·罗德里格兹',6796123),
(734,'瑞克斯·林恩',6796123),
(735,'Don Messick ...  Scoobert \'Scooby\' Doo',2046454),
(736,'Casey Kasem ...  Norville \'Shaggy\' Rogers',2046454),
(737,'Frank Welker ...  Fred \'Freddy\' Jones',2046454),
(738,'Stefanianna Christopherson ...  Daphne Blake',2046454),
(739,'迈克尔·切鲁斯',25822687),
(740,'蕾切尔·布罗斯纳安',25822687),
(741,'克里斯托弗·邓汉',25822687),
(742,'卡佳·赫尔伯斯',25822687),
(743,'托弗·戈瑞斯',5975326),
(744,'米拉·库尼斯',5975326),
(745,'阿什顿·库彻',5975326),
(746,'丹尼·马斯特森',5975326),
(747,'科林·汉克斯',26339141),
(748,'贝琪·勃兰特',26339141),
(749,'詹姆斯·布洛林',26339141),
(750,'佐伊·利斯特·琼斯',26339141),
(751,'马特·勒布朗',1394180),
(752,'德瑞·德·玛泰',1394180),
(753,'安德利娅·安德斯',1394180),
(754,'保罗·卡斯坦佐',1394180),
(755,'约翰·利特高',6003088),
(756,'克莉丝汀·约翰斯顿',6003088),
(757,'French Stewart',6003088),
(758,'约瑟夫·高登-莱维特',6003088),
(759,'帕姬·布鲁斯特',26342208),
(760,'约翰·斯塔莫斯',26342208),
(761,'克里斯蒂娜·米利安',26342208),
(762,'乔希·佩克',26342208),
(763,'Townsend Coleman',1845625),
(764,'Jack Angel',1845625),
(765,'James Avery',1845625),
(766,'道恩·强森',26503435),
(767,'里克·霍夫曼',26503435),
(768,'布鲁克林·苏丹诺',26503435),
(769,'罗伯特·贝鲁什',26503435),
(770,'伊拉纳·格雷泽',26769892),
(771,'凯文·赫夫南',26769892),
(772,'肯·奇斯曼',26769892),
(773,'DJ·考尔斯',26769892),
(774,'杰瑞米·艾恩斯',20411032),
(775,'弗朗索瓦·阿诺德',20411032),
(776,'荷丽黛·格兰杰',20411032),
(777,'琼妮·威利',20411032),
(778,'杰米·亚历山大',26339805),
(779,'沙利文·斯特普尔顿',26339805),
(780,'罗伯·布朗',26339805),
(781,'艾什莉·约翰逊',26339805),
(782,'西蒙·贝克',25885786),
(783,'罗宾·汤尼',25885786),
(784,'佩德罗·帕斯卡',25885786),
(785,'卡尔·厄本',22519837),
(786,'迈克尔·伊雷',22519837),
(787,'莉莉·泰勒',22519837),
(788,'麦肯锡·克鲁克',22519837),
(789,'妮可·基德曼',25953429),
(790,'瑞茜·威瑟斯彭',25953429),
(791,'谢琳·伍德蕾',25953429),
(792,'劳拉·邓恩',25953429),
(793,'迪兰·明奈特',6284624),
(794,'凯瑟琳·兰福德',6284624),
(795,'艾丽莎·伯',6284624),
(796,'戴文·德鲁伊',6284624),
(797,'杰弗里·拉什',26782706),
(798,'强尼·弗林',26782706),
(799,'尼古拉斯·罗尔',26782706),
(800,'萨曼莎·科利',26782706),
(801,'杰西卡·兰格',26787149),
(802,'苏珊·萨兰登',26787149),
(803,'阿尔弗雷德·莫里纳',26787149),
(804,'斯坦利·图齐',26787149),
(805,'克里斯汀·芭伦斯基',26798481),
(806,'库什·珍宝',26798481),
(807,'露丝·莱斯利',26798481),
(808,'萨拉·斯蒂尔',26798481),
(809,'贾斯汀·罗兰',26592971),
(810,'克里斯·帕内尔',26592971),
(811,'斯宾瑟·格拉默',26592971),
(812,'萨拉·乔克',26592971),
(813,'曼迪·摩尔',26794215),
(814,'米洛·文堤米利亚',26794215),
(815,'贾斯汀·哈特雷',26794215),
(816,'克丽丝·梅斯',26794215),
(817,'温特沃斯·米勒',26416957),
(818,'多米尼克·珀塞尔',26416957),
(819,'莎拉·韦恩·卡丽丝',26416957),
(820,'马克·费厄斯坦',26416957),
(821,'约书亚·萨斯',26384757),
(822,'蒂莫西·奥门德森',26384757),
(823,'维尼·琼斯',26384757),
(824,'马洛里 詹森',26384757),
(825,'埃文·蕾切尔·伍德',2338055),
(826,'安东尼·霍普金斯',2338055),
(827,'艾德·哈里斯',2338055),
(828,'坦迪·牛顿',2338055),
(829,'约翰尼·盖尔克奇',25845401),
(830,'吉姆·帕森斯',25845401),
(831,'凯莉·库柯',25845401),
(832,'西蒙·赫尔伯格',25845401),
(833,'古古·姆巴塔-劳',25966044),
(834,'麦肯兹·戴维斯',25966044),
(835,'布莱丝·达拉斯·霍华德',25966044),
(836,'凯莉·麦克唐纳',25966044),
(837,'保罗·吉亚玛提',26717030),
(838,'戴米恩·路易斯',26717030),
(839,'玛姬·丝弗',26717030),
(840,'玛琳·阿克曼',26717030),
(841,'丹·史蒂文斯',26641716),
(842,'珍·斯马特',26641716),
(843,'麦肯锡·葛雷',26641716),
(844,'斯科特·劳伦斯',26641716),
(845,'埃里克·埃德尔斯坦',26999946),
(846,'鲍比·莫尼汉',26999946),
(847,'迪米特利·马丁',26999946),
(848,'帕顿·奥斯瓦尔特',26999946),
(849,'鲍勃·奥登科克',26748847),
(850,'乔纳森·班克斯',26748847),
(851,'蕾亚·塞洪',26748847),
(852,'帕特里克·法比安',26748847),
(853,'托马斯·米德蒂奇',26776807),
(854,'T·J·米勒',26776807),
(855,'扎克·伍兹',26776807),
(856,'库梅尔·南贾尼',26776807),
(857,'伊丽莎白·莫斯',26784967),
(858,'约瑟夫·费因斯',26784967),
(859,'伊冯娜·斯特拉霍夫斯基',26784967),
(860,'阿丽克西斯·布莱德尔',26784967),
(861,'瑞奇·惠特尔',6308210),
(862,'艾米莉·布朗宁',6308210),
(863,'布鲁斯·兰利',6308210),
(864,'叶缇黛·拜达克',6308210),
(865,'马克·哈米尔',26727278),
(866,'凯瑟琳·法林顿·加西亚',26727278),
(867,'罗伯特·伯克利',26727278),
(868,'阿什利·理查兹',26727278),
(869,'Victor Garber',1865836),
(870,'Kerr Smith',1865836),
(871,'Eamonn Walker',1865836),
(872,'Rebecca Mader',1865836),
(873,'比利·伯克',24530457),
(874,'崔茜·史皮瑞达可斯',24530457),
(875,'吉安卡罗·埃斯波西托',24530457),
(876,'大卫·莱昂斯',24530457),
(877,'肖恩·蒂尔',26361647),
(878,'艾莉森·米勒',26361647),
(879,'艾迪·拉莫斯',26361647),
(880,'朱莉娅·奥蒙德',26361647),
(881,'马西娅·盖伊·哈登',26337980),
(882,'邦妮· 萨默维尔',26337980),
(883,'艾米丽·阿琳·林德',26337980),
(884,'路易斯·古兹曼',26337980),
(885,'Regi Davis',25977930),
(886,'Michael Flores',25977930),
(887,'Alexei Petrov',25977930),
(888,'伊桑·瑞恩斯',25977930),
(889,'唐·亚当斯',1781597),
(890,'弗兰克·维尔克',1781597),
(891,'Bernard Carez',1781597),
(892,'卡罗琳·琼斯',2059811),
(893,'约翰·阿斯廷',2059811),
(894,'Ted Cassidy',2059811),
(895,'杰基·库根',2059811),
(896,'戴米恩·路易斯',1307847),
(897,'唐尼·沃尔伯格',1307847),
(898,'朗·里维斯顿',1307847),
(899,'马修·塞特尔',1307847),
(900,'路易·C·K',26719562),
(901,'史蒂夫·布西密',26719562),
(902,'埃迪·法可',26719562),
(903,'史蒂夫·赖特',26719562),
(904,'詹妮弗·莫里森',26740675),
(905,'拉娜·帕瑞娅',26740675),
(906,'金妮弗·古德温',26740675),
(907,'乔希·达拉斯',26740675),
(908,'乔纳森·格罗夫',25912858),
(909,'弗兰克·J·阿尔瓦雷斯',25912858),
(910,'穆雷·巴特利特',25912858),
(911,'拉塞尔·托维',25912858),
(912,'凯伦·吉兰',25884510),
(913,'约翰·赵',25884510),
(914,'山姆·莱文',25884510),
(915,'吉莲·韦格曼',25884510),
(916,'丹·卡斯泰兰尼塔',26382778),
(917,'朱莉·卡夫娜',26382778),
(918,'南茜·卡特莱特',26382778),
(919,'雅德丽·史密斯',26382778),
(920,'琳达·卡德里尼',1865139),
(921,'约翰·弗朗西斯·戴利',1865139),
(922,'詹姆斯·弗兰科',1865139),
(923,'马丁·斯塔尔',1865139),
(924,'唐纳德·格洛弗',26417192),
(925,'勒凯斯·斯坦菲尔德',26417192),
(926,'简·亚当斯',26417192),
(927,'克里斯·格林',26417192),
(928,'艾恩·格拉法德',25884488),
(929,'阿兰娜·德拉·伽兹',25884488),
(930,'乔·大卫·摩尔 ',25884488),
(931,'贾德·赫希',25884488),
(932,'克里斯滕·里特',25769161),
(933,'麦克·柯尔特',25769161),
(934,'大卫·田纳特',25769161),
(935,'瑞切尔·泰勒',25769161),
(936,'凯瑟琳·麦菲',26758798),
(937,'伊莱耶斯·加贝尔',26758798),
(938,'艾迪·凯伊·托马斯',26758798),
(939,'Jadyn Wong',26758798),
(940,'伍迪·艾伦',26303778),
(941,'麦莉·赛勒斯',26303778),
(942,'伊莲·梅',26303778),
(943,'蕾切尔·布罗斯纳安',26303778),
(944,'迈克·沃格尔',26108398),
(945,'蕾切尔·勒费夫尔',26108398),
(946,'亚历山大·柯克',26108398),
(947,'科林·福特',26108398),
(948,'杰克·布莱克',25770124),
(949,'蒂姆·罗宾斯',25770124),
(950,'罗塞莉·桑切斯',10577737),
(951,'丹妮亚·拉米雷兹',10577737),
(952,'布兰娜·布朗',10577737),
(953,'阿娜·奥缇兹',10577737),
(954,'罗根·马歇尔-格林',24839205),
(955,'乔迪·巴尔弗',24839205),
(956,'彼得·穆兰',24839205),
(957,'妮基·阿姆卡-伯德',24839205),
(958,'布丽奇·门德勒',23693905),
(959,'莱特·艾琳·贝克尔',23693905),
(960,'艾瑞克·阿兰·克拉默',23693905),
(961,'杰森·多雷',23693905),
(962,'凯丽·拉塞尔',26359190),
(963,'马修·瑞斯',26359190),
(964,'迪伦·贝克',26359190),
(965,'安内特·莫翰德鲁',26359190),
(966,'麦可拉·沃金丝',26684331),
(967,'汤米·杜威',26684331),
(968,'塔拉·林内·巴尔',26684331),
(969,'迪兰·格鲁拉',26684331),
(970,'保罗·吉亚玛提',2131678),
(971,'劳拉·琳妮',2131678),
(972,'John Dossett',2131678),
(973,'斯蒂芬·迪兰',2131678),
(974,'约瑟夫·盖特',26660067),
(975,'拉塞尔·霍奇金森',26660067),
(976,'DJ·考尔斯 DJ Qualls',26660067),
(977,'Kellita Smith',26660067),
(978,'耶尔·格洛格拉斯',25885187),
(979,'安东尼·门德斯',25885187),
(980,'安德里亚·纳维多',25885187),
(981,'普瑞斯西拉·巴恩斯',25885187),
(982,'Emma Ishta',26142847),
(983,'Kyle Harris',26142847),
(984,'戴安·法尔',26142847),
(985,'费利克斯·戈麦兹',26142847),
(986,'帕特里克·斯图尔特',1738970),
(987,'乔纳森·弗雷克斯',1738970),
(988,'LeVar Burton',1738970),
(989,'玛丽娜·赛提斯',1738970),
(990,'布瑞金·梅耶',6772733),
(991,'马克-保罗·戈塞拉',6772733),
(992,'里德·戴蒙德',6772733),
(993,'Dana Davis',6772733),
(994,'布鲁斯·巴克林纳',6082513),
(995,'曼迪·摩尔',6082513),
(996,'埃曼纽尔·施莱琪',6082513),
(997,'伊利亚·伍德',6082513),
(998,'金·迪肯斯',26340501),
(999,'克利夫·柯蒂斯',26340501),
(1000,'弗兰克·迪兰',26340501),
(1001,'阿莉西娅·戴柏南·凯里',26340501),
(1002,'凯文·康瑞',2272384),
(1003,'马克·哈米尔',2272384),
(1004,'亚当·威斯特',2272384),
(1005,'朗·普尔曼',2272384),
(1006,'多米尼克·谢尔伍德',26357515),
(1007,'凯瑟琳·麦克纳马拉',26357515),
(1008,'马修·达达里奥',26357515),
(1009,'岑勇康',26357515),
(1010,'海莉·阿特维尔',26720288),
(1011,'肖恩·阿什莫',26720288),
(1012,'艾迪·卡希尔',26720288),
(1013,'艾米莉·金妮',26720288),
(1014,'Gregg Berger',2156903),
(1015,'凯斯·戴蒙德',2156903),
(1016,'詹妮弗·林',2156903),
(1017,'本·麦肯锡',2268831),
(1018,'亚当·布罗迪',2268831),
(1019,'蕾切尔·比尔森',2268831),
(1020,'彼得·盖勒',2268831),
(1021,'汤姆·麦格拉思',11504572),
(1022,'詹姆斯·帕特里克·斯图阿特',11504572),
(1023,'杰夫·贝内特',11504572),
(1024,'约翰·迪·玛吉欧',11504572),
(1025,'J·G·昆塔',24843017),
(1026,'威廉·赛莱耶',24843017),
(1027,'萨姆·马林',24843017),
(1028,'马克·哈米尔',24843017),
(1029,'克里斯·伍德',26384948),
(1030,'克劳迪娅·布莱克',26384948),
(1031,'汉娜·曼根·劳伦斯',26384948),
(1032,'大卫·吉雅西',26384948),
(1033,'帕特丽夏·阿奎特',26386657),
(1034,'詹姆斯·范德比克',26386657),
(1035,'宝娃',26386657),
(1036,'查理·孔茨',26386657),
(1037,'凯尔·钱德勒',26196140),
(1038,'诺尔贝特·里奥·布茨',26196140),
(1039,'琳达·卡德里尼',26196140),
(1040,'本·门德尔森',26196140),
(1041,'凡妮莎·哈金斯',26592226),
(1042,'丹尼·朴迪',26592226),
(1043,'克里斯蒂娜·科克',26592226),
(1044,'艾伦·图代克',26592226),
(1045,'艾莉丝·布拉加',3072110),
(1046,'赫米基·马德拉',3072110),
(1047,'维罗尼卡·法尔孔',3072110),
(1048,'赫拉多·塔拉塞纳',3072110),
(1049,'詹姆斯·弗兰科',26030078),
(1050,'乔什·杜哈明',26030078),
(1051,'莎拉·加顿',26030078),
(1052,'克里斯·库珀',26030078),
(1053,'Kathryn Cressida',2333658),
(1054,'Christine Cavanaugh',2333658),
(1055,'艾莉森摩尔',2333658),
(1056,'阿黛莱德·凯恩',26302918),
(1057,'梅根·佛洛斯',26302918),
(1058,'瑞秋·斯盖顿',26302918),
(1059,'托伦斯·库姆斯',26302918),
(1060,'克里斯滕·里特',11531758),
(1061,'德瑞玛·沃克',11531758),
(1062,'詹姆斯·范德比克',11531758),
(1063,'布鲁斯·坎贝尔 ',26654029),
(1064,'雷·圣蒂亚戈',26654029),
(1065,'达娜·德洛伦佐',26654029),
(1066,'米歇尔·赫德',26654029),
(1067,'Kathryn Morris',4053797),
(1068,'Danny Pino',4053797),
(1069,'Adam Rose',1855204),
(1070,'Brook Jenell Slack',1855204),
(1071,'Gina Marie Tortorici',1855204),
(1072,'Doug Preis',1855204),
(1073,'马特·狄龙',22992179),
(1074,'查理·塔汉',22992179),
(1075,'泰伦斯·霍华德',22992179),
(1076,'托比·琼斯',22992179),
(1077,'列维·施瑞博尔',25966207),
(1078,'Devon Bagby',25966207),
(1079,'Bobak Bakhtiari',25966207),
(1080,'Chris Browning',25966207),
(1081,'汉内柳斯',25732562),
(1082,'弗朗西斯卡·卡帕尔迪',25732562),
(1083,'布莱克·迈克尔',25732562),
(1084,'贝斯·利特福德',25732562),
(1085,'泰勒·珀西',25980514),
(1086,'迪伦·欧布莱恩',25980514),
(1087,'泰勒·霍奇林',25980514),
(1088,'霍兰·罗登',25980514),
(1089,'休·劳瑞',26703949),
(1090,'戴安·法尔',26703949),
(1091,'丽莎·盖伊·汉密尔顿',26703949),
(1092,'斯蒂芬妮娅·欧文',26703949),
(1093,'格蕾丝·考夫曼',26724845),
(1094,'马特·勒布朗',26724845),
(1095,'珍娜·费舍',26724845),
(1096,'利兹·施耐德',26724845),
(1097,'李·佩斯',26654033),
(1098,'麦肯兹·戴维斯',26654033),
(1099,'凯瑞·碧许',26654033),
(1100,'斯科特·麦克纳里',26654033),
(1101,'李美琪',24695310),
(1102,'夏恩·韦斯特',24695310),
(1103,'琳德西·冯塞卡',24695310),
(1104,'诺亚·比恩',24695310),
(1105,'乔治·杜兹达扎',1498178),
(1106,'克里斯·诺斯',1498178),
(1107,'达恩·弗洛莱克',1498178),
(1108,'迈克尔·莫里亚蒂',1498178),
(1109,'迈克尔·卡西迪',26324698),
(1110,'斯黛拉·麦薇',26324698),
(1111,'阿俊·古普塔',26324698),
(1112,'大卫·卡尔',26324698),
(1113,'艾德.赫尔姆斯 Ed Helms',11232690),
(1114,'约翰·卡拉辛斯基 John Krasinski',11232690),
(1115,'雷恩.威尔森 Rainn Wilson',11232690),
(1116,'珍娜·费舍 Jenna Fischer',11232690),
(1117,'本·辛克莱尔',26803790),
(1118,'麦克斯·詹金斯',26803790),
(1119,'凯琳·多瑞尔·琼斯',26803790),
(1120,'科尔比·凯勒',26803790),
(1121,'佐伊·丹斯切尔',25843289),
(1122,'杰克·约翰逊',25843289),
(1123,'马克思·格林菲尔德',25843289),
(1124,'拉蒙尼·莫里斯',25843289),
(1125,'凯特瑞娜·巴尔夫',25961971),
(1126,'山姆·修汉',25961971),
(1127,'简·方达',26413080),
(1128,'莉莉·汤姆林',26413080),
(1129,'亚当·沙皮罗',26413080),
(1130,'瑞恩·菲利普',26386725),
(1131,'埃迪·麦克林托克',26386725),
(1132,'欧玛·艾普斯',26386725),
(1133,'辛希亚·阿戴-罗宾森',26386725),
(1134,'Kevin Douglas Coleman',1449595),
(1135,'Chantal Conlin',1449595),
(1136,'詹姆斯·内斯比特',25955813),
(1137,'弗兰西丝·奥康纳',25955813),
(1138,'切基·卡尤',25955813),
(1139,'Anastasia Hille',25955813),
(1140,'彼得·克劳斯',1941347),
(1141,'凯文·波拉克',1941347),
(1142,'朱丽安娜· 玛格丽丝',1941347),
(1143,'彼得·雅各布森',1941347),
(1144,'丽亚·米雪儿',25742234),
(1145,'克里斯·柯尔弗',25742234),
(1146,'达伦·克里斯',25742234),
(1147,'娜雅·里维拉',25742234),
(1148,'朱丽安妮·尼科尔森',26711715),
(1149,'泰勒·杨',26711715),
(1150,'詹姆斯·帕克顿',26711715),
(1151,'吉尔·贝罗斯',26711715),
(1152,'阿尔·帕西诺',1417082),
(1153,'梅丽尔·斯特里普',1417082),
(1154,'艾玛·汤普森',1417082),
(1155,'帕特里克·威尔森',1417082),
(1156,'艾米丽·万凯普',25885752),
(1157,'玛德琳·斯托',25885752),
(1158,'加布里埃尔·曼',25885752),
(1159,'尼克·维切斯勒',25885752),
(1160,'凯尔希·格兰莫 Kelsey Grammer',20442881),
(1161,'大卫·海德·皮尔斯',20442881),
(1162,'大卫·海德·皮尔斯 David Hyde Pierce',20442881),
(1163,'佩里·吉普林 Peri Gilpin',20442881),
(1164,'安迪·萨姆伯格',26757856),
(1165,'泰瑞·克鲁斯',26757856),
(1166,'乔尔·麦金农·米勒',26757856),
(1167,'德克·布罗克',26757856),
(1168,'大卫·君图力',26766166),
(1169,'比茜·图诺克',26766166),
(1170,'塞拉斯·威尔·米切尔',26766166),
(1171,'萨沙·罗伊茨',26766166),
(1172,'艾瑞克·麦柯马克',3295628),
(1173,'黛博拉·梅辛',3295628),
(1174,'梅根·莫拉莉',3295628),
(1175,'西恩·海耶斯',3295628),
(1176,'艾米丽·丹斯切尔',26735801),
(1177,'大卫·伯伦纳兹',26735801),
(1178,'米谢拉·康琳',26735801),
(1179,'塔玛拉·泰勒',26735801),
(1180,'巴里·斯隆',26703458),
(1181,'凯尔·施密德',26703458),
(1182,'胡安帕布鲁拉巴',26703458),
(1183,'艾德文·霍德吉',26703458),
(1184,'特莉安·贝利索里奥',25944811),
(1185,'艾什莉·本森',25944811),
(1186,'露西·海尔',25944811),
(1187,'薛·米契尔',25944811),
(1188,'布里特·马灵',26727307),
(1189,'艾莫里·科恩',26727307),
(1190,'詹森·艾萨克',26727307),
(1191,'斯科特·威尔森',26727307),
(1192,'Jack Coleman',4047267),
(1193,'格雷戈·格伦伯格',4047267),
(1194,'艾丽·拉特',4047267),
(1195,'詹姆斯·凯森·李',4047267),
(1196,'肖恩·派特里克·弗兰纳里 Sean Patrick Flanery',10480979),
(1197,'朗·普尔曼 Ron Perlman',10480979),
(1198,'米特·洛夫 Meat Loaf',10480979),
(1199,'波西亚·德·罗西',11599374),
(1200,'杰森·贝特曼',11599374),
(1201,'大卫·克罗斯',11599374),
(1202,'杰弗里·塔伯',11599374),
(1203,'蒂莫西·赫顿',10757228),
(1204,'吉娜·贝尔曼',10757228),
(1205,'克里斯蒂安·凯恩',10757228),
(1206,'贝丝·涅斯格拉夫',10757228),
(1207,'莎拉·海伊',25832813),
(1208,'本·丹尼尔斯',25832813),
(1209,'艾米莉·泰拉',25832813),
(1210,'Irina Dvorovenko',25832813),
(1211,'乔安妮·凯莉',24882774),
(1212,'埃迪·麦克林托克',24882774),
(1213,'绍尔·鲁宾内克',24882774),
(1214,'艾莉森·斯卡里奥缇',24882774),
(1215,'米瑞·伊诺丝',26337367),
(1216,'彼得·克劳斯',26337367),
(1217,'罗丝·洛林斯',26337367),
(1218,'索尼亚·瓦格尔',26337367),
(1219,'Brendan Hansen',26356519),
(1220,'Marcus Choi',26356519),
(1221,'斯坦·李',26356519),
(1222,'汪可盈',26356519),
(1223,'爱德华·詹姆斯·奥莫斯',1920763),
(1224,'玛丽·麦克唐纳',1920763),
(1225,'凯缇·萨克霍夫',1920763),
(1226,'吉米·巴姆博',1920763),
(1227,'杰弗里·塔伯',26432699),
(1228,'艾米·兰德克',26432699),
(1229,'朱迪斯·赖特',26432699),
(1230,'Ryan Babcock',26432699),
(1231,'阿兹·安萨里',26383162),
(1232,'H·乔恩·本杰明',26383162),
(1233,'Lena Waithe',26383162),
(1234,'艾里克·维尔海姆',26383162),
(1235,'盖尔·加西亚·贝纳尔',26339776),
(1236,'罗拉·科克',26339776),
(1237,'萨弗蓉·布罗斯',26339776),
(1238,'伯纳黛特·彼得斯',26339776),
(1239,'温迪·麦丽登·康薇',25977905),
(1240,'肖恩·吉布朗尼',25977905),
(1241,'托伊·金太尔',25977905),
(1242,'海莉·奥兰蒂亚',25977905),
(1243,'大卫·卡尔德',6087553),
(1244,'Steven Waddington',6087553),
(1245,'李·罗斯',6087553),
(1246,'莱纳斯·罗彻',6087553),
(1247,'帕特丽夏·阿奎特',25862254),
(1248,'托里·德维托',25862254),
(1249,'吉尔·贝罗斯',25862254),
(1250,'夏恩·杰克逊',25862254),
(1251,'Vincent Price',5284641),
(1252,'James Gregory',5284641),
(1253,'Alfred Hitchcock',5284641),
(1254,'格伦·豪尔顿',10428490),
(1255,'凯特琳·奥尔森',10428490),
(1256,'罗布·麦克尔亨尼',10428490),
(1257,'查理·戴',10428490),
(1258,'阿什顿·库彻',25846035),
(1259,'乔恩·克莱尔',25846035),
(1260,'康查塔·费雷尔',25846035),
(1261,'Malea Richardson',25846035),
(1262,'亚美莉卡·费雷拉',26337362),
(1263,'本·费德曼',26337362),
(1264,'马克·麦金尼',26337362),
(1265,'劳伦·阿什',26337362),
(1266,'皮尔斯·布鲁斯南',3036480),
(1267,'安娜贝丝·吉什',3036480),
(1268,'凯莉·罗兰',3036480),
(1269,'Anika Noni Rose',3036480),
(1270,'艾米·波勒',25923092),
(1271,'阿兹·安萨里',25923092),
(1272,'尼克·奥弗曼',25923092),
(1273,'奥布瑞·普拉扎',25923092),
(1274,'洛伦佐·里凯尔米',26298650),
(1275,'袁文忠',26298650),
(1276,'杨紫琼',26298650),
(1277,'郑启蕙',26298650),
(1278,'Jane Woods',1863598),
(1279,'Dawn Ford',1863598),
(1280,'Andrew Henry',1863598),
(1281,'丹尼斯·圣约翰',1863598),
(1282,'雷·罗马诺',3888745),
(1283,'帕翠西亚·希顿',3888745),
(1284,'布拉德·加内特',3888745),
(1285,' 莫尼卡·霍兰',3888745),
(1286,'帕特里克·沃伯顿',2158181),
(1287,'梅金·普莱斯',2158181),
(1288,'奥利弗·赫斯顿',2158181),
(1289,'比安卡·卡里什',2158181),
(1290,'凯丽·华盛顿',26384781),
(1291,'凯蒂·洛斯',26384781),
(1292,'斯考特·佛雷',26384781),
(1293,'达比·斯坦奇菲尔德',26384781),
(1294,'安娜·麦克西维尔·马丁',1470619),
(1295,'丹尼斯·劳森',1470619),
(1296,'凯瑞·穆里根',1470619),
(1297,'吉莲·安德森',1470619),
(1298,'凯拉·塞吉维克',6521838),
(1299,'J·K·西蒙斯',6521838),
(1300,'科瑞·雷诺兹',6521838),
(1301,'G.W.拜利',6521838),
(1302,'连姆·詹姆斯',26385088),
(1303,'琼·艾伦',26385088),
(1304,'扎克·吉尔福德',26385088),
(1305,'艾丽森·皮尔',26385088),
(1306,'凯特·穆格鲁',1949822),
(1307,'罗伯特·贝尔特兰',1949822),
(1308,'罗斯安·道森',1949822),
(1309,'Robert Duncan McNeill',1949822);

/*Table structure for table `meiju_director` */

DROP TABLE IF EXISTS `meiju_director`;

CREATE TABLE `meiju_director` (
  `id` int(11) NOT NULL AUTO_INCREMENT,
  `name` varchar(200) NOT NULL,
  `drama_id` int(11) NOT NULL,
  PRIMARY KEY (`id`),
  KEY `meiju_director_drama_id_6e096876_fk_meiju_drama_id` (`drama_id`),
  CONSTRAINT `meiju_director_drama_id_6e096876_fk_meiju_drama_id` FOREIGN KEY (`drama_id`) REFERENCES `meiju_drama` (`id`)
) ENGINE=InnoDB AUTO_INCREMENT=694 DEFAULT CHARSET=utf8;

/*Data for the table `meiju_director` */

insert  into `meiju_director`(`id`,`name`,`drama_id`) values 
(1,'约翰·里德利',26384765),
(2,'马克·丹尼尔斯',6360305),
(3,'杰弗利·纳赫马诺夫',24530468),
(4,'Chris Misiano',4106646),
(5,'Jayson Thiessen',6724972),
(6,'James Wootton',6724972),
(7,'Charles Bail',1459021),
(8,'Gil Bettman',1459021),
(9,'伯纳德·L ·科瓦尔斯基',1459021),
(10,'Bob Bralver',1459021),
(11,'罗伯·拜利',26385606),
(12,'Darin Scott',10767510),
(13,'约翰·吉布斯',1440937),
(14,'Bruce Bilson',4890997),
(15,'盖瑞·尼尔森',4890997),
(16,'William Wiard',4890997),
(17,'Joshua Shelley',4890997),
(18,'厄尔·贝拉米',4890997),
(19,'唐·亚当斯',4890997),
(20,'Sidney Miller',4890997),
(21,'劳伦斯·特里林',26436652),
(22,'埃里克·萨哈罗夫',26436652),
(23,'比尔·德埃利亚',26436652),
(24,'大卫·塞梅尔',26436652),
(25,'瑞恩·墨菲',4097348),
(26,'Michael Fields',26384174),
(27,'Joe Barruso',2091938),
(28,'Stan Phillips',2091938),
(29,'约翰·所罗门',26363228),
(30,'Glen Winter',26792305),
(31,'Mike Newell',3078582),
(32,'Jonathan Liebesman',3078582),
(33,'克里斯托弗·查莱克',1301411),
(34,'乔纳森·莫斯托',26597902),
(35,'彼得·霍尔',25885184),
(36,'Lawrence Trilling',1418614),
(37,'Harry Winer',1418614),
(38,'Mic Graves',11516534),
(39,'Ben Bocquelet',11516534),
(40,'迈克尔·W·沃特金斯',26681978),
(41,'罗恩·安德伍德',26384761),
(42,'凯文·布瑞',26436601),
(43,'切瑞·诺兰',26436601),
(44,'John Aoshima',21485010),
(45,'Aaron Springer',21485010),
(46,'Joe Pitt',21485010),
(47,'鲁本·弗雷斯彻',26754624),
(48,'肯·卡皮斯',26754624),
(49,'塔拉·戴维斯',26754624),
(50,'琳·谢尔顿',26754624),
(51,'布鲁克·肯尼迪',26387804),
(52,'迈克尔·斯劳韦斯',6952149),
(53,'米歇尔·麦克拉伦',6952149),
(54,'亚当·伯恩斯坦',6952149),
(55,'莱恩·约翰逊',6952149),
(56,'乔治·马斯塔斯',6952149),
(57,'科林·巴克西',6952149),
(58,'托马斯·施纳泽',6952149),
(59,'布莱恩·科兰斯顿',6952149),
(60,'山姆·卡特林',6952149),
(61,'皮特·古尔德',6952149),
(62,'文斯·吉里根',6952149),
(63,'布瑞克·埃斯纳尔',26675245),
(64,'本·卡隆',26427152),
(65,'史蒂芬·戴德利',26427152),
(66,'菲利普·马丁',26427152),
(67,'朱里安·杰拉德',26427152),
(68,'林诣彬',25837700),
(69,'扬努斯·梅兹·彼得森',25837700),
(70,'杰雷米·波德斯瓦',25837700),
(71,'约翰·克劳利',25837700),
(72,'丹尼尔·艾提奥斯',25837700),
(73,'米格尔·萨普什尼克',25837700),
(74,'克里斯·科赫',26740396),
(75,'Kevin Bright',3286552),
(76,'杰雷米·波德斯瓦',25862357),
(77,'杰克·本德',25862357),
(78,'马克·米罗',25862357),
(79,'丹尼尔·沙克海姆',25862357),
(80,'米格尔·萨普什尼克',25862357),
(81,'比利·吉尔赫特',26740391),
(82,'莉娜·邓纳姆',26702166),
(83,'格伦·卡肖',26788025),
(84,'拉里·滕',26788025),
(85,'阿莱克·斯迈特',26788025),
(86,'比尔·德埃利亚',26740389),
(87,'马克斯·兰迪斯  ',26705560),
(88,'迪恩·帕里索特',26705560),
(89,'迈克尔·帕特里克·詹恩',26705560),
(90,'黛比·艾伦',26740388),
(91,'肖恩·利维',26359270),
(92,'马特·达菲',26359270),
(93,'罗斯·达菲',26359270),
(94,'本·科泰',26717837),
(95,'马克·匹兹纳斯基',10756709),
(96,'吉尔莫·德尔·托罗',26389455),
(97,'J·迈尔斯·戴尔',26389455),
(98,'肯·吉洛提',26389455),
(99,'德兰·萨拉菲安',26389455),
(100,'T·J·斯科特',26389455),
(101,'文森佐·纳塔利',26389455),
(102,'卡尔顿·库斯',26389455),
(103,'蒂莫西·范·帕腾',2154324),
(104,'大卫·切斯',2154324),
(105,'特伦斯·温特',2154324),
(106,'塞巴斯蒂安·席尔瓦',26604456),
(107,'赫拉尔多·纳兰霍',26604456),
(108,'安德雷斯·拜兹',26604456),
(109,'约瑟夫·久保田·瓦拉达卡',26604456),
(110,'J·C·冈泽尔兹',26581673),
(111,'马修·韦纳',24859448),
(112,'阿尔曼多·伊安努奇',26366493),
(113,'山姆·艾斯梅尔',26431328),
(114,'Dave McElfatrick',26269506),
(115,'约翰·帕斯昆',4074092),
(116,'亚当·布鲁克斯',26672659),
(117,'大卫·林奇',3022764),
(118,'莱斯利·林卡·格拉特',3022764),
(119,'托德·霍兰德',3022764),
(120,'格雷姆·克利福德',3022764),
(121,'凯莱布·德夏奈尔',3022764),
(122,'蒂姆·亨特',3022764),
(123,'Tina Rathborne',3022764),
(124,'杜维因·邓纳姆',3022764),
(125,'乌利·埃德尔',3022764),
(126,'黛安·基顿',3022764),
(127,'詹姆斯·弗雷',3022764),
(128,'乔纳森·桑格',3022764),
(129,'史蒂芬·吉伦哈尔',3022764),
(130,'格雷格·莫托拉',25719291),
(131,'艾伦·保尔',25719291),
(132,'保罗·立博斯坦',25719291),
(133,'安东尼·海明威',25719291),
(134,'克里斯·费舍',26387813),
(135,'路易·C·K',25933360),
(136,'杰弗里·莱纳',26684328),
(137,'Mike Luciano',26704444),
(138,'Phil Matarese',26704444),
(139,'韦斯利·阿彻',26704444),
(140,'塔克·盖茨',26336281),
(141,'罗宾·怀特',26336281),
(142,'汤姆·森兰',26336281),
(143,'艾利克斯·格雷夫斯',26336281),
(144,'卡莉·斯考格兰德',26336281),
(145,'雅各布·维尔布鲁根',26336281),
(146,'斯蒂文·泽里安',20558374),
(147,'詹姆斯·马什',20558374),
(148,'温蒂·斯坦齐勒',26677985),
(149,'蒂莫西·范·帕腾',2150463),
(150,'尼克·科普斯',26681980),
(151,'托亚·弗莱瑟',26681980),
(152,'帕科·卡贝萨斯',26681980),
(153,'冯德伦',26681980),
(154,'埃文·戈德堡',3269027),
(155,'塞斯·罗根',3269027),
(156,'斯科特·怀南特',3269027),
(157,'克雷格·兹斯克',3269027),
(158,'迈克尔·斯劳韦斯',3269027),
(159,'吉列尔莫·纳瓦罗',3269027),
(160,'麦克·莫里斯',3269027),
(161,'凯特·丹尼斯',3269027),
(162,'山姆·卡特林',3269027),
(163,'Lance Anderson',26749114),
(164,'妮可·卡索',25772602),
(165,'洛奇·科里根',25772602),
(166,'艾德·比安奇',25772602),
(167,'Gregory Middleton',25772602),
(168,'科奇·吉尔佐',25772602),
(169,'乔纳森·戴米',25772602),
(170,'保罗·麦奎根',26663628),
(171,'基斯·戈登',26684329),
(172,'弗莱德·萨维奇',26758799),
(173,'詹姆斯·班福德',26749162),
(174,'Miguel Sapochnik',10744409),
(175,'格斯·范·桑特',26636273),
(176,'迪·里斯',26636273),
(177,'托马斯·施拉梅',26636273),
(178,'达斯汀·兰斯·布莱克',26636273),
(179,'克里斯托弗·查莱克',26707767),
(180,'伊恩·B·麦克唐纳',26707767),
(181,'埃米·罗森',26707767),
(182,'Rob Hardy',26707767),
(183,'安迪·卡德福',26087497),
(184,'菲尔·路易士',26087497),
(185,'雅琳·山福',26087497),
(186,'罗比·康翠曼',26087497),
(187,'Kevin Fair',5295022),
(188,'Glen Winter',5295022),
(189,'Mairzee Almas',5295022),
(190,'Jeannot Szwarc',5295022),
(191,'James Marshall',5295022),
(192,'Jonathan Krisel',25825266),
(193,'格雷戈里·普兰奇',26734690),
(194,'弗朗西斯·劳伦斯',10748073),
(195,'Joshua Safran',26355630),
(196,'Dearbhla Walsh',4736542),
(197,'詹米·巴比特',1777506),
(198,'Steve Clark',3058386),
(199,'Fred Wolf',3058386),
(200,'约翰·麦登',1476269),
(201,'Tony Craig',2117911),
(202,'Robert Gannaway',2117911),
(203,'Brad Neave',2117911),
(204,'Lenord Robinson',3073760),
(205,'James T. Walker',3073760),
(206,'罗伯特·罗德里格兹',25945125),
(207,'李·夏洛特·卡米尔',24697586),
(208,'詹姆斯·伯罗斯',10520453),
(209,'罗伯特·斯文克 ',4848610),
(210,'丹尼尔·沙克海姆',4848610),
(211,'詹姆斯·维度斯',26758722),
(212,'斯蒂芬·霍普金斯',26709459),
(213,'强·卡萨',26709459),
(214,'尼尔森·麦科米克',26709459),
(215,'布朗温·休斯',26709459),
(216,'帕梅拉·福莱曼 Pamela Fryman',20470240),
(217,'巴兹·鲁赫曼',26421342),
(218,'杰西·沃恩',26749151),
(219,'史蒂夫·博伊姆',26584127),
(220,'埃里克·萨哈罗夫',26584127),
(221,'乌塔·布里兹维茨',26584127),
(222,'罗伊·雷内',26584127),
(223,'马克·乔博斯特',26584127),
(224,'迈克尔·帕特里克·金',2153590),
(225,'Darren Star',2153590),
(226,'大卫·肖',6781992),
(227,'乌塔·布里兹维茨',25769159),
(228,'米格尔·萨普什尼克',25769159),
(229,'纳卡那驰·韩',26740384),
(230,'罗布·施拉布',25918302),
(231,'克里斯汀·摩尔',26758757),
(232,'丽莎·查罗登科',24869254),
(233,'帕特里克·麦克海尔',25941842),
(234,'蒂莫西·范·帕腾',25735931),
(235,'琪娜·木杨',26584103),
(236,'卡尔·蒂贝茨',26584103),
(237,'拉娜·沃卓斯基',26588239),
(238,'莉莉·沃卓斯基',26588239),
(239,'诺亚·霍利',26671380),
(240,'Bill Lawrence',4149192),
(241,'尼古拉斯·雷顿',26779276),
(242,'Jon Marcus',25966386),
(243,'丹尼·加农',26752161),
(244,'大森贵弘',3326764),
(245,'马格努斯·马滕斯',26636559),
(246,'米凯尔·诺加德',26636559),
(247,'马克·匹兹纳斯基',26636559),
(248,'菲尔·亚伯拉罕',26636559),
(249,'夏洛特·席琳',26636559),
(250,'卡尔·弗兰克林',26636559),
(251,'乔纳斯·佩特',26636559),
(252,'Rodrigo García',2153951),
(253,'Kate Robin (writer)',2153951),
(254,'安德鲁·麦卡锡',26368466),
(255,'兰德尔·艾因霍恩',26724689),
(256,'凯特·凯罗',26724689),
(257,'迈克尔·A.莱蒂茨',26749102),
(258,'安德烈·斯萨拉福',26419345),
(259,'瑞恩·墨菲',26101233),
(260,'安东尼·海明威',26101233),
(261,'约翰·辛格顿',26101233),
(262,'戴维·沃森',26307362),
(263,'皮耶罗·皮卢索',26307362),
(264,'咪咪·莱德',25983865),
(265,'韦斯利·阿彻',2150064),
(266,'Jack Bender',4018324),
(267,'Stephen Williams',4018324),
(268,'Bill D\'Elia',3285421),
(269,'罗伯·鲍曼',26384767),
(270,'乔·施佩尔',2393060),
(271,'厄内斯特·R·迪克森',2393060),
(272,'Joy Kecken',2393060),
(273,'Scott Kecken',2393060),
(274,'丹尼尔·艾提奥斯',2393060),
(275,'阿格涅丝卡·霍兰',2393060),
(276,'塞斯·曼恩',2393060),
(277,'多米尼克·威斯特',2393060),
(278,'安东尼·海明威',2393060),
(279,'克拉克·约翰森',2393060),
(280,'布拉德利·比克尔',26639161),
(281,'安吉拉·贝塞特',26639161),
(282,'Nelson Cragg',26639161),
(283,'Marita Grabiak',26639161),
(284,'格温妮丝·豪特尔-佩顿',26639161),
(285,'艾洛迪·基恩',26639161),
(286,'詹妮弗·林奇',26639161),
(287,'Alexis Ostrander',26639161),
(288,'迈克尔·迪内',26336684),
(289,'赛斯·戈登',26336684),
(290,'莎拉·皮亚·安德森',26336684),
(291,'布莱恩·科兰斯顿',26336684),
(292,'史蒂芬·吉伦哈尔',25966206),
(293,'文森佐·纳塔利',25884541),
(294,'尼尔·马歇尔',25884541),
(295,'马克·乔博斯特',25884541),
(296,'吉列尔莫·纳瓦罗',25884541),
(297,'亚当·肯恩',25884541),
(298,'约翰·达尔',25884541),
(299,'迈克尔·瑞迈尔',25884541),
(300,'拉里·肖',6778677),
(301,'David Grossman',6778677),
(302,'约翰·麦登',26590060),
(303,'艾米·西米茨',26290787),
(304,'洛奇·科里根',26290787),
(305,'加文·勃劳恩',5347185),
(306,'霍华德·达奇',5347185),
(307,'迈克尔·兰格',5347185),
(308,'Lev L. Spiro',5347185),
(309,'迈克尔·卡特曼',5347185),
(310,'阿兰尼·珊福德',5347185),
(311,'约瑟夫·麦克金提·尼彻',26727322),
(312,'摩根·弗里曼',26758767),
(313,'布拉德·特纳',4113335),
(314,'汤米·李·华莱士',1422340),
(315,'帕里斯·巴克利',5681960),
(316,'查尔斯·麦克道格尔Charles McDougall',4707570),
(317,'莎拉·哈丁Sarah Harding',4707570),
(318,'克雷格·迈克科雷肯',6125441),
(319,'Martha Mitchell',25851740),
(320,'马克·贝斯利',10781865),
(321,'杰西·沃恩',10781865),
(322,'约翰·福西特',10781865),
(323,'迈克尔·赫斯特',10781865),
(324,'T·J·斯科特',10781865),
(325,'里克·雅各布森',10781865),
(326,'菲尔·亚伯拉罕',26373110),
(327,'克里斯·卡特',26352610),
(328,'黄毅瑜',26352610),
(329,'达林·摩根',26352610),
(330,'格伦·摩根',26352610),
(331,'南森·霍普',26768295),
(332,'葛·艾坦尼斯',26326452),
(333,'史蒂文·索德伯格',25966208),
(334,'Paul Pesce',26302921),
(335,'贝瑞特·奈鲁利',26302921),
(336,'特斯塔姆·莎佩罗',25885402),
(337,'拉里·戴维',1428366),
(338,'尼尔·博格',26235527),
(339,'马克·韦布',26235527),
(340,'Victor Nelli Jr.',4030266),
(341,'Andy Mikita',4246575),
(342,'Dennis Smith',3533153),
(343,'克里斯托弗·查莱克',6803152),
(344,'马修·派瑞',25886392),
(345,'Kevin Eastman',2350766),
(346,'盖·费尔兰德',6558033),
(347,'克里斯·克奇',24697588),
(348,'格里格·伯兰蒂',10512090),
(349,'Aaron Lipstadt',4944041),
(350,'Peter Werner',4944041),
(351,'Vinton Heuck',10560672),
(352,'Robert Taylor',3058385),
(353,'Steward Lee',17658236),
(354,'彼得·派格',24294236),
(355,'Brad Bredeweg',24294236),
(356,'John David Carson',1959155),
(357,'Takashi Watanabe',1766532),
(358,'Joss Whedon',3882739),
(359,'彼得·马克·雅各布森',1419665),
(360,'法兰·德瑞雪',1419665),
(361,'乔·施佩尔',26313005),
(362,'马修·森莱奇',1938109),
(363,'托马斯·施拉梅',5966527),
(364,'唐·斯卡尔蒂诺',10788850),
(365,'丹尼·加农',5343164),
(366,'Sam Hill',6796123),
(367,'Joseph Barbera',2046454),
(368,'William Hanna',2046454),
(369,'托马斯·施拉梅',25822687),
(370,'克里斯托弗·马西阿诺',25822687),
(371,'帕里斯·巴克利',25822687),
(372,'比尔·德埃利亚',25822687),
(373,'迈克尔·乌彭达尔',25822687),
(374,'Rosemary Rodriguez',25822687),
(375,'丹尼尔·斯特恩',25822687),
(376,'Andrew Bernstein',25822687),
(377,'西蒙·赛伦·琼斯',25822687),
(378,'朱莉·安妮·罗宾逊',25822687),
(379,'丹尼尔·艾提奥斯',25822687),
(380,'杰森·维纳',26339141),
(381,'Patrick McKee',1394180),
(382,'Bonnie Turner',6003088),
(383,'Terry Turner',6003088),
(384,'Chris Koch',26342208),
(385,'露西亚·安尼洛',26769892),
(386,'卡莉·斯考格兰德',20411032),
(387,'马克·佩灵顿',26339805),
(388,'Sam Hill',22519837),
(389,'让-马克·瓦雷',25953429),
(390,'凯尔·帕特里克·奥瓦内兹',6284624),
(391,'格雷格·阿拉基',6284624),
(392,'卡尔·弗兰克林',6284624),
(393,'汤姆·麦卡锡',6284624),
(394,'虞琳敏',6284624),
(395,'朗·霍华德',26782706),
(396,'詹姆斯·哈维斯',26782706),
(397,'明基·斯皮罗',26782706),
(398,'瑞恩·墨菲',26787149),
(399,'格温妮丝·豪特尔-佩顿',26787149),
(400,'丽萨·约翰逊',26787149),
(401,'提姆·密涅尔',26787149),
(402,'海伦·亨特',26787149),
(403,'布鲁克·肯尼迪',26798481),
(404,'贾斯汀·罗兰',26592971),
(405,'约翰·里夸',26794215),
(406,'格伦·费卡拉',26794215),
(407,'肯·奥林',26794215),
(408,'小乔治·提尔曼',26794215),
(409,'克雷格·兹斯克',26794215),
(410,'Silas Howard',26794215),
(411,'莎拉·皮亚·安德森',26794215),
(412,'乌塔·布里兹维茨',26794215),
(413,'海伦·亨特',26794215),
(414,'蒂莫西·布斯菲尔德',26794215),
(415,'克里斯·科赫',26794215),
(416,'温蒂·斯坦齐勒',26794215),
(417,'尼尔森·麦科米克',26416957),
(418,'德克兰·罗内',26384757),
(419,'约翰·福滕贝里',26384757),
(420,'乔纳森·诺兰',2338055),
(421,'强尼·坎贝尔',2338055),
(422,'理查德·J·刘易斯',2338055),
(423,'米歇尔·麦克拉伦',2338055),
(424,'尼尔·马歇尔',2338055),
(425,'文森佐·纳塔利',2338055),
(426,'弗雷德·托耶',2338055),
(427,'斯蒂芬·威廉姆斯',2338055),
(428,'马克·森卓斯基',25845401),
(429,'欧文·哈里斯',25966044),
(430,'乔·赖特',25966044),
(431,'詹姆斯·瓦特金斯',25966044),
(432,'雅各布·维尔布鲁根',25966044),
(433,'詹姆斯·哈维斯',25966044),
(434,'丹·特拉亨伯格',25966044),
(435,'瑞德·穆拉诺',26717030),
(436,'约翰·辛格顿',26717030),
(437,'安娜·波顿',26717030),
(438,'瑞安·弗雷克',26717030),
(439,'亚历克斯·吉布尼',26717030),
(440,'诺亚·艾默里奇',26717030),
(441,'亚当·阿金',26717030),
(442,'Steph Green',26717030),
(443,'卡瑞恩·库萨马',26717030),
(444,'艾德·比安奇',26717030),
(445,'诺亚·霍利',26641716),
(446,'迈克尔·乌彭达尔',26641716),
(447,'拉尔沙·康达基',26641716),
(448,'蒂姆·米兰特斯',26641716),
(449,'村井浩',26641716),
(450,'丹尼·高顿',26641716),
(451,'曼尼·赫纳德兹',26999946),
(452,'文斯·吉里根',26748847),
(453,'瑞德·穆拉诺',26784967),
(454,'麦克·巴克',26784967),
(455,'凯特·丹尼斯',26784967),
(456,'弗洛莉娅·塞吉斯蒙迪',26784967),
(457,'卡莉·斯考格兰德',26784967),
(458,'大卫·斯雷德',6308210),
(459,'查尔斯.舒尔茨',3115078),
(460,'比尔.门勒德兹',3115078),
(461,'戴斯蒙德·多利',26727278),
(462,'黄谷子',26727278),
(463,'马修·阿诺德',26727278),
(464,'戴夫·博伊尔',26727278),
(465,'斯蒂芬·斯达思',26727278),
(466,'本吉·克莱曼',26727278),
(467,'David McNally',1865836),
(468,'Steve Boyum',24530457),
(469,'大卫·帕斯特尔',26361647),
(470,'亚历克斯·帕斯特尔',26361647),
(471,'大卫·塞梅尔',26337980),
(472,'大卫·凡·安肯',26337980),
(473,'奥兹·斯科特',26337980),
(474,'Tony Wharmby',25977930),
(475,'Bruno Bianchi',1781597),
(476,'Dave Cox',1781597),
(477,'Edouard David',1781597),
(478,'Raymond Jafelice',1781597),
(479,'Ken Stephenson',1781597),
(480,'Sidney Lanfield',2059811),
(481,'Jerry Hopper',2059811),
(482,'Sidney Salkow',2059811),
(483,'菲尔·奥尔登·罗宾森',1307847),
(484,'迈克尔·塞洛蒙',1307847),
(485,'大卫·努特尔',1307847),
(486,'汤姆·汉克斯',1307847),
(487,'大卫·李兰特',1307847),
(488,'大卫·弗兰科尔',1307847),
(489,'理查德·隆克瑞恩',1307847),
(490,'Tony To',1307847),
(491,'路易·C·K',26719562),
(492,'马克·米罗',26740675),
(493,'安德鲁·海格',25912858),
(494,'瑞安·弗雷克',25912858),
(495,'詹米·巴比特',25912858),
(496,'克雷格·约翰逊',25912858),
(497,'朱莉·安妮·罗宾逊',25884510),
(498,'马修·纳斯奇克',26382778),
(499,'罗伯·奥利弗',26382778),
(500,'迈克·B·安德森',26382778),
(501,'斯蒂文·迪恩·摩尔',26382778),
(502,'马修·方南',26382778),
(503,'鲍勃·安德森',26382778),
(504,'克里斯·克莱门茨',26382778),
(505,'马克·柯克兰',26382778),
(506,'迈克尔·玻尔奇诺',26382778),
(507,'杰克·卡斯丹',1865139),
(508,'贾德·阿帕图',1865139),
(509,'村井浩',26417192),
(510,'布拉德·安德森',25884488),
(511,'Sam Hill',25884488),
(512,'David Petrarca',25769161),
(513,'S·J·克拉克森',25769161),
(514,'Sam Hill',26758798),
(515,'Omar Madha',26758798),
(516,'伍迪·艾伦',26303778),
(517,'彼得·威勒',26108398),
(518,'Brad Neely',26741536),
(519,'杰伊·罗奇',25770124),
(520,'蒂姆·罗宾斯',25770124),
(521,'Jon Poll',25770124),
(522,'麦克·勒曼',25770124),
(523,'J·迈克尔·穆罗',25770124),
(524,'斯科特·怀南特',25770124),
(525,'亚当·伯恩斯坦',25770124),
(526,'保罗·麦奎根',10577737),
(527,'葛·艾坦尼斯',24839205),
(528,'约翰·希尔寇特',24839205),
(529,'E.C. Segar',1781636),
(530,'托马斯·施拉梅',26359190),
(531,'贾森·雷特曼',26684331),
(532,'卡瑞恩·库萨马',26684331),
(533,'伊恩·B·麦克唐纳',26684331),
(534,'琳·谢尔顿',26684331),
(535,'玛丽埃尔·海勒',26684331),
(536,'迈克尔·韦弗',26684331),
(537,'弗莱德·萨维奇',26684331),
(538,'汤姆·霍珀',2131678),
(539,'Abram Cox',26660067),
(540,'Dan Merchant',26660067),
(541,'约翰·海姆斯',26660067),
(542,'布拉德·塞伯宁',25885187),
(543,'Gene Roddenberry',1738970),
(544,'Jason Ensler',6772733),
(545,'肖恩·拜利',6082513),
(546,'查理·宾',6082513),
(547,'Kevin Altieri',2272384),
(548,'Boyd Kirkland',2272384),
(549,'Frank Paur',2272384),
(550,'Dan Riba',2272384),
(551,'Dick Sebast',2272384),
(552,'Bill Finger',2272384),
(553,'约瑟夫·麦克金提·尼彻',26357515),
(554,'奥兹·斯科特',26357515),
(555,'Andy Wolk',26357515),
(556,'里兹·弗德兰德',26720288),
(557,'Nathan Chew',2156903),
(558,'乔什·施瓦兹',2268831),
(559,'汤姆·麦格拉思',11504572),
(560,'埃里克·达尼尔',11504572),
(561,'J·G·昆塔',24843017),
(562,'约翰·伊凡蒂诺',24843017),
(563,'大卫·努特尔',26384948),
(564,'查尔斯·比森',26384948),
(565,'艾略特·莱斯特',26384948),
(566,'阿莱克·斯迈特',26386657),
(567,'乔韩·瑞克',26196140),
(568,'亚当·伯恩斯坦',26196140),
(569,'Todd A. Kessler',26196140),
(570,'让·德·塞贡扎克',26196140),
(571,'艾利克斯·格雷夫斯',26196140),
(572,'泰特·多诺万',26196140),
(573,'丹尼尔·艾提奥斯',26196140),
(574,'西蒙·赛伦·琼斯',26196140),
(575,'麦克·莫里斯',26196140),
(576,'艾德·比安奇',26196140),
(577,'卡尔·弗兰克林',26196140),
(578,'迈克尔·帕特里克·詹恩',26592226),
(579,'戴夫·罗德里格斯',3072110),
(580,'T·J·斯科特',3072110),
(581,'夏洛特·席琳',3072110),
(582,'凯文·麦克唐纳',26030078),
(583,'詹姆斯·斯特朗',26030078),
(584,'约翰·大卫·科尔斯',26030078),
(585,'詹姆斯·弗兰科',26030078),
(586,'詹姆斯·肯特',26030078),
(587,'弗雷德·托耶',26030078),
(588,'格恩迪·塔塔科夫斯基',2333658),
(589,'霍莉·达尔',26302918),
(590,'里克·雅各布森',26654029),
(591,'Alex Zakrzewski',4053797),
(592,'Jeff Buckland',1855204),
(593,'M·奈特·沙马兰',22992179),
(594,'尼莫洛德·安塔尔',22992179),
(595,'詹姆斯·弗雷',22992179),
(596,'史蒂夫·希尔',22992179),
(597,'扎尔·巴特曼里',22992179),
(598,'蒂姆·亨特',22992179),
(599,'夏洛特·席琳',22992179),
(600,'Jeff T. Thomas',22992179),
(601,'科林·巴克西',25966207),
(602,'艾德·比安奇',25966207),
(603,'丹尼尔·艾提奥斯',25966207),
(604,'莱斯利·林卡·格拉特',25966207),
(605,'约翰·达尔',25966207),
(606,'塔克·盖茨',25966207),
(607,'迈克尔·乌彭达尔',25966207),
(608,'David Hollander',25966207),
(609,'Neal Israel',25732562),
(610,'Shelley Jensen',25732562),
(611,'杰夫·戴维斯',25980514),
(612,'布朗温·休斯',25980514),
(613,'拉塞尔·穆卡希',25980514),
(614,'丹尼尔·艾提奥斯',26703949),
(615,'伦尼·阿伯拉罕森',26703949),
(616,'麦克·勒曼',26703949),
(617,'詹姆斯·伯罗斯',26724845),
(618,'戴斯·冯·施勒·梅耶',26654033),
(619,'丹尼·加农',24695310),
(620,'John Beymer',1498178),
(621,'William Klayer',1498178),
(622,'David Tuttman',1498178),
(623,'迈克·卡希尔',26324698),
(624,'卡蒂娅·布里希菲尔德',26803790),
(625,'本·辛克莱尔',26803790),
(626,'Trent O\'Donnell',25843289),
(627,'Richard Clark',25961971),
(628,'迪恩·帕里索特',26413080),
(629,'西蒙·赛伦·琼斯',26386725),
(630,'Allan Kroeker',1449595),
(631,'汤姆·森兰',25955813),
(632,'Craig R. Baxley',1941347),
(633,'迈克尔·W·沃特金斯',1941347),
(634,'布拉德利·比克尔',25742234),
(635,'斯科特·彼得斯',26711715),
(636,'凯瑟琳·哈德威克',26711715),
(637,'罗伯特·里伯曼',26711715),
(638,'凯利·玛金',26711715),
(639,'迈克·尼科尔斯',1417082),
(640,'约翰·特莱斯基',25885752),
(641,'迪恩·霍兰德',26757856),
(642,'迈克尔·麦克唐纳',26757856),
(643,'亚伦·利普斯塔特',26766166),
(644,'詹姆斯·伯罗斯',3295628),
(645,'艾米丽·丹斯切尔',26735801),
(646,'莱斯利·林卡·格拉特',26703458),
(647,'迈克尔·塞洛蒙',26703458),
(648,'诺曼·巴克利',25944811),
(649,'朗·拉格玛斯诺',25944811),
(650,'扎尔·巴特曼里',26727307),
(651,'布拉德·安德森',10480979),
(652,'托比·霍珀',10480979),
(653,'约翰·兰迪斯',10480979),
(654,'约翰·卡朋特',10480979),
(655,'达里奥·阿基多',10480979),
(656,'乔·丹特',10480979),
(657,'米克·加里斯',10480979),
(658,'米切尔·胡尔韦兹 ',11599374),
(659,'Troy Miller',11599374),
(660,'John Rogers',10757228),
(661,'大卫·米奇欧德',25832813),
(662,'朱莉·安妮·罗宾逊',26337367),
(663,'Michael Rymer',1920763),
(664,'吉尔·索洛韦',26432699),
(665,'艾里克·维尔海姆',26383162),
(666,'阿兹·安萨里',26383162),
(667,'詹姆斯·庞索特',26383162),
(668,'琳·谢尔顿',26383162),
(669,'赛斯·戈登',25977905),
(670,'Jon Jones',6087553),
(671,'Eagle Egilsson',25862254),
(672,'Robert Stevens',5284641),
(673,'詹姆斯·涅尔森',5284641),
(674,'阿尔弗雷德·希区柯克',5284641),
(675,'Dan Attias',10428490),
(676,'詹姆斯·维度斯',25846035),
(677,'米克·加里斯',3036480),
(678,'格里高利·尼克特洛',25749818),
(679,'丹尼尔·米纳汉',26298650),
(680,'大卫·彼特拉克',26298650),
(681,'乔恩·阿米尔',26298650),
(682,'埃里克·萨哈罗夫',26298650),
(683,'詹姆斯·麦克特格',26298650),
(684,'Greg Bailey',1863598),
(685,'Louis Piché',1863598),
(686,'汤姆·维里卡',26384781),
(687,'贾斯汀·查德维克',1470619),
(688,'苏珊娜·怀特',1470619),
(689,'Arvin Brown',6521838),
(690,'保罗·麦奎根',26385088),
(691,'Rick Berman',1949822),
(692,'迈克尔·皮勒',1949822),
(693,'Jeri Taylor',1949822);

/*Table structure for table `meiju_drama` */

DROP TABLE IF EXISTS `meiju_drama`;

CREATE TABLE `meiju_drama` (
  `id` int(11) NOT NULL AUTO_INCREMENT,
  `title_cn` varchar(200) DEFAULT NULL,
  `image` varchar(200) NOT NULL,
  `title_en` varchar(200) NOT NULL,
  `year` smallint(5) unsigned NOT NULL,
  `episodes` smallint(5) unsigned NOT NULL,
  `summary` longtext,
  `avg_rating` decimal(8,1) NOT NULL DEFAULT '0.0',
  `is_active` tinyint(1) NOT NULL DEFAULT '1',
  `alternate_name` varchar(200),
  `current_season` smallint(5) unsigned DEFAULT NULL,
  `douban_url` varchar(200),
  `seasons_count` smallint(5) unsigned DEFAULT NULL,
  PRIMARY KEY (`id`)
) ENGINE=InnoDB AUTO_INCREMENT=26999947 DEFAULT CHARSET=utf8;

/*Data for the table `meiju_drama` */

insert  into `meiju_drama`(`id`,`title_cn`,`image`,`title_en`,`year`,`episodes`,`summary`,`avg_rating`,`is_active`,`alternate_name`,`current_season`,`douban_url`,`seasons_count`) values 
(1301411,'急诊室的故事 第十二季','https://img3.doubanio.com/view/movie_poster_cover/lpst/public/p2218343724.jpg','ER',2005,22,'这是发生在美国芝加哥一家急诊室的故事，这里每天收治的都是需要急救的病人，每位医护人员都用自己的高超的医术和仁慈的爱心对每一位患者进行救助，每天有很多人从这里健康地走出，也有很多生命在这里画上句号，但是弥漫在急诊室里的温暖感受人的空气，却一直没有变过……健康与病痛相连，生命与死亡并存，这部剧集讲述发生在急诊室里真实而又感人的故事。','8.8',1,'急诊室的故事 第十二季',12,'https://movie.douban.com/subject/1301411/',15),
(1307847,'兄弟连','https://img1.doubanio.com/view/movie_poster_cover/lpst/public/p1714777727.jpg','Band of Brothers',2001,10,'第二次世界大战接近尾声，同时也到了战况最为惨烈的时节。德国纳粹节节败退，同盟国决定在欧洲开辟第二战场，而法国北部的诺曼底则成为新局开端的要冲所在。1944年6月6日，美国101空降师506团E连奉命空降这个枪火密集的海滩。E连有一群热血贲张、爱国向上的青年组成，严酷的训练让他们成为美军中的精英和骨干。在温斯特中尉（戴米恩·刘易斯 Damian Lewis 饰）的指挥下，战士们克服了各种不利因素，出色完成了登陆之战。在此之后，高密集度的战斗拉开了序幕，无论是法国的卡朗唐镇还是荷兰的埃因霍温，无论是比利时的巴斯托尼还是德国的海格纳镇，皆留下了E连兄弟们的身影和鲜血。兄弟连，正是一支属于平凡战士的颂歌和安魂曲……\n本片根据美国101陆军空降师部队E连的真实事迹改编，并荣获2002年艾美奖最佳表演、最佳导演、最佳迷你剧集、最佳剪辑、最佳混音、最佳声效等六项大奖。©豆瓣','9.5',1,'战火兄弟连',NULL,'https://movie.douban.com/subject/1307847/',NULL),
(1394180,'乔伊 第一季','https://img1.doubanio.com/lpic/s3312859.jpg','Joey',2004,24,'[Friends 老友记/六人行]后的Joey在LA的单飞篇，期待纽约老友们的来访。     \r\n    挥手作别相伴十载的\"Friends\"，Joey也告别在纽约成家立业的老友们，来到阳光灿烂的洛杉矶继续追逐他的明星梦。LA住着他的姐姐Gina，一位火辣性感、容易兴奋的美发师，同时也是一位未婚母亲，她的天才儿子，20岁Michael，是一位研究火箭科学的研究生，由于无法继续忍受母亲Gina无微不至的照料，Michael搬来与舅舅Joey同住。但Gina仍对儿子放心不下，天天都要来照看宝贝儿子有没有被花花公子般的Joey所带坏。缺少书本知识的Joey与不擅长人际交往的Michael正好形成了互补，Michael也在Joey的指点下开始了自己的追女仔计划……','7.2',1,'乔伊',1,'https://movie.douban.com/subject/1394180/',2),
(1417082,'天使在美国','https://img3.doubanio.com/view/movie_poster_cover/lpst/public/p1410673956.jpg','Angels in America',2003,6,'故事发生於20世纪80年代中期的纽约，《千禧年降临》的第一幕介绍了中心人物路易·爱恩森（Louis Ironson）。他是一名犹太人，与同性恋爱人普莱尔·沃尔特（Prior Walter）住在一起。但普莱尔後来发现自己患有艾滋病，社会在当时对此病仍然知之甚少，路易无法承受住巨大的压力便抛弃了对方搬了出去。与此同时，在城市中另一方，也有一位名为乔·皮特（Joe Pitt）的共和党律师。他是一位摩门教徒，同时也在尽力压制自己的同性恋倾向。剧中，臭名昭著的麦卡锡主义者罗依·康（Roy Cohn）为他提供了一份十分有前途的工作，而乔并没有立刻接受，因为他担心自己服用安定上瘾的妻子哈珀（Harper）。\n随着剧情发展，普莱尔发现经常有鬼魂和天使来拜访他，还被这些人称为先知；乔在自己的宗教信仰和性取向的矛盾中痛苦挣扎；路易十分後悔抛弃了爱人，时刻受到良心的折磨；乔的妈妈汉娜（Hannah）得知儿子是同性恋後搬到纽约，要照顾儿媳；而罗依·康本人也是一位同志，因为艾滋病住进了医院，负责护理他的护士是一位名为伯利兹（Belize）的黑人同志，他是普莱尔的好友，原来从事过女装表演；最后，原来冷战时期因为罗依·康的幕後操纵而被美国司法处以极刑的共产党人艾瑟尔·罗森堡（Ethel Rosenberg）也化为鬼魂来報復他。\n全剧充满了黑色幽默与悲剧色彩，对白极为出色，在一些需要特殊效果衬托的地方展现出很浓的戏剧风格。大多数演员都一人分饰几角，比如扮演普莱尔的护士的演员，也同时扮演美国天使。剧中对圣经和美国政治、经济、文化、种族、环境现象有非常多的引用，也有发生在南极和天堂的戏份，也涉及了旧金山的大地震与纽约中央公园中的毕士大（Bethesda）天使像。\n很多观众与评论家都认为此剧是美国近年来最有影响力的戏剧之一。','8.5',1,'天使在美国',NULL,'https://movie.douban.com/subject/1417082/',NULL),
(1418614,'费丽丝蒂 第一季','https://img3.doubanio.com/view/movie_poster_cover/lpst/public/p2160938533.jpg','Felicity',1998,22,'It all starts the moment shy, beautiful Felicity Porter (Keri Russell, Dead Man\'s Curve) asks Ben Covington (Scott Speedman) to sign her high school yearbook. It\'s graduation day...he\'s gorgeous...and she\'s had a four-year crush on him. Even though the two have never spoken, what he writes is so insightful, so perfect, it persuades Felicity to change the course of her future. A future defined by medical school and the dreams of her parents. She surreptitiously follows Ben to UNY (the fictional University of New York) and is quickly swept into a romantic triangle that brings both discovery and heartache. Felicity moved to New York to find romance but ends up finding herself. Written by Anonymous','8.6',1,'大学生费莉希蒂',1,'https://movie.douban.com/subject/1418614/',4),
(1419665,'超级保姆 第一季','https://img1.doubanio.com/view/movie_poster_cover/lpst/public/p2249181227.jpg','The Nanny',1993,22,'《天才保姆》（The Nanny，港译《超级保姆》）是一部美国CBS播放的电视情景喜剧。1993年11月3日始播，1999年结束，共六季。背景设在纽约曼哈顿，讲述一位犹太保姆在一户英国贵族家庭工作、生活的搞笑故事。\r\n\r\n播出六年，在美国收视率很高，在其他一些国家人气也很旺，引进海外情景喜剧不多的中国大陆也播放过。此剧是极少数主角是犹太人的成功美国情景喜剧之一，也是美国近年来少数围绕著女性人物为中心的情景喜剧之一。女主角保姆由弗兰·卓雪（Fran Drescher）扮演，剧集中保姆很多亲戚的名字就是借鉴卓雪的真实亲友而来。此剧的执行制作人是弗兰·卓雪本人和她当时的丈夫马克·雅格森。\r\n\r\n犹太姑娘弗兰·范原本住在纽约王后区，故事开头被意大利男友兼老板甩掉，被迫到曼哈顿上东区一户富裕人家推销化妆品。户主是百老汇制作人麦克斯韦尔·谢菲尔德，英格兰贵族血统，鳏夫，膝下三个孩子。麦克斯误以为她来应征保姆工作，阴差阳错就开始了弗兰在谢菲尔德家的搞笑生活。\r\n\r\n弗兰的最大特点是鼻音极重（女主演本人就是这样），而且经常用怪声大喊大叫，很多观众可能无法忍受。她平时衣著极为俗艳，发型膨大，夸张怪异的举止言行和拘谨严肃的谢菲尔德一家格格不入，教育孩子的方法也十分古怪，上流社会和平民阶层、英裔美国人文化和犹太文化之间的撞击使笑话层出不穷。三个孩子中大女儿没有自信；儿子调皮捣蛋；小女儿心态早熟，看心理医生是家常便饭，满嘴都是心理学术语。保姆诚实善良、当机立断、亲情至上的性格慢慢为家庭中带来了欢乐，让一家人心态更加健康，她也完全融入了家中生活。\r\n\r\n管家奈尔斯机敏幽默，监视偷听家里发生的各种搞笑事情，运用自己的讽刺智慧和形象的语言一次次帮助大家解决问题。他很快意识到弗兰能够为家里带来温暖，总是站在她一边，同时还以捉弄嘲讽男主人的工作搭档茜茜为生活乐趣。茜茜是个恶毒冷淡没人爱（连她自己的狗都不喜欢她）的女强人，一直对麦克斯有企图，视弗兰为死敌，但还要一天到晚应对管家的各种捉弄和欺负。\r\n\r\n从一开始男女主角两人就互有好感，但两人都过于害羞始终没有挑明。编剧也一直用这个线索来制造各种笑话。第五季结尾两人终于成婚，第六季生下一对双胞胎。最让观众吃惊的是茜茜和管家多年互相捉弄攻击后，最终也走到了一起。\r\n\r\n弗兰的犹太老妈无时无刻不来看她，经常从孩子们的盘子里偷食物（因为“小孩子吃不下这么大的东西”），总是唠叨催女儿早点结婚。弗兰的犹太姥姥则是个大烟枪，和弗兰老妈一样兴趣就是把弗兰和男主人撮合到一起。\r\n\r\n\r\n此剧一来人气很旺，二来犹太人是主角，好莱坞和百老汇犹太人势力庞大，因此很多大明星都前来加盟客串过，最著名的包括席琳·狄翁、艾尔顿·约翰、休·格兰特、伊丽莎白·泰勒等等。当时美国总统比尔·克林顿的弟弟罗杰·克林顿也在剧中出现过好几次。','9.0',1,'天才保姆',1,'https://movie.douban.com/subject/1419665/',6),
(1422340,'小丑回魂','https://img3.doubanio.com/lpic/s4427264.jpg','IT',1990,2,'马里兰州德瑞镇，是一座籍由伐木业形成的城镇。但从建镇那天起，这里似乎就有一个小丑（Tim Curry 饰）存在，但他绝非善类，反而以残害儿童为乐。\n被坏孩子们欺负并称为窝囊废俱乐部的比利、麦克、史坦、贝芙、艾迪、本和瑞奇组成了幸运七人组。比利（Jonathan Brandis 饰）的弟弟乔治雨天玩耍时撞见小丑，失去了性命。他们从麦克（Marlon Taylor 饰）的家族相册中得知小丑的存在，而小丑也开始威胁孩子们的生命。七人组的孩子为了给乔治报仇，并保护镇上的孩子们，他们决心消灭小丑。经过一番激战，小丑带伤逃遁，三十年后，这个邪恶的魔鬼重返德瑞小镇……©豆瓣','7.1',1,'Stephen King\'s It',NULL,'https://movie.douban.com/subject/1422340/',NULL),
(1428366,'消消气 第一季','https://img3.doubanio.com/view/movie_poster_cover/lpst/public/p2232173931.jpg','Curb Your Enthusiasm',2000,10,'这部剧集是上世纪九十年代最流行的情景喜剧《Seinfeld》的主创之一拉里·大卫(Larry David)自编自演，根据他在洛杉矶影艺圈的生活创造的喜剧。他把《Seinfeld》的风格推向极端化。HBO因是有线电视所以不需要很大的观众圈，所以HBO上的剧集常常风格独具。《抑制热情》显得特别生活化，很是写意，有很多现场发挥，刚开始播时观众圈不大，之后开始名声见长。拉里·大卫凭此剧获艾美奖2000年度喜剧类剧集最佳男主角提名。\r\n\r\n本剧是根据拉里-大卫当初在洛杉矶演艺圈的亲身经历改变而成，并由大卫自编自演而成的喜剧。把《Seinfeld》的风格推向了极端化。通过《抑制热情》让观众看到了大卫的正直、大方和谦虚，这位创作大师通过HBO带给观众无数的欢笑。而剧情游弋在真实与虚构之间，大卫和演员们把真实的洛杉矶生活呈现在银幕上，就仿佛有一架摄影机，随时把那真实的经历实况转播给观众一样。更重要的是，本剧本身是没有剧本的，往往依靠演员们的即兴表演赋予演出进度和新鲜感。而这造就了本剧的变幻莫测和与众不同。','8.8',1,'抑制热情',1,'https://movie.douban.com/subject/1428366/',9),
(1440937,'变形金刚 第一季','https://img3.doubanio.com/lpic/s1458251.jpg','Transformers',1984,16,'在遥远宇宙的最深处，有一颗名为塞博坦的星球。数千万年前，一种高级智慧生命体为了某种目的开发出军用和民用两种机器人，但是随着各种事件的发生和机器人不断进化，机器人最终取得独立和自由。他们分别称作狂派（霸天虎）和博派（汽车人），双方为了争夺塞博坦的统治展开旷日持久且不断升级的战争。时至今日，能源枯竭的塞博坦迫使博派向外寻求能量，而狂派尾随而至，双方最终来到了地球。自此以后，双方在擎天柱和威震天的率领下，以地球为据点展开新一轮的较量。神乎其神的变形能力，不断得到开发的新型战士，以及彼此全力争夺的能量块。宏伟的变形金刚故事缓缓拉开大幕……\n本片为孩之宝公司为配合相应的玩具销售而制作的经典系列动画。©豆瓣','8.8',1,'变形金刚',1,'https://movie.douban.com/subject/1440937/',4),
(1449595,'阴阳魔界','https://img3.doubanio.com/lpic/s2804373.jpg','The Twilight Zone',2002,43,'It\'s no stretch of the imagination to say that Rod Serling\'s 1959 sci-fi drama \'The Twilight Zone\' is a classic series that ranks up there with the best shows of all time. In fact, it\'s so obvious, it\'s almost a statement of fact cowardly disguised as an opinion. It\'s like people who say they are against war or don\'t like death. Really? Wow, that\'s bold.\r\n\r\nSo, Serling\'s creation is a classic. I can sit and bask in all its black-and-white glory, low budget effects and post-nuclear to-the-camera moralizing during New Year\'s Day marathons on the Sci-Fi Channel for hours on end. This is not \'the real\' Twilight Zone\' but UPN\'s debunked experiment to remake the series and update it for a new generation (hosted by a wildly miscast Forest Whitaker). However, I approach this show not as a cockeyed purist or one of the many pseudo-intellectuals who insists that entertainment was better back in the day. \'The Twilight Zone\', and it\'s unforgettable formula, is exactly the type of series that can be resurrected and re-invented for future generations in response to the needs and fears of the current political and social climate of that generation. As it has already been tried once before in 1985 with lukewarm results.\r\n\r\nThis show doesn\'t even come close to rising to the challenge or exploring the entirely free universe that the premise provides its writers. This is a sell-out, bargain basement \'Twilight Zone\'-lite. Aside from great writing, creepy premises and patented ending twists, the biggest asset Serling brought to \'Twilight\' was incalculable passion. It was his baby. All of which this show lacks in spades. It\'s unclear if the writers are lazily coasting on the show\'s namesake or working under Serling\'s shadow constantly in fear of doing anything bold and screwing up. The ironic thing is that, like the original, this remake could have probably gotten by with phony special effects and campy acting if it had something to say. But the stories are tedious. Pure sci-fi movie-of-the-week trash. When they couldn\'t make original episodes work, they resorted to guest stars and glamorous babes to titillate the audience with cheap soft-core stories (such as fictitious sex-pot women created via writing or holograms who soon start acting human) . When that didn\'t work, the show resorted to simply re-creating classic \'Zone\' episodes. \r\n\r\nSomething this series does have to it\'s name is an eye-catching roster of talented guest stars. See Amber Tamblyn before her breakout series and Dylan Walsh before hi. See veteran actors like Jason Alexander, Lou Diamond Phillips, Christopher McDonald, Cloris Leachman. More appealing is the chance to see character actors that have caught my eye over the years and I so can\'t get enough of I\'d even watch this show to see what they can bring to it. That list includes such criminally ignored versatility as Linda Cardellini (\'Freaks and Geeks\'), Christopher Titus (\'Titus\'), Jeremy Piven (\'Cupid\'), Jason Bateman & Portia De Rossi (pre-\'Arrested Development\'), Vivica A. Fox, Patrick Warburton & Wayne Night (\'Seinfeld\'), Xander Berkley (\'24\'), Robin Tunney, Alicia Witt (\'Cybill\'), Paul Rodriguez and even Jessica Simpson. But in the end, the guest star on the title draws us in like a fly to the bug zapper. That\'s what makes this all the tougher to watch. To see these people working with material so far below their means is almost sad. \r\n\r\n\'The Twilight Zone\' could have been so much more then just letting us see what \'The Monsters Are Due On Maple Street\' would look like with a new cast and the social climate it was pertinent in now 40 years in the past. I\'m harsh on this show because I do not believe that there are no new ideas or that this hackery is a fraction of what the creative minds of this generation can come up with. You\'re better off with the \'Futurama\' homage \'The Scary Door\' over this.©豆瓣','8.3',1,'阴阳魔界',NULL,'https://movie.douban.com/subject/1449595/',NULL),
(1459021,'霹雳游侠 第一季','https://img3.doubanio.com/view/movie_poster_cover/lpst/public/p2248681003.jpg','Knight Rider',1982,22,'还记不记得伴着我们长大的那部飞狼，那部霹雳游侠？ 那架黑色的直升机，那辆黑色的汽车。给了我们多少欢乐。 警官麦克朗在一次执行任务中被子弹击中头部，醒来后发现自己竟然变成了一个陌生人的模样！不仅如此，他的身份也完全改变了。救活他的是政府立法基地的戴文，戴文告诉他：麦克朗已经死了，代替他的将是麦克奈特！并且将一辆独一无二的汽车交给他，从此，世界上多了一位专门惩治逃避法律制裁的罪犯的——霹雳游侠','8.6',1,'霹雳游侠',1,'https://movie.douban.com/subject/1459021/',2),
(1470619,'荒凉山庄','https://img3.doubanio.com/lpic/s3859666.jpg','Bleak House',2005,15,'《荒凉山庄》被认为是作家查尔斯·狄更斯的最高成就之一，他对维多利亚时期的伦敦的文字描写更是无人能出其右。\n本片讲述了冰美人戴德洛克(葛莉安·安德森 饰)，终日厮守着一个自己不堪回首的秘密，以及一个无情的律师图荆霍尔(查尔斯·丹斯 饰)，试图揭开这一谜团的故事。为人慷慨的约翰·贾丹斯(丹尼斯·罗森 饰)，身陷与往事的纠缠和他的两个年轻的被监护人理查德（帕特里克·肯尼迪 饰)和艾达(卡莉·穆里根 饰)之间。 和戴德洛克女士一样，这些人全部被牵扯进一宗名为“贾丹思指控贾丹思”的案件当中，如果终审裁决，其中一方将获得一笔巨大的财富。\n本片题材辐射社会纵深，上至达官显贵下至街头贫民；故事本身则充满了戏剧性，描写手法娴熟；为观影者呈现了一部故事情节和史诗人物的盛宴；作者对19世纪英国政治和司法系统针砭时弊，其警示作用不可小觑。','8.5',1,'凄凉的房子',NULL,'https://movie.douban.com/subject/1470619/',NULL),
(1476269,'福尔摩斯新探案','https://img1.doubanio.com/lpic/s1789879.jpg','The Case-Book of Sherlock Holmes',1991,9,'福尔摩斯曾经说过：“给我难题，给我工作，给我最深奥的密码，给我最复杂的分析工作，这样我才觉得最舒适，才不需要人为的刺激。我非常憎恶平淡的生活，我追求精神上的兴奋，因此我选择了我自己的特殊职业——也可以说是我创造了这个职业，因为我是世界上惟一从事这种职业的人。”\r\n\r\n如果你也憎恶平淡的生活、追求精神上的兴奋，那么，相信你一定是喜欢看《福尔摩斯》。因为看侦探小说和当侦探具有同样的乐趣，那就是：凶手是谁？你要和福尔摩斯先生一起去勘察现场、调查证人、寻找线索、鉴定物证；要和福尔摩斯先生一起去推理、假设、排除、肯定、否定、否定之否定……然后你能够和福尔摩斯先生同时指出真凶的身份——没错，一定是他！\r\n\r\n这也是侦探剧的魅力。杰锐莱·布莱特——这位“福迷”心中的真神，在长达十余年间，共出演了41部Granada的福尔摩斯剧集（注：十年才拍40集，精品就是这样炼成的！），期间仅由于身体原因稍有中断，表演风格亦臻化境，他举止优雅、声容并茂，每个细节都折射着理性的华美与智慧的光芒，所表现出的不仅仅是福尔摩斯外表上的冷和傲，更多的是透过他那双迷人的、略带忧郁的绿色眼睛表现出的福尔摩斯冰冷外表下的对人类的爱与同情。\r\n\r\n该剧在案情拆解方面令人叫绝，不到最后一刻，你都无法下断言，然而最终当疑雾被福尔摩斯精妙的推理层层破解的时候，悬疑在观众内心深处便全然转化为快感！\r\n\r\n剧集包括：\r\nSeason 1, Episode 1: The Disappearance of Lady Frances Carfax《弗朗西斯·卡法克斯女士的失踪》21 February 1991\r\nSeason 1, Episode 2: The Problem of Thor Bridge《雷神桥之迷》28 February 1991\r\nSeason 1, Episode 3: Shoscombe Old Place《肖斯科姆别墅》7 March 1991\r\nSeason 1, Episode 4: The Boscombe Valley Mystery《博斯科比溪谷秘案》14 March 1991\r\nSeason 1, Episode 5: The Illustrious Client《显贵的主顾》21 March 1991\r\nSeason 1, Episode 6: The Creeping Man《爬行人》28 March 1991\r\nSeason 1, Episode 7: The Master Blackmailer《讹诈专家》2 January 1992\r\nSeason 1, Episode 8: The Last Vampyre《最后的吸血鬼》27 January 1993\r\nSeason 1, Episode 9: The Eligible Bachelor《单身贵族》3 February 1993','9.4',1,'新探案',NULL,'https://movie.douban.com/subject/1476269/',NULL),
(1498178,'法律与秩序 第一季','https://img3.doubanio.com/view/movie_poster_cover/lpst/public/p2172711173.jpg','Law & Order',1990,22,'纽约警察和检察官的故事，跨越15个春秋，1990年首播，至今仍受到亿万观众瞩目的长剧。\r\nlaw & order第55届艾美奖最大的遗憾，已连续11年入围剧情类最佳电视剧奖提名的这部热门电视剧，这次却意外地未被提名，粉碎了它原本想要缔造的12次提名新高。 \r\n本片融警匪与法庭于一体的电视剧，片中讲述的犯罪基本原于真实生活，往往是近期报纸上的头条新闻。节目分为两部分，上半部分介绍警察研究现场，征询证人，提审嫌疑犯等一系列的侦破活动，后半部分详尽记录了案件侦破的后期工作，案件转交到检查官手里，检查官衡量案情，起诉，直到庭审，节奏紧凑，扣人心弦。由于最终坏人不一定被绳之于法，所以观众看的时候往往暗自捏一把汗。\r\n这个剧集除了已经播出的15季之外，还包括3个特别的系列，一个是\r\nSpecial Victims Unit 系列（6季），一个是Criminal Intent 系列（4季），和Trial By Jury\r\n系列。可见其火爆程度。堪称NBC历史上，乃至美国影史上最宏伟的剧集。\r\n\"In the criminal justice system, the people are represented by two separate yet equally important groups: the police, who investigate crime; and the district attorneys, who prosecute the offenders. These are there stories. \"\r\n这是Law & Order十四年如一日，也是我百听不厌的开场白，是以Law & Order franchise(包括spin-off的SVU)都兼有探员的办案过程跟检察官在法庭上的滔滔雄辩，这二者相互分庭抗礼成为Law & Order奠定其cop drama之教父地位的独特魅力，但是近来每回看Law & Order，都彷彿只是在等待后半小时的法庭戏上，也不是说前面的办案就不精采，但是总要在进入起诉过程中才显出本剧的成熟、世故，细腻精妙处的炉火纯青；一男一女老少两位检察官的不同考量而激盪出的互动、辩证，起诉的战略方针往往不只是黑白分明的司法正义考量，而牵扯到背后司法制度及其偏狭漏洞、细微的政治空气，Law & Order更不只是关在摄影棚里编造天马行空的离奇案件，它每回总是不犹疑地定睛盯上社会中的敏感命题。\r\n\r\nLaw & Order: 和L&O: SVU一样，是Law & Order家族的老大，Wolf Dick的作品。个人觉得它有点像一个drama版的今日说法，当然Law & Order要好很多。Law & Order的最大卖点是它的order部分。看order部分对美国criminal law和criminal procedure law有很大的了解。','9.3',1,NULL,1,'https://movie.douban.com/subject/1498178/',20),
(1738970,'星际旅行：下一代 第一季','https://img3.doubanio.com/lpic/s4644273.jpg','Star Trek: The Next Generation',1987,25,'《星际迷航:下一代》(简称TNG)是《星际迷航》系列的第2部剧集，台湾翻译为《银河飞龙》，于1987-1994年共播出了7季。该剧讲述的是在24世纪，《星际迷航:原初系列》(简称TOS)的八十年后，Picard舰长率领企业号D继续探索太空的冒险故事。\n每一集的开头都有这样一段话：「宇宙，人类最后的边疆，这是星舰企业号的旅程，它所持续的使命，是为了探索陌生的新世界，寻找新的生命及新的文明，勇敢地航向那前所未至的宇宙洪荒。」\n这段话和「原初系列」的版本并没有太大的差别，为了更强调银河中有许多不同的人种，「man」也改成了用　one　代替，不光指地球人类。\n由于电影第四集「抢救未来」最后出现了企业号A (NCC-1701-A)，「TNG」的企业号编号改为现在大家熟悉的 NCC-1701-D，一直到现在，只有企业号的编号是维持不变，后面再挂上字母的，这是企业号的特权，其它星舰在不同时代即使有重复的名称，也不会有相同的编号。\n星舰企业号D的舰长是Jean-Luc Picard，副舰长是William Riker，制片人Gene Roddenberry希望由女性来担任安全官以表示未来男女平等，Tasha Yar的角色诞生，后来又加入两个女性角色，顾问 Deanna Troi和医官 Beverly Crusher，另外还有一个天才少年Wesley Crusher。为了纪念一位美国众所皆知于 1975 年过逝的眼盲星舰迷George La Forge，Gene Roddenberry创造出一个眼盲的角色－－ Geordi La Forge。接下来是一个生化人的角色－－ Data，他是企业号的科学官。 最后一个角色 Worf，作为一名克林贡人加入了星际联邦代表着昔日的敌人已成为今日的盟友，在冷战时代是个很有意义的角色。\n时间设定在「TOS」的未来，科技看起来更为进步，如：触碰式的面板、通讯徽章，各种工具都小得许多，而功能也更强大，外星人拥有更多的奇型怪状，而且已经不局限在「吸氧气」的生物了。虽然Beverly医官在第二年离开了进取号到星舰医学院当院长，到第三年才回来，而进取号的交谊厅也多了个酒保 Guinan　解难。','8.7',1,'星际迷航：下一代 第一季',1,'https://movie.douban.com/subject/1738970/',7),
(1766532,'秀逗魔导士NEXT','https://img3.doubanio.com/view/movie_poster_cover/lpst/public/p2260258482.jpg','スレイヤーズNEXT',1996,26,'','9.1',1,'Slayers Next',NULL,'https://movie.douban.com/subject/1766532/',NULL),
(1777506,'马尔科姆的一家 第七季','https://img1.doubanio.com/lpic/s2608208.jpg','Malcolm in the Middle',2005,22,'你好，我叫马尔柯姆。我只是个普通人，直到有一天被发现智商165。他们说：“就算爱因斯坦也要上学。”于是我被转到了克瑞博尼天才班，这里除了怪人就只剩小丑了，老师卡洛琳还让我们排成方队跳舞，引来许多孩子朝我们扔东西，太丢人了。\r\n\r\n自从我成为天才以后，人们对待我的态度变得不一样了，我的家人也是这样。有人说爸爸哈尔是个长不大的孩子，惹出的麻烦比儿子们都多。妈妈露易丝则是家里的女王，她善于用精神力量折磨拷打我们，一旦她露出“那种”眼神，我的天才智商就完全拍不上用处，乖乖地把做过的坏事全招了。大哥弗朗西斯是我的头儿，他非常信任我，所以才会让我替他给女朋友送信，难道不是么？但是爸妈居然不欣赏他的酷劲，把弗朗西斯送去了军事学校，这让我很伤心。二哥里斯是个恶棍，他最喜爱的体育运动是拳击，当我被宣布为天才以后，他把我当成了练习的靶子。难道天才适合当沙袋么？弟弟杜维是一种奇怪的生物，他觉得自己能和狗说话，鼻子也有狗那么灵敏，其实惊人的破坏力才是他的特异功能，凡是他能够到的东西，不是吃下肚子就是砸得粉碎。我觉得他卡在从仓鼠到婴儿的进化途中了，有这么个弟弟真让我很为难。\r\n\r\n新班级里的麻烦也不少，我认识了一个坐轮椅的怪人斯蒂维，不过看在他收藏了那么多漫画书的份上，我们成为了好朋友。随着年龄的增长，我渐渐地遇到了很多新麻烦，比如女孩……我也许永远搞不懂她们在想些什么，大哥弗朗西斯教我的办法也从不管用。家里变得更热闹了，妈妈生下了小弟弟杰米，有新来的替罪羊让我非常高兴。里斯长得更高，拳头也更硬了，唯一不变的就是他迟钝的头脑。弗朗西斯从阿尔巴马搬到阿拉斯加，现在又打算去新墨西哥，只要能避免回家，他也许乐意住到南极去。\r\n\r\n天才的生活很麻烦，特别当你生活在这些人中间。不是么？\r\n\r\n《左右做人难》是讲述一个生于中产阶级家庭的小男孩马金和他的家人的故事。为家庭喜剧类 \r\n    该剧主要是通过马金的眼睛来看待家里各人的关系，以及校园生活。在他的世界里，\r\n他突然发现自己的与众不同，而周围的人根本无法和他交流。但是他爱他的家人们，\r\n只好周旋在自己的世界与其他人的世界之间，时不时做出惊人之举。马金有一种让人亲近又愤世\r\n疾俗的性格。他用自己特别的方式为人处世，度过了自己的童年。本剧在有线电视ＭＺ台每周日黄\r\n金时段播出\r\n\r\n至今已经连载到第7季了,还要继续走下去^-^\r\nIMDB评分7.5','8.9',1,'马尔科姆身在其中 第七季',7,'https://movie.douban.com/subject/1777506/',7),
(1781597,'神探加杰特 第一季','https://img3.doubanio.com/view/movie_poster_cover/lpst/public/p2270892774.jpg','Inspector Gadget',1983,65,'加杰特是一名糊涂的探员，他的上司探长更是胆小得总是躲在自认为安全的地方发布命令。然而这么一对组合，竟然能时常挫败邪恶的Claw博士领导的M.A.D.军的阴谋。这一切都归功于加杰特的侄女Penny和她的小狗暗中帮忙，以及他的经常歪打正着的好运气，当然，加杰特身体上那些时灵时不灵的宝物：轮滑鞋、弹簧手臂、直升机式飞帽等等都经常能在关键时刻助他一臂之力。稀里糊涂的加杰特就靠着这一切在捍卫着世界和平。©豆瓣','8.4',1,NULL,1,'https://movie.douban.com/subject/1781597/',2),
(1781636,'大力水手 第一季','https://img3.doubanio.com/view/movie_poster_cover/lpst/public/p1686984203.jpg','Popeye the Sailor',1960,50,'波派是一个水手，和女友奥莉弗开心的生活在一起。波派和奥莉弗的幸福生活引起了坏蛋的布鲁托的嫉妒，他千方百计要将奥莉弗抢走。于是，每一集中布鲁托总是想尽办法来抢奥莉弗，每每在他即将得手的时候，波派总能得到他的救命符——菠菜。只要 吃了菠菜，波派就能变得力大无穷，布鲁托的亦会随之被无敌的波派制服！©豆瓣','8.4',1,'Popeye',1,'https://movie.douban.com/subject/1781636/',2),
(1795462,'下课后 第一季','https://img3.doubanio.com/lpic/s3111213.jpg','Recess',1997,26,'《下课后》是迪士尼频道1997年推出的一部卡通影集。\n2000年，《下课后》获得了美国艾美奖最佳动画片。\n2001年，迪斯尼又将它改编成一部动画电影《暑期历险》。\n故事就是通过：总是戴着一顶红色棒球帽，喜欢恶作剧，让老师非常头疼的提杰；有才干的运动员和厨师，并且是校中消息最灵通人士的文斯；擅长摔跤，勇气过人的假小子史比娜莉；天资聪明，被年长的孩子称为“天才女孩”葛莉琴；说话富有哲理，但是爱吃的胖子麦奇；来自一个严格军事化的军人世家的新生古斯，这六个来自不同社会、拥有不同文化和特色的展开的，讲述了发生在教室、操场和家庭中的种种有趣的故事。©豆瓣','8.5',1,NULL,1,'https://movie.douban.com/subject/1795462/',NULL),
(1845625,'忍者神龟','https://img3.doubanio.com/lpic/s1733072.jpg','Teenage Mutant Ninja Turtles',1987,193,'这是一部经典的美国的动画片。一天，一家工厂泄漏的有毒化学物质流到了纽约市的地下水道，这些化学物质令到四只平凡的小海龟发生了基因突变，变成了像人一样能站立行走的人形海龟，他们分别是米开朗基罗、达芬奇、拉斐尔和多纳泰罗，而一位忍术了得的日本忍者斯普林特也因为接触到这些物质而 变成了一只人形的老鼠。海龟们拜斯普林特为师傅，学习忍术和功夫，并在电视台记者范宝儿和爱玛的帮助下，与住在地层地下企图统治世界的克朗和他爪牙施莱德展开了一场又一场斗争。©豆瓣','8.1',1,'Teenage Mutant Hero Turtles',NULL,'https://movie.douban.com/subject/1845625/',NULL),
(1855204,'水獭小宝贝 第一季','https://img3.doubanio.com/lpic/s23126306.jpg','PB&J Otter',1998,13,'花生、果酱、奶油。这不是食物，这是水獭小宝贝三个小宝贝的名字。花生是哥哥，果酱是姐姐，而奶油则是家中最小的水獭。三獭和爸爸妈妈一起住在哈哈湖畔的船屋里，日子过得其乐无穷。三只小水獭则不满于平淡的生活，利用他们惊人的想象力和创造力，经历了很多不可思议的冒险，其中有困难有挫折，但最终都被化险为夷。\n在每集的故事中，我们都会欣赏到三只小水獭的点子小舞蹈。一旦他们相出了应对问题的点子，就会有一段可爱的舞蹈。而他们的家——小船屋，则是三只小水獭最美的归宿地。《水獭小宝贝》轻松愉快，寓教于乐，非常适宜阖家观赏。©豆瓣','8.1',1,'水獭小宝贝',1,'https://movie.douban.com/subject/1855204/',NULL),
(1863598,'小小露露秀','https://img3.doubanio.com/view/movie_poster_cover/lpst/public/p1033544354.jpg','The Little Lulu Show',1995,52,'《小露露》（The Little Lulu Show）是是一部描述童年绮丽梦想的连环漫画。由马乔里·亨德森·比尔以笔名玛吉在《星期六晚邮》杂志上的偕趣独幅连载漫画，问世于1935年6月。\n该动画片发行于1995年，全集为两季52集，第一季为26集，每一集由5个小故事组成。\n故事的主角是一个穿着红裙子的小女孩——露露·莫皮特。露露是一个典型的城市小女孩。该剧主要讲述了小露露与她的“男友”塔比·汤姆金斯（一个总是穿着蓝色衣服的胖小男孩）以及邻居家的小伙伴的诙谐幽默的闹剧、童稚时代的趣事如雨后春笋般的涌现，其丰富的想象力，鲜明的性格描写与横生的妙趣给一代人留下了难忘的印象。©豆瓣','8.4',1,'露露',NULL,'https://movie.douban.com/subject/1863598/',NULL),
(1865139,'怪胎与书呆','https://img3.doubanio.com/lpic/s2832293.jpg','Freaks and Geeks',1999,18,'故事背景为80年代的美国，底特律郊外一所私立高中里，有这么两种学生：怪胎和书呆。怪胎游手好闲、惹是生非，书呆懦弱无能，只会读书。Lindsay（琳达·卡德里尼 Linda Cardellini 饰）学习成绩拔尖，因为不想被划入“书呆”行列，她主动结识了几个“怪胎”，成为他们的朋友。她的弟弟Sam（约翰·弗朗西斯·达利 John Francis Daley 饰）是个不折不扣的书呆，不仅本人软弱无能，还交了一群同样怯懦的书呆朋友。\n学校里形形色色的学生都要面对他们各自的成长烦恼，Lindsay每日要面对家庭和学校的双重管教，Sam每日要忍受学校小流氓的滋扰。这是一个真实的故事，一个关于成长的故事，叛逆的怪胎和怪异的书呆，他们的生活在每一个高中校园里上演，折射出每一个人的青春。©豆瓣','9.2',1,'呆子和怪胎',NULL,'https://movie.douban.com/subject/1865139/',NULL),
(1865836,'金牌律师','https://img3.doubanio.com/lpic/s3259531.jpg','Justice',2006,13,'故事发生在位于大都市洛杉矶的一间高级律师事务所里，每天，无数的面孔出现在这里，不同性别不同肤色，但是他们有一个共同的特点——最近遇到了点或大或小的麻烦，而在事务所里坐镇的四位金牌律师，无疑是他们的救世主。\n荣恩（维克托·加柏 Victor Garber 饰）是事务所里的镇山石，他以缜密的思维和出色的口才闻名于业界，常常活跃在公众的视线之中。汤姆（科尔·史密斯 Kerr Smith 饰）虽不及荣恩那样灵活善变，但其踏实肯干的性格令他成为了事务所里十分值得信任的存在。除此之外，卢瑟（伊默恩·沃克 Eamonn Walker 饰）独特的策略和埃尔顿（丽贝卡·麦德 Rebecca Mader 饰）高超的问询方法亦是事务所得以周转不可或缺的条件。在他们的眼里，没有正义或邪恶，只有失败与成功。©豆瓣','8.6',1,'好莱坞大律师',NULL,'https://movie.douban.com/subject/1865836/',NULL),
(1920763,'太空堡垒卡拉狄加','https://img3.doubanio.com/view/movie_poster_cover/lpst/public/p1842730346.jpg','Battlestar Galactica',2003,2,'Battlestar Galactica 是随七十年代星球大战的电影热潮而制成的科幻电视剧，虽然其曾经制作过电影版本，但最后因为粗制滥造而导致整个系列失败收场。经过三十年后的今天，Battlestar Galactica 已算是一套经典的科幻影片，故于 2003 年由美国的科幻电视台 SCI FI Channel 拍板重新制作长达三小时的迷你电视剧，相较起旧有版本，这次已引入很多先进的计算机技术，务求令观众耳目一新。\n基本上，新旧版本的剧本变化不大，有所分别的则是剧中的数个人物转了性别；此外，所有的机械设定，例如人类所用的战机、战舰，又或是机械人 Cylons 的设计已经经过现代化，不会有追不上潮流的感觉。而这次的新版本因为得到众多观众好评，故 SCI FI Channel 在近期宣布重拍这套电视剧，希望能够继续延续这个科幻经典传奇。\n故事背景于未来世界，人类已由地球移民到其它星系居住；人们为了贪求私欲，便开始研究及制造一种拥有独立思想及感觉的机械人 - Cylons 来为人类服务。但人们怎样也想不到，这些本应是帮助人类的机械人竟会调 转头对抗自已，因此，人类与自已制造的机械人之战争便开始展开...\n在经过数十年漫长、死伤无数的战争结朿后，人们本以为可得到和平的生活，但 Cylons 明白到即使在休战后始终没辨法与人类建立实际的外交关系，故 Cylons 开始密?#092;另一个对付人类的计划，这次它们将会制造一些与人类一模一样的机械人作间碟渗入人类世界，从而以里应外合的方法把人类消灭。','8.7',1,'太空堡垒卡拉狄加 电视迷你剧',NULL,'https://movie.douban.com/subject/1920763/',NULL),
(1938109,'机器肉鸡 第一季','https://img3.doubanio.com/lpic/s1945403.jpg','Robot Chicken',2005,21,'Adult Swim 又一招牌菜《机器肉鸡》，由Seth Green带领他的工作室，被Cartoon Network购买的一款泥人动画节目，主要恶搞各类电视电影作品，流行什么恶搞什么，同时以Robot Chicken作为命题，表示当前美国观众正在被铺天盖地的各类媒体洗脑成为一个个“肉鸡”，每30分钟一集，排在<Aqua Teen Hunger Force>和<Space Ghost Coast to Coast>档期之后每天午夜在Cartoon Network午夜剧场播放。\nps.所谓Adultswim就是所有18+内容的Cartoon Network的节目。\nsonychen 严重推荐','8.8',1,'机器鸡 第一季',1,'https://movie.douban.com/subject/1938109/',7),
(1941347,'谜之屋','https://img3.doubanio.com/view/movie_poster_cover/lpst/public/p2228259251.jpg','The Lost Room',2006,3,'故事发生在阳光旅馆的10号房，这是一个神奇的房间，其中发生的事情早已经脱离了能够用科学解释的范畴。这个房间里，每一样物品都被赋予了一种特殊的能力，拥有了一件物品，就能够随心所欲的使用它的能力。当这个消息不胫而走的时候，各路人士怀揣着各种各样的目的从世界各地聚集到了10号房间，然而他们并不知道的事，得到就要付出，这付出可能是身体上的、感情上的，也有可能是生命。\n一次偶然中， 警察米勒（彼得·克劳斯 Peter Krause 饰）得到了一把神秘的钥匙，而这把钥匙正归属于10号房间，与此同时，米勒的女儿亦在房间里无故失踪，为了找到心爱的女儿，米勒踏上了充满危险和劫难的旅程。©豆瓣','8.4',1,'失落的房间',NULL,'https://movie.douban.com/subject/1941347/',NULL),
(1949822,'星际旅行：重返地球 第一季','https://img1.doubanio.com/lpic/s4722148.jpg','Star Trek: Voyager',1995,16,'《星际旅行:航海家号》(Star Trek: Voyager)是第4部星际旅行系列电视剧. 由Rick Berman, Michael Piller 和 Jeri Taylor创作, 在美国UPN 频道播放了7季, 从1995年到2001年。这个系列因其轻松幽默, 吸引人的战斗片段和高概念性的科幻设定而最为着名! 台湾电视台曾播出过，台译名为重返地球。作为第四部星际旅行剧集，航海家号仍继承甚至发扬了星际旅行特有的人文主义精神和民主哲学的理念，让更多人变成Trekkie(星际旅行爱好者)。\n《星际旅行:航海家号》共获得6项艾美奖,18项其他各类奖和53项各类提名。\n联邦星舰\"航海家号\"被一股神秘的外星力量送入了δ象限, 船员们面对的是一条长达75年的漫长的返乡旅程。\n由舰长凯瑟琳·珍妮薇（Kathryn Janeway）指挥的联邦星舰航海家号，在第一次任务中同前马奇队员汤姆·派瑞斯奉命寻找一艘马奇船（马奇组织，是由一些反对星际联邦和卡达西人签订条约的联邦殖民者组成），而同马奇船一同被一个叫守护者\"Caretaker\" 的实体由阿尔法象限带到了离家7万光年的δ象限，在这次横跨银河系的传送中，航海家号失去了他们的大副和医官。在δ象限，两艘星舰同时被希望得到守护者的先进科技的卡松人（Kazon）所攻击，为了共同返乡，马奇舰选择了同航海家号合作，而这时航海家号舰长珍妮薇却决定毁灭即将死去的守护者，以保护这个星域的势力平衡和一个叫欧康帕的种族的安全，于是马奇舰长查克泰牺牲自己的星舰毁灭了守护者，在关键时刻所有马奇队员都被传送上了航海家号。虽然卡松人就此撤退，可是航海家号上的人们却面临着即使使用最高曲速也需要75年才能返乡的境地，于是两艘星舰上的船员合二为一，共同为返乡努力。在航向α象限的过程中，航海家号上还拥有了两名新的成员，泰莱克斯族人尼利克斯以及欧康帕族人凯斯。航海家上的船员们共同经历了以摄取别的种族器官来维持自己生命的维仃人，和联邦面对过的最强大的敌人，博格人，还有生存与液态空间的种族8472。其中也有曾经是敌人的星联船员和前马奇队员的冲突与重归于好，甚至还有一位博格船员7/9的加入，这一切都让航海家号返乡的旅途即漫长，却又丰富多彩。再经过了7年漫长的航行后，航海家号终于通过博格人的超曲速信道顺利返乡，而航海家号也成为了博物馆，舰长凯瑟琳·珍妮薇晋升为上将。 (以上介绍转自飞翔科幻网)','8.9',1,'星际迷航：航海家号 第一季',1,'https://movie.douban.com/subject/1949822/',7),
(1959155,'行走阴阳界','https://img1.doubanio.com/lpic/s1988027.jpg','The Dresden Files',2007,12,'Harry Dresden和你生活在同一个世界里，和你一样是个有血有肉的人。不同的是，他是个巫师，一个愤世妒俗、看破人间百态的巫师。这使他对周围发生的一切奇怪事件有独一无二的观点——包括犯罪。\nDresden依靠自己的洞察力来获悉即将要发生的事情，特别是犯罪，让那些讨人厌、疑心病又重的警探们很是不满。想知道世界是怎样运转的吗？想知道未来是什么样的吗？好好学学Dresden的档案吧。','7.4',1,'德雷斯顿谜案',NULL,'https://movie.douban.com/subject/1959155/',NULL),
(2046454,'史酷比救救我','https://img3.doubanio.com/view/movie_poster_cover/lpst/public/p2346793475.jpg','Scooby-Doo, Where Are You?',1969,25,'The first incarnation of what has become a franchise-of-sorts. Scooby-Doo was a large, loveable but cowardly Great Dane who hung around four California high school students (Fred, Velma, Daphne and Shaggy). The four teen-agers were in constant search of mysteries and adventures, driving around in a bright green van known as the Mystery Machine. Many of the group\'s adventures involved villians who took on supernatural disguises (ghosts and monsters); the villians\' activities usually involved blackmail, theft, fraud and other forms of corruption. At the first hint of trouble, Scooby-Doo (and usually, Shaggy as well) running for cover; they usually found themselves in even deeper trouble. It usually took the promise of a Scooby snack to get Scooby (and Shaggy) to come out of hiding. The mysteries were always solved by the end of each show (the villian proclaiming, \"And I would have gotten away with it if it hadn\'t have been for you kids!\" or some similar line). Written by Brian Rathjen {briguy_52732@yahoo.com}','8.4',1,'Scooby Doo',NULL,'https://movie.douban.com/subject/2046454/',NULL),
(2059811,'阿达一家人 第一季','https://img1.doubanio.com/view/movie_poster_cover/lpst/public/p2245275377.jpg','The Addams Family',1964,34,'In 1964, the ABC-TV network created a television series based on Addams\' cartoon characters. The series was shot in black-and-white and aired for two seasons in 64 half-hour episodes (September 18, 1964 – September 2, 1966).','9.1',1,'阿达一家人 第一季',1,'https://movie.douban.com/subject/2059811/',2),
(2091938,'神偷卡门 第一季','https://img3.doubanio.com/lpic/s2414000.jpg','Where on Earth Is Carmen Sandiego？',1994,10,'《神偷卡门》是由1994年美国小神龙俱乐部播放的动画片。\n本片根据一款名叫《Where Is Carmen Sandiego》的解迷类游戏改编。\n卡门·山地亚格（丽塔·莫雷诺 Rita Moreno 配音）是个孤儿，在很小的时候就被送到了旧金山的金门女子学校。后来巅峰侦探社收留了卡门，她成了巅峰侦探的一员，也是其中最优秀的一个。17岁时卡门已经破获了比其他所有侦探还多的案件。后来卡门神秘的失踪了，并变成了罪犯，没有人知道真正的原因，可能是她觉得作为侦探遇到的挑战不够多。现在她以偷窃全世界着名的艺术品作为挑战，而且在每次行动的时候都留下线索。©豆瓣','8.6',1,'神偷卡门',1,'https://movie.douban.com/subject/2091938/',1),
(2117911,'彭彭丁满历险记 第一季','https://img3.doubanio.com/lpic/s4226446.jpg','Timon and Pumbaa',1995,13,'这套动画片讲述的是辛巴的两个好朋友彭彭和丁满的故事。丁满和彭彭是丛林的一对好朋友，丁满是一只自认为聪明绝顶的小狸猫，他最喜欢的就是坐在彭彭的身上兜风和美食，他还经常发表一些关于爬虫类的美食评论。不过，丁满经常会聪明反被聪明误，而他的好友彭彭就不一样了。彭彭是一头热心助人、头脑迟钝的野猪，他对朋友忠心耿耿，所以，在丁满有麻烦时，他总是第一个挺身而出。彭彭虽然经常做傻事，不过傻人有傻福，他也经常能因祸得福。这一对搞笑的活宝在一起每天都是快乐的一天！©豆瓣','8.8',1,'Timon and Pumbaa',1,'https://movie.douban.com/subject/2117911/',1),
(2131678,'约翰·亚当斯','https://img1.doubanio.com/view/movie_poster_cover/lpst/public/p1573248357.jpg','John Adams',2008,7,'HBO的历史迷你剧John Adams，根据美国第二任总统John Adams的生平以及美国初期历史改编，Paul Giamatti主演，演员阵容强大，由于约翰·亚当斯在任恰值英美战争时期，所以同时还有大量英国演员加盟，大量服装道具都由BBC支持，所以场面上将是一部向罗马看齐的巨作。\n约翰·亚当斯是托马斯·杰斐逊组成的《独立宣言》起草委员会的成员，是美国第一任副总统，后来又当选为总统（1797－1801），曾被誉为\"美国独立的巨人\"。由于他体型较为矮胖，因此有 \"圆胖先生\" 的称号。约翰·亚当斯任职期间在内政、外交方面均无明显成就，1800年竞选总统时被托马斯·杰斐逊击败。他和杰斐逊都是在美国独立五十周年纪念日──1826年7月4日去世的。其子约翰·昆西·亚当斯是美国第六任总统。\nHBO推出的这部7集长的《约翰·亚当斯》，根据获得普利策大奖的同名畅销书改编，此书也是美国历史上最受欢迎的传记文学之一。该剧描绘了约翰·亚当斯波澜壮阔的一生（相对于美国人而言），特别是约翰·亚当斯对美国的立国之道及社会基础的贡献。美国所奉行的所谓 \"自由\" 、\"民主\"、\"人权\" 等基本政治理念，均萌芽于约翰·亚当斯执政时期。此外，该剧还集中介绍了约翰·亚当斯和他的妻子艾比盖尔的爱情故事。艾比盖尔不仅是约翰·亚当斯的爱人，也是他坚定的政治盟友和支撑亚当斯家族的主心骨，她和丈夫的爱情曾被美国人认为是 \"美国历史上最感人的爱情故事之一\"。\n该剧由奥斯卡获奖演员Paul Giamatti和Laura Linney主演，著名导演Tom Hooper执导，Tom Hanks（汤姆·汉克斯）担任执行制片人。编剧Kirk Ellis曾撰写过《Into the West》的剧本，因此对历史题材的改编驾轻就熟。','9.1',1,NULL,NULL,'https://movie.douban.com/subject/2131678/',NULL),
(2150064,'乡巴佬希尔一家的幸福生活 第一季','https://img3.doubanio.com/view/movie_poster_cover/lpst/public/p2155829692.jpg','King of the Hill',1997,12,'Hank Hill is an old fashioned, hardworking, beer drinking man who is trying to live in a modern Texas world. His wife is opinionated, his son is a disappointment, his friends are losers, and his Father is oppressive. But through it all, Hank keeps a level head, a strong sense of morality, and by doing so keeps himself \"King of the Hill.\" Written by Mike Kramer','8.9',1,'一家之主 第一季',1,'https://movie.douban.com/subject/2150064/',13),
(2150463,'罗马 第二季','https://img3.doubanio.com/view/movie_poster_cover/lpst/public/p2187183725.jpg','Rome',2007,10,'公元前52年，罗马共和国建立400年后，罗马已经成为世界上最富有的城市，是拥有100万人口的世界性大都市，也是雏形中的帝国的中心。罗马共和国是建立在分享权利和激烈的个人竞争的基础上的，从来不允许搞个人独裁。但这些共和国的原则基石正在腐败的弥漫和道德的沦丧下逐渐崩溃。统治阶级穷奢极欲、挥霍无度，传统的斯巴达人的戒律和团结已经荡然无存。','8.9',1,'罗马帝国 第二季',2,'https://movie.douban.com/subject/2150463/',2),
(2153590,'欲望都市 第六季','https://img3.doubanio.com/view/movie_poster_cover/lpst/public/p2190676631.jpg','Sex and the City ',2003,20,'Aired on HBO from 22 June 2003 to 22 February 2004','9.2',1,'色欲都市 第六季',6,'https://movie.douban.com/subject/2153590/',6),
(2153951,'六尺之下 第五季','https://img3.doubanio.com/view/movie_poster_cover/lpst/public/p2199214573.jpg','Six Feet Under',2005,12,'Aired on HBO from  6 June 2005 to 21 August 2005','9.5',1,'六尺风云 第五季',5,'https://movie.douban.com/subject/2153951/',5),
(2154324,'黑道家族  第六季','https://img3.doubanio.com/view/movie_poster_cover/lpst/public/p2290922156.jpg','The Sopranos',2006,21,'aired on HBO from 12 March 2006 to 10 June 2007','9.3',1,'黑道家族 大结局',6,'https://movie.douban.com/subject/2154324/',6),
(2156903,'黑衣警探','https://img3.doubanio.com/lpic/s2849150.jpg','Men in Black: The Series',1997,53,'An animated series based on the popular movie of the same name. Jay, Kay and Elle are back as the men (and women) in black, a top-secret organization set up to deal with extraterrestrial immigration and keep the general public from knowing that aliens have arrived on Earth.\nWritten by Jean-Marc Rocher <rocher@fiberbit.net>','8.8',1,'黑衣人 动画版',NULL,'https://movie.douban.com/subject/2156903/',NULL),
(2158181,'约会规则 第一季','https://img3.doubanio.com/lpic/s2864501.jpg','Rules of Engagement',2007,7,'Two couples and their single friend, all at different stages in their relationships, deal with the complications of dating, commitment and marriage.','7.7',1,'订婚法则',1,'https://movie.douban.com/subject/2158181/',NULL),
(2268831,'橘子郡男孩 第四季','https://img3.doubanio.com/lpic/s2725174.jpg','The O.C.',2006,16,'Everyone struggles to adjust to life without Marissa. Dealing with her death in the only way he knows how, Ryan has moved out of the Cohen house. When Ryan misses a special dinner, Seth finds him in the wrong part of town and calls Summer for help. Meanwhile, Julie Cooper will do anything to avoid dealing with the loss of Marissa. Kaitlin earns a new pair of boots from Dr Roberts in true Cooper fashion. And Taylor Townsend hides out in the diner and tries to convince her friends that she is in Paris. This DVD release contains all 16 episodes of the Fourth and final series of the OC.\nEpisode Guide\nThe Avengers\nThe Gringos\nThe Cold Turkey\nThe Metamorphosis\nThe Sleeping Beauty\nThe Summer Bummer\nThe Chrismukk-huh?\nThe Earth Girls Are Easy\nThe My Two Dads\nThe French Connection\nThe Dream Lover\nThe Groundhog Day\nThe Case of the Franks\nThe Shake Up\nThe Night Moves\nThe End\'s Not Near, It\'s Here','7.7',1,'The Orange County season 4',4,'https://movie.douban.com/subject/2268831/',4),
(2272384,'蝙蝠侠：动画版 第一季','https://img1.doubanio.com/view/movie_poster_cover/lpst/public/p2288462377.jpg','Batman: The Animated Series',1992,60,'黑暗笼罩的哥谭镇，暗夜里总在上演一幕幕追逐。布鲁斯·韦恩白天是社交宠儿、巨富青年，夜晚则是行走在夜间的蝙蝠侠，他利用自己的财富、智慧和高科技装备，致力于打击哥谭镇的犯罪。他的对手有珠宝大盗、美艳的猫女，玩世不恭、搞出各种致命恶作剧的小丑，失去爱人又被害成“急冻人”的研究员，曾是著名演员、欲找回被车祸损毁容貌而过量使用神奇面霜的“泥人”……每个坏人身上，都有一个令人唏嘘的故事，蝙蝠侠秉承他“不杀生”的原则，作为哥谭镇正义的化身，将一个个罪犯绳之以法送进监狱。©豆瓣','8.7',1,'Batman: The Animated Series',1,'https://movie.douban.com/subject/2272384/',4),
(2333658,'德克斯特的实验室 第二季','https://img3.doubanio.com/lpic/s2789856.jpg','Dexter\'s Laboratory',1997,37,'德克斯特的实验室是cartoonnetwork工作室从1996年开始制作的卡通剧集。代表着美国电视动画复兴时代的开始。80年代美国动画和美国经济一起走向了低谷，以Hanna Barbera（制作猫和老鼠的那家公司）为首的老牌电视动画公司相继出现大规模的人才流失，动画的产出率快速下降，电视动画市场被“玩具动画”和日本的舶来品完全占据了。多年的黑暗时代之后，1995，时代华纳和特纳娱乐集团召集Hanna Barbera的残余人员开创了现在世界最大的动画频道cartoonnetwork。德克斯特的实验室就是cartoonnetwork工作室制作的第一部长篇动画。就在制作过程中cn培养出了一大批优秀的动画制作者包括本片的作者Genndy Tartakovsky后来飞天小女警的作者Craig McCracken。作为伴着龙与地下城、星际迷航、星战和超级英雄漫画成长起来的一代动画制作者，他们不仅有Hanna Barbera前辈扎实的基本功，还有着更加疯狂的思维方式。就是他们在洛杉矶的cn工作室中日以继夜的为全世界的观众制作最优秀的动画作品。\n现在的年轻一代很多小时候都在内地电视台看过。cartoonnetwork出品，中文配音很不错。','9.4',1,'Dexter\'s Lab  Season 2',2,'https://movie.douban.com/subject/2333658/',4),
(2338055,'西部世界 第一季','https://img3.doubanio.com/view/movie_poster_cover/lpst/public/p2403347953.jpg','Westworld',2016,10,'故事设定在未来世界，在一个庞大的高科技成人主题乐园中，有着拟真人的机器“接待员”能让游客享尽情欲、暴力等欲望的放纵，主要叙述被称为“西部世界”的未来主题公园。它提供给游客杀戮与性欲的满足。\n但是在这世界下，各种暗流涌动。部分机器人出现自我觉醒，发现了自己只是作为故事角色的存在，并且想摆脱乐园对其的控制；乐园的管理层害怕乐园的创造者控制着乐园的一切而试图夺其控制权，而乐园创造者则不会善罢甘休并且探寻其伙伴创造者曾经留下的谜团；而买下乐园的一名高管试图重新发现当年的旅程留下的谜团。','8.8',1,'西方极乐园',1,'https://movie.douban.com/subject/2338055/',2),
(2350766,'忍者神龟 第一季','https://img1.doubanio.com/lpic/s2813018.jpg','Teenage Mutant Ninja Turtles',2003,52,'2003版忍者神龟','8.3',1,'新忍者神龟',1,'https://movie.douban.com/subject/2350766/',5),
(2393060,'火线 第五季','https://img1.doubanio.com/view/movie_poster_cover/lpst/public/p2177042077.jpg','The Wire',2008,10,'HBO Final Season of THE WIRE','9.7',1,'线人 第五季',5,'https://movie.douban.com/subject/2393060/',5),
(3022764,'双峰  第二季','https://img3.doubanio.com/view/movie_poster_cover/lpst/public/p2423131086.jpg','Twin Peaks ',1990,22,'Truman survives the attempt on his life by Ms. Jones, and returns to his job. Gordon Cole returns to Twin Peaks to reinstate Cooper into the FBI and to bring the classified file on Windom Earle, who is now eavesdropping on the police station with a hidden microphone in a bonsai plant. When Cole flirts with Shelly at the Double R Diner, her seductive appearance somehow makes him hear her voice. Enlightened that he can hear (at least her voice) Cole asks Shelly out on a date. Shelly is somewhat embarrassed, but flattered at the attention, accepts. Audrey continues pursuing Wheeler, but is thwarted by her father who sends her to Seattle on business. Donna enlists Audrey\'s help in investigating Donna\'s mother who may have a past connection with Ben Horne. Windom Earle continues stalking Cooper as well as making contact (in disguise) with Audrey, Shelly, and Donna. When Annie sees the symbols that Cooper drew from descriptions from Major Briggs and the Log Lady, and tells them they look similar to markings in Owl Cave, Cooper, Truman and deputies Andy and Hawk make a midnight trip to the cave where they discover mysterious petroglyph markings. Also, Donna receives a postcard from the departed James Hurley, as well as a invitation to join the annual Miss Twin Peaks Beauty Pagent.','8.2',1,'双峰镇 第二季',2,'https://movie.douban.com/subject/3022764/',2),
(3036480,'尸骨袋','https://img1.doubanio.com/view/movie_poster_cover/lpst/public/p1277458118.jpg','Bag of Bones',2011,2,'《尸骨袋》改编自斯蒂芬·金（Stephen King）的同名恐怖小说。\n畅销小说作家Mike Noonan（皮尔斯·布鲁斯南 Pierce Brosnan 饰），在妻子Jo(安娜贝丝·吉什 Annabeth Gish 饰)死后，无法走出悲痛的深渊。他不断地梦到和Jo一 起购买的缅因州湖畔别墅，梦到装在袋子里的腐烂尸骨，梦见Jo也从裹尸袋中奔跑而出。终于他在Jo的召唤下回到了那栋诡异的别墅。在那里，他卷入了一桩年轻美貌寡妇与家财万贯的祖父对小女孩的抚养权争夺战，并不时遭遇神秘鬼魂的骚扰。那些不断升级的噩梦，还有神秘鬼魂的骚扰，都让他意识到，这个小镇隐藏着一些秘密，而死去的Jo也有事情想要告诉他……©豆瓣','5.8',1,'尸骨袋',NULL,'https://movie.douban.com/subject/3036480/',NULL),
(3058385,'高飞家族','https://img1.doubanio.com/lpic/s3121478.jpg','Goof Troop',1992,79,'记得小时候每个礼拜天早上8点在当时的上海一台频道就开始放动画片，眼睛一睁就打开电视，想想当时真的是幸福啊...\n哈哈~~~最喜欢的动画片——高飞家族','8.0',1,NULL,NULL,'https://movie.douban.com/subject/3058385/',NULL),
(3058386,'唐老鸭俱乐部 第一季','https://img3.doubanio.com/lpic/s3055231.jpg','Duck Tales',1987,65,'故事围绕唐老鸭的吝啬鬼叔叔史高治（Scrooge McDuck）和他三个古灵精怪的侄子辉儿（Huey Duck）、杜儿（Dewey Duck）、路儿（Louie Duck）间展开。史高治一开始并不喜欢孩子们，觉得他们是自己的负担。但是在他们制止了“狗贼帮”打劫他的金库，并且发现了通向珍贵宝藏的藏宝图后，史高治变得非常喜欢他们。为了寻找世界上的宝藏，史高治带着三个小家伙与其他朋友们结伴同行，开始了一场无比精彩的冒险旅程。\n由美国迪士尼公司出品的经典卡通电视系列剧《唐老鸭俱乐部》，于1987年9月18日至1990年10月28日播映，共100集。《唐老鸭俱乐部》荣获1989年日间节目艾美奖最佳动画类节目提名，更一跃成为销量第一的迪斯尼的卡通片。©豆瓣','8.2',1,NULL,1,'https://movie.douban.com/subject/3058386/',3),
(3072110,'南方女王 第一季','https://img3.doubanio.com/view/movie_poster_cover/lpst/public/p2358744745.jpg','Queen of the South',2016,13,'该剧基于作家Arturo Pérez-Reverte的畅销书《La Reina Del Sur》进而改编的。《南方女王》讲述关于女主Teresa Mendoza （Alice Braga饰）的故事，当他的毒贩男盆友在墨西哥意外被谋杀后，女主被迫逃到美国寻求庇护，她与过去的小伙伴一起共同反击杀害他男友并追杀她的贩毒集团头目，然而在这过程中，慢慢的她学会了贩毒行当的“知识”和“谋略”，并渐渐的成为贩毒集团新的老大。\nPeter Gadiot饰演常規角色James Valdez，是Camila Vargas（Veronica Falcon飾）手下新崛起的人物，对毒品世界十分了解。儘管他會對反抗他的人施加嚴厲的懲罰，但Teresa發現他其實很有自己一套正義感，然後他成为Teresa在美国的重要同盟。Carlos Gomez饰演一个整季的循环角色Javier Acosta，是个在哥伦比亚能发号施令的毒枭。','7.6',1,'女毒枭',1,'https://movie.douban.com/subject/3072110/',2),
(3073760,'傻大猫和崔弟 第一季','https://img3.doubanio.com/lpic/s3088773.jpg','The Sylvester & Tweety Mysteries',1995,13,'这是华纳兄弟公司的精华卡通片，提防着大猫的小鸟，想吃掉小鸟的大猫，这对搭档成为了银幕上的宠儿，它们在《崔弟派》中第一次合作就获得了奥斯卡金像奖(1947年最佳动画短片奖)。 在《可恶的大猫咪》中，傻大猫和小鸟崔弟展开一场混战：《全都向着那只鸟》的故事更是让你大笑不止。傻大猫、 太菲鸭、猪小弟全体出场，许许多多的经典卡通故事，热闹非凡，不容错过!','8.2',1,'阿宝翠儿历险记',1,'https://movie.douban.com/subject/3073760/',5),
(3078582,'沙娜拉传奇 第一季','https://img3.doubanio.com/view/movie_poster_cover/lpst/public/p2303895866.jpg','The Shannara Chronicles',2016,10,'2014年12月MTV台整季预订了该剧，这是MTV进入有剧本节目领域以来最具雄心的一个新项目，故事根据Terry Brooks撰写的系列奇幻小说《沙娜拉之剑》改编。《超人前传》（Smallville）的创作人Al Gough和Miles Millar将撰写该剧的剧本，电影《忍者神龟》（Teenage Mutant Ninja Turtles）的导演Jonathan Liebesman担任前两集的导演，他们三人还将兼任执行制片人。Terry Brooks本人亦担任执行制片人。Jon Favreau原本应该导演首集，但因为档期冲突而未能如愿，他将保留执行制片人的身份。\n\n在奇幻文学的历史上，从1977年开始出版的《沙娜拉之剑》是与《魔戒》、《地海传说》、《黑暗塔》、《龙枪》、《真理之剑》等巨著齐名的经典作品，前前后后一共有25本书。故事发生在人类文明毁灭数千年之后的「新人类世界」中，远古的邪恶力量日渐复苏，笼罩北方的阴云将扩散至四方大陆。在和平的穴地谷，身上有着一半精灵血统的夏伊是沙娜拉血脉（一个世代具有魔法的家族）留存在这世上的仅存后裔，也是能使用传奇武器「沙娜拉之剑」对抗黑暗势力的最后传人。从黑衣德鲁伊上门警告那一刻起，安定平稳的生活已经是昨日幻梦，因为邪恶的骷髅使者正奉着黑魔君的追杀令，前来摧毁唯一能威胁到它的血脉。受黑暗驱使的地精与巨人大军整军待发、即将侵略四方诸国。在熟知历史的神秘德鲁伊带队之下，谷地人、高地人、边境王子、侏儒、精灵组成八人小队，怀着各自的意志，踏上路途茫茫的寻剑（寻找失落的沙娜拉之剑）之旅。\n第一季将以原著第二本书《奇幻精灵石》（The Elfstones Of Shannara，1982年出版，雄踞《纽约时报》畅销书排行榜16周）为取材对象，这本书的主人公是夏伊的孙子Wil Ohmsford。《沙娜拉之剑》有许多冒险、超自然和爱情元素，这些是年轻人最感兴趣的东西——这也是MTV开发这个项目的主要原因（MTV频道的主要收视对象为18-34区间的年轻人）。有关数据显示，Terry Brooks的奇幻书籍销量仅次于《哈利波特》作者JK Rowling，在尚存于世的奇幻作家中排名第二。令人感到奇怪的是，他的《沙娜拉之剑》系列小说从1977年首次出版以来还从来没有被改编成任何形式的主流影视作品（Fox曾于2007年获得电影改编权，但项目最终流产）。媒体评论称，《沙娜拉之剑》的故事介于《魔戒》和《冰与火之歌》之间——它既有前者的超长历险和丰富多彩的怪物，也有后者的多王国冲突。\nPoppy Drayton扮演精灵公主Amberle。她机敏、健美、能力出众，是第一个被选入「神选战士」团体的女性。这个特殊团体负责保护和照顾精灵族的圣物——古老的埃勒里树。但是和其他「神选战士」不同，Amberle的传奇旅程才刚刚开始，她注定要成为一个女英雄——无论她将经历怎样的危险和磨难。\nAaron Jakubenko扮演Amberle的叔叔、精灵王子Ander。他整天纵情声色，酷爱聚会，至今没有找到自己在这个世界中的正确位置。\nAustin Butler扮演男主角Wil Ohmsford，他拥有半人半精灵血统。他对自己的身世感到害羞，一生都在竭力隐藏自己的尖耳朵。他为人善良、体贴、可爱、谦逊，总是在自己贬低自己。当他得知自己是传说中的沙娜拉家族的最后一名成员时，他波澜不惊的生活将发生巨大改变。他必须找到德鲁伊并让他指导自己完成使命，但这趟旅程一开始就充满危险。','6.4',1,'沙娜拉之剑',1,'https://movie.douban.com/subject/3078582/',2),
(3097345,'巨鸭奇兵','https://img3.doubanio.com/lpic/s3121612.jpg','Mighty Ducks',1996,26,'','8.4',1,'巨鸭历险记',NULL,'https://movie.douban.com/subject/3097345/',NULL),
(3115078,'史努比的故事','https://img3.doubanio.com/lpic/s3144304.jpg','Snoopy\'s Story',1996,56,'幸福温暖的感觉又一次在心中升起，继史努比漫画之后，这套与漫画一起在世界各地流行的动画片终于到达了中国，这套动画片是老舒尔茨与动画大师比尔·门勒德兹多年合作的结晶。因此它不仅保留了漫画的神髓，绝对的原汁原味。更打破漫画的局限。受到全世界史努比漫画迷们的认可和欢迎。其中一集《查理·布朗的圣诞节》播出后好评如潮，获得了“电视界的奥斯卡”艾美奖。\n其实小小的四格漫画对于内心如此丰富，又爱幻想的小狗来说，显然有点太委曲了，太不过瘾了，想想看，当史努比幻想自己是轰炸王、律师、外科医生、飞行员、军曹各种身分时的情景，只有动画才能更完美的表现，尤其是当它在幻想“世界大战轰炸王”时，一脸不可一世、神情专注的模样令人绝倒。你还会看到它在屋顶上孜孜不倦地写作的样子，看到它戴墨镜时自称\"酷哥乔\"的搞笑造型，你会看到它躺在屋顶上、望着满天星光睡觉的悠闲。漫画是简约的，动画是丰富的；它们同样都是老舒尔茨的心血作品。去看吧，那只小狗会同样的在我们心中升起温暖幸福的感觉。\n总目录：\n01、查理·布朗的圣诞节\n02、查理·布朗的球星们\n03、南瓜大仙\n04、拓荒者\n05、管管你的狗\n06、夏天匆匆而过\n07、再弹一遍\n08、落选的查里·布朗\n09、莱特兄弟\n10、查理·布朗的感恩节\n11、这是个秘密\n12、复活节小狗\n13、美洲音乐与英雄\n14、你是个好运动员，查理·布朗\n15、植树节\n16、可怕的恶梦\n17、太空旅程\n18、你是最棒的，查理·布朗\n19、冰上圆舞曲\n20、马戏团\n21、魔术师\n22、伟大的发明\n23、会跳舞的狗\n24、这是为什么\n25、被困扰的查理·布朗\n26、史努比家的团聚\n27、没时间谈恋爱\n28、我们学到了什么\n29、这是你的第一个吻，查理·布朗\n30、再见朋友\n31、史努比的婚礼\n32、新年快乐\n33、风筝\n34、保安毯\n35、棒球\n36、莱纳斯和露西\n37、查理·布朗迷路了\n38、玛茜\n39、队长\n40、夏令营\n41、迪保尔特\n42、打棒球的露西\n43、钢琴\n44、莎莉在学校\n45、下雨天\n46、史努比的脚\n47、鹈鹕\n48、史努比和机器人\n49、学校生活\n50、圣诞演出\n51、冒险者（上）\n52、冒险者（下）\n53、音乐篇（上）\n54、音乐篇（下）\n55、告别篇（上）\n56、告别篇（下）','9.2',1,NULL,NULL,'https://movie.douban.com/subject/3115078/',NULL),
(3269027,'传教士 第一季','https://img1.doubanio.com/view/movie_poster_cover/lpst/public/p2343068798.jpg','Preacher',2016,10,'杰西（多米尼克·库珀 Dominic Cooper 饰）曾经是一名黑帮打手，金盆洗手之后，他回到了阔别已久的故乡，继承了父亲的教堂，成为了一名传教士。每一天，杰西都过着浑浑噩噩的生活，丝毫不将自己神圣的职业当做一回事，然而某日，前女友塔里普（鲁丝·内伽 Ruth Negga 饰）和爱尔兰吸血鬼卡西迪（约瑟夫·吉尔甘 Joseph Gilgun 饰）不请自来，彻底搅乱了杰西平静的生活。\n一股名为“创世”的强大力量盯上了杰西，寄宿在了他的身体之中，杰西就此拥有了能够操纵他人言行的强大力量，然而，创世亦正亦邪，甚至有可能令杰西丢掉小命，体内藏着这样一颗定时炸弹，杰西一行人踏上了寻找上帝之旅。©豆瓣','8.2',1,'传道士',1,'https://movie.douban.com/subject/3269027/',2),
(3285421,'波士顿法律  第五季','https://img1.doubanio.com/lpic/s3798848.jpg','Boston Legal',2008,13,'波士顿法律》(Boston Legal)第五季将是最后一季，而且只有13集。\n近日传来了演员变动消息，曾扮演“三明治老太”Catherine Piper的女演员Betty White将回归。“三明治老太”可以说是《波士顿法律》最具喜剧色彩的老妇，她曾经和一桩谋杀案有牵连，后来进入了律师事务所做兼职，并且卖起了三明治。\n第五季还将新增女演员Kimberly Williams-Paisley客串。\n另外第四季中的英国美女律师Saffron Burrows将离开《波士顿法律》，加盟NBC电视台的新剧《My Own Worst Enemy》。\n《波士顿法律》是美国ABC电视台的重头戏《律师本色》(The Practice)的姐妹剧，它讲述 Alan Shore 为一家律师事务所工作期间发生的故事及案件。故事集中在波士顿的一家高级律师所里，主要以民事诉讼案件为主。这些聪明的代理人必须处理法律允许他们做和该如何对抗他们不能做的。 当基本上尝试的时候，他们将会面对社会的和道德的议题。 这难解幽默感的系列究竟把我们带到怎样的故事里？\n《波士顿法律》不是那么传统的剧集，它是著名法律剧the practice的延伸，但却迅速找到了自己的位置。讲述律师事务所里的众生相以及审判室的诡计和兄弟会男孩的滑稽剧boston legal今年在金球奖最扬眉吐气的，首推以「Boston Legal」拿下影集类最佳男配角的威廉薛特纳，薛特纳过去最让人记得的角色就是《星际旅行:原初系列》(Star Trek:TOS)里的舰长Kirk。','9.2',1,'律师风云 第五季',5,'https://movie.douban.com/subject/3285421/',5),
(3286552,'老友记 第十季','https://img1.doubanio.com/view/movie_poster_cover/lpst/public/p2187822907.jpg','Friends ',2003,18,'乔伊（马特·理勃兰 Matt LeBlanc 饰）和瑞秋（詹妮弗·安妮斯顿 Jennifer Aniston 饰）的恋情维持不久就发现彼此不适应身体上的交往，决定只做朋友。迈克克服自身障碍的迈克终于向菲比（莉莎·库卓 Lisa Kudrow 饰）求婚，两人终成眷属。钱德勒（马修·派瑞 Matthew Perry 饰）和摩妮卡（柯特妮·考克斯 Courteney Cox 饰）的代孕母亲艾瑞卡生了一对龙凤胎，Jack和Erica。 瑞秋通过马克的介绍决定前往巴黎工作。朋友们为她举行了告别派对，除了罗斯（大卫·休默 David Schwimmer 饰）她轮流跟朋友们告别。而此时罗斯意识到自己仍然爱着瑞秋，两人重修旧好，瑞秋也放弃了巴黎的工作。经历了十年间风风雨雨，大家分别离开公寓，都留下自己的一把钥匙......©豆瓣','9.8',1,'六人行 第十季',10,'https://movie.douban.com/subject/3286552/',10),
(3295628,'威尔和格蕾丝  第八季','https://img3.doubanio.com/lpic/s3840666.jpg','Will & Grace ',2005,23,'Will & Grace are best friends. Will is a gay lawyer and Grace is a straight interior designer. They both live in New York. Grace is engaged to a real jerk, but when that relationship falls apart, she moves in with Will. This is only supposed to be until Grace finds a place of her own, but she and Will end up with each other as permanent roommates. Also in the cast are Jack, Will\'s flamboyant gay friend and Karen, Graces\' secretary/assistant who doesn\'t really need to work because she married money several times.','9.4',1,'Will and Grace season 8',8,'https://movie.douban.com/subject/3295628/',9),
(3326764,'永生之酒','https://img1.doubanio.com/view/movie_poster_cover/lpst/public/p2194448799.jpg','バッカーノ！',2007,16,'中世纪，炼金术士们以巨大的代价从恶魔的手中得到了传说中的永生之酒，凡是喝下永生之酒的人们，正如它的名字那样，将会得到永远不会死亡的肉体。永生之酒带来了希望，却也引发了空前绝后的灾难，因为私欲和利益，与此酒相关的人士一个接着一个失去了踪迹。随着禁酒令的颁布，永生之酒的下落逐渐成为了谜题，然而数年过后，有关它重出江湖的消息再次被传得沸沸扬扬，在纽约的黑道中激起了涟漪。\n身怀绝技的少年洛菲（吉野裕行 配音）、不老不死的炼金术士阿洛瓦（宫本充 配音）、个性莽撞大大咧咧的夫妻艾萨克（小野坂昌也 配音）和哈文特（青木静香 配音），这些身份从无交集的人们，也为了追寻永生之酒的下落而走到了一起。©豆瓣','9.0',1,'为酒而狂',NULL,'https://movie.douban.com/subject/3326764/',NULL),
(3533153,'律师本色  第八季','https://img1.doubanio.com/lpic/s24467407.jpg','The Practice ',2003,22,'As the 8th season begins, nothing in the firm is as we remember. Bobby, Linsay, Rebecca and Lucy are all gone, leaving Ellenor, Eugene and Jimmy at the helm. Ellenor also hires an old friend, attorney Alan Shore, recently fired from his firm for embezzlement. Jimmy and and Eugene defend a woman who killed a drug dealer in her neighborhood in cold blood, desperate to stop him from selling drugs to children. Ellenor and Jaimie defend a man accused of killing his wife and unborn child, but begin to suspect he is actually protecting the real killer.','9.3',1,NULL,8,'https://movie.douban.com/subject/3533153/',8),
(3581466,'太空堡垒卡拉狄加 第四季','https://img3.doubanio.com/lpic/s3798220.jpg','Battlestar Galactica ',2008,20,'这是全剧四季的总条目','9.0',1,'太空堡垒卡拉狄加',4,'https://movie.douban.com/subject/3581466/',4),
(3601183,'飞哥与小佛 第一季','https://img1.doubanio.com/view/movie_poster_cover/lpst/public/p2187194609.jpg','Phineas and Ferb',2007,26,'An animated comedy about two-step brothers who find inventive things to do on each day of their summer vacation such as building a roller coaster out of materials you would find in your everyday home like popsicle sticks, indoor plumbing, etc. Unbeknownst to them, their pet platypus, Perry, leads a double life as a secret agent.','9.4',1,'飞哥与小佛',1,'https://movie.douban.com/subject/3601183/',4),
(3882739,'玩偶特工  第二季','https://img3.doubanio.com/view/movie_poster_cover/lpst/public/p2375145295.jpg','Dollhouse',2009,13,'● 第二季第1集是Joss Whedon亲自执笔撰写并导演的。\n● 由于预算被大幅削减，第二季的叙事方式和拍摄手法与第一季迥异（可能和第一季后半部分略有相似）。\n● 《太空堡垒卡拉狄加》（BSG）剧迷熟悉的Jamie Bamber（Apollo）将客座演出第一集，他是玩偶屋洛杉矶分部的一位客户。\n● 另一名《太空堡垒卡拉狄加》演员Michael Hogan也将客座演出一位「享受Echo服务的客户」。\n● Echo第二季要扮演的「玩偶」角色包括连环杀手、「妈妈」、荡妇等。\n● Amy Acker将在第二季出现三集。\n● Alexis Denisof（《Buffy》）和Summer Glau（《Firefly》、《Terminator：TSCC》）均有可能在第二季中客座演出。\n● Victor尽管在第一季结尾被Alpha划伤了脸，但他「很快会恢复原状」。\n● 有一个叫「安全港」的地方，任何人的记忆在那里都不能被更改。\n● Echo可能「进化」出「自由选择」记忆的能力－－即在植入玩偶记忆的同时完全保留自己的记忆。\n● FOX表态称：他们「坚决」不对第二季的拍摄工作指手画脚……\n● 第二季9月25日播出。','7.7',1,NULL,2,'https://movie.douban.com/subject/3882739/',2),
(3888745,'人人都爱雷蒙德 第九季','https://img3.doubanio.com/lpic/s3905832.jpg','Everybody Loves Raymond',2004,16,'','9.2',1,'人人都爱雷蒙德 第九季',9,'https://movie.douban.com/subject/3888745/',9),
(4018324,'迷失 第六季','https://img3.doubanio.com/view/movie_poster_cover/lpst/public/p2183721872.jpg','Lost',2010,18,'第六季中，故事始终以两条叙事线索展开。其中一条，他们在岛上。另外一条，他们也坐过那班飞机，但飞机没有出事，因此每个人都在岛外过着完全不同的生活。戴斯蒙发现两个世界之间的连接点，他于是一个个地去找那些曾经同机的人，用各种极端的方式让他们“回忆”起在岛上那段其实他们并没有经历过的日子。很多从不相识的人因此走到了一起，相爱，幸福地生活在一起。而在岛上，他们早就因种种缘由失去了彼此。最后，杰克在父亲的葬礼上见到这些同伴们幸福的笑脸，他也笑了。一直以来在宿命和责任中挣扎的杰克，在“醒”来的那一刻，真正解脱了。','8.8',1,NULL,6,'https://movie.douban.com/subject/4018324/',6),
(4030266,'丑女贝蒂 第四季','https://img3.doubanio.com/view/movie_poster_cover/lpst/public/p1341157285.jpg','Ugly Betty',2009,20,'','8.4',1,'丑女也有出头天 第四季',4,'https://movie.douban.com/subject/4030266/',4),
(4047267,'英雄  第四季','https://img1.doubanio.com/view/movie_poster_cover/lpst/public/p2183594309.jpg','Heroes ',2009,19,'Heroes的下一章\"救赎\", 在经历了第4章\"逃亡\"的动乱和悲剧之后, 每个角色都将以不同的方式回归到他们的普通生活当中.\n其中我们最着重想表达的是超能人应该怎样回到过去的生活当中, 他们是应该继续隐瞒自己的能力, 还是应该将自己的能力公之于众.\nClaire将直面这个问题, 她将在华盛顿开始自己的大学生活, 像所有的青少年一样, 她将努力寻找自我. 重新适应普通生活并不容易, 特别是她的父母将离婚, 而大学学校里又发生了一件神秘的自杀事件.\nPeter和Nathan也将试图回到过去的生活中, Peter将拯救他人的生命, 但是这将使他和家族, 朋友产生隔阂,但是Peter将和一个\"能力强大\"的美丽女子坠入爱河, 这会让他发现生活真正的乐趣在于与人交流. 而Nathan每天都将对自己有新的发现,因为事实上他是Sylar.\nMatt将对自己对Sylar所做的行为感到愧疚, 他想回到妻子和孩子的身边, 但一切都很艰难.\n在Tracy, Angela和其它英雄的帮助下, Noah将组建新的公司. 这个新公司将不会有阴谋或监狱之类的东西, 而更多的是关心和帮助别人. 同时他们将会许多超能人被另一个组织所引诱, 通过一种危险致命而又奇妙的方法使用能力.','6.9',1,'超能英雄 第四季',4,'https://movie.douban.com/subject/4047267/',4),
(4053797,'铁证悬案 第七季','https://img1.doubanio.com/lpic/s4303979.jpg','Cold Case',2009,22,'Cold Case不同于CSI把犯罪调查过程象记录片似的呈现在观众眼前，也没有众多当今尖端科技的支持，在该剧中，几乎没有任何和CSI类似的关于用高科技分析尸体来寻找线索的场面，Lilly Rush，作为费城凶杀调查科的唯一女探员，构成了这部以调查陈年旧案为主题的电视剧的绝对核心人物。她的沉着冷静，机警敏锐，还有她那张纤细苍白的脸庞，给观众留下了难以磨灭的印象，这部剧的独特魅力在于，凭着Lilly坚韧的性格，她和她的搭档们总是千方百计的寻找那些至今还健在的当事人，让那些活在过去阴影中的人们在亦欣慰或痛苦的挣扎中去回忆当年发生的惨剧，把观众带到几十年前那个不同的世界，让真正的凶手在各当事人的不同回忆和口供的差异中一点点的凸现出来。而每一次的真相被揭露时，观众都会发现一个难以置信的结局，或悲惨，或愤怒，或无奈。但是无论当年发生的罪案如何难以置信，时间的流逝终究会抚平人们的一些悲伤。Cold Case全剧弥漫着浓厚的怀旧色彩和淡淡的忧伤，或者说是一种女性的温情，让你被每一个故事渐渐的感动，从而在心底留下一些触动。全剧最让人感动的地方就在结尾处，当真正的凶手被绳之以法后，Lilly总能看见当年死去的人们站在对面的街角，向她露出微笑，仿佛实在感谢她使冤案得以昭雪。那一刻，再坚硬的心，也会被深深打动的。\n第七季将会以四十余年前，一艘轮船上的一起被定性为自杀的少女失踪案开篇。','8.5',1,NULL,7,'https://movie.douban.com/subject/4053797/',7),
(4074092,'成长的烦恼  第七季','https://img3.doubanio.com/view/movie_poster_cover/lpst/public/p2310644023.jpg','Growing Pains',1991,24,'《成长的烦恼》是美国1985年至1992年间收视率最高的情景喜剧（sitcom）。它至今仍在中国的电视荧屏上播放。西佛一家人乐天豁达的性格给观众留下难忘的印象。该剧的演员阵容曾被制作人迈克尔·沙利文誉为“A级阵容”。作为80年代新兴起的以家庭为主轴的情景喜剧的代表作，《成长的烦恼》成功的向我们展现了一个美国郊区的多子女家庭的幸福生活。《成长的烦恼》的拍摄开始于1985年，结束于1992年。最早由美国广播电视公司于1985年9月24日开始放映。《成长的烦恼》的真实拍摄版本无疑与初始的剧本有些差距，这是演员的即兴表演造成的，而且作为一个情景喜剧，他也并没有始终保持他令人欢笑的特色，甚至穿插了几集悲剧，但这并不妨碍它成为当时最受欢迎的电视节目之一。无论如何，它是一部十分成功的电视剧，不仅在美国创下了收视率的纪录，还出口了数个国家，甚至左右了它之后的电视情景喜剧的发展方向。自从国内有了上海电视台译制版本以后，成长的烦恼就不断的在全国各地的电视台里播放，它不仅仅受到中小学生的欢迎，而且还倍受大学生和青年人的喜爱，应该说，成长的烦恼伴随了一代人的成长。播放历史： 《成长的烦恼》由华纳兄弟公司出品，最早是在美国广播电视公司放映。它的拍摄历程分为七段，共166集。《成长的烦恼》有着为数众多的观众，据调查，它的收视率在1987和1988两年达到顶峰，成为美国“最受欢迎的电视”的第五名。','9.5',1,'成长之痛 第七季',7,'https://movie.douban.com/subject/4074092/',7),
(4097348,'整容室  第六季','https://img3.doubanio.com/lpic/s4886695.jpg','Nip/Tuck',2009,19,'美国有线电视台FX的热门剧集Nip/Tuck的第六季又归来了。此剧讲述两名步入中年的整容医生Sean McNamara和Christian Troy合开的整容诊所McNamara/Troy中发生的各色事件，交织着整容医生们自己的生活，这份工作给他们带来了丰厚的收入，但也带来了许多麻烦，甚至是犯罪案件。\n本剧在有线台播出，级别为成人方可观看，并且事实上剧中确实充斥着大量血腥而真实的手术场面，往往让人失去整容的欲望。同时，在小小的手术室里，折射出人性的复杂多变，以及最为扭曲黑暗的一面。暴力、血腥、**，与各种社会问题，都是此剧所致力表现的元素。\n上一季，Christian在被确诊得了乳腺癌，在认为自己命不久矣后，向Liz求了婚，Liz欣然应允。然而就在蜜月前夕，Christian得知这一切都是场天大的误会。脆弱的Sean和麻醉师Teddy Rowe（Katey Sackoff饰演）走到了一起，**片导演Ram Peters（John Schneider饰演）抛弃了Kimber，转而投向Eden Lord（AnnaLynne McCord饰演）的怀抱，Kimber面对一切不知所措，无所适从。Julia在头部受创后恢复了记忆，但又因新欢Olivia Lord（Portia de Rossi饰演）的逝去而伤怀不已。\n在第六季中，Sean和Christian竭力经营着McNamara/Troy诊所，财政状况困难重重，靠新任整容师通过给女性实施新型整形手术来赚点额外收入。Liz在知晓了Christian和自己结婚目的，以及他根本没患乳腺癌这一实情后，伤透心的Liz跟Christian起诉离婚。Matt和Kimber都在尝试寻找新工作，却频频碰壁。Sean与Teddy（新一季由Rose McGowan饰演）不同，对彼此未来并没有信心，尽管看来他们如胶似漆。\n到底能否百集终结，又将带给我们如何的意外之惊，相信Nip/Tuck总能满足人们的种种期待，刺激到我们最后一根近乎麻痹的神经，一切尽在Nip/Tuck，敬请期待60周年大庆金秋之际回归的最后一季','7.8',1,'整容春秋 第六季',6,'https://movie.douban.com/subject/4097348/',6),
(4106646,'白宫风云  第七季','https://img1.doubanio.com/lpic/s24477747.jpg','The West Wing',2005,22,'连续四年荣获艾美奖最佳影集的【白宫风云】，在今年五月于美国NBC电视台光荣播出最后一集后，执政届满八年的巴特勒政府告别全世界的观众，留下一幅近乎完美的执政蓝图，给真实世界的执政者去追求。令人惋惜的是，在【白宫风云】即将谢幕之际，饰演副总统参选人里奥马加瑞的资深演员约翰史宾塞却在去年12月16日因心脏病辞世，不仅让影迷与剧组感到哀伤不已，同时编剧群也必须大伤脑筋地修改未来情节的走向，这个意外让【白宫风云】的落幕更凭添几许哀愁。\n【白宫风云】第六季结束时，德州众议员麦修山多斯（吉米史密兹饰）获得民主党的提名角逐下一任的美国总统，而在乔西赖曼的运作下，前白宫幕僚长里奥成为山多斯的副总统候选人；而共和党则有资深的加州参议员阿诺文尼克（艾伦爱尔达饰）参选。这场竞选不只是比体力、耐力，还有哪个阵营的「牛肉」能够获得选民的青睐？当然选战不只是比政见，还有各种可能被揭发的丑闻，候选人必须通过选民与媒体的重重检验。在此同时，国际社会的情势则让这场选战变得更加诡谲多变……。原本默默无名的山多斯在民调上一路落后，但是其以健保与教育改革的温情诉求，让他的支持度渐渐有了起色。但不料竞选期间发生一位拉丁裔警察意外射杀黑人小孩的新闻，这是否会让身为拉丁裔的山多斯输掉黑人选民的选票？而山多斯长久以来对「限制堕胎」的政见，引起共和党保守阵营的猛攻。此外，山多斯的随从居然在费城机场的候机楼弄丢了他的公文包，而且还被文尼克阵营的竞选总干事拾获，文尼克阵营会揭发出什么骇人的秘密？！\n对文尼克来说，这场选战也打的并不轻松，投票前数日，加州圣安德里欧核电厂居然爆发了核灾，此核电厂当年是在文尼克极力游说下才能顺利兴建。如今爆发事故让他的民调数字急速下滑，他该如何挽回颓势呢？除了激烈的选战之外，白宫西厢的「灾难」可是从未停过。上季的结尾，西厢惊爆泄密案，巴特勒总统下令调查，而幕僚长茜洁居然被法律顾问视为最有可能的泄密者？！ 这桩泄密案又会对选战造成多大的冲击？！\n【白宫风云】最终曲在紧凑的选战氛围下揭开序幕，选战成为这一季的主轴，剧中高明的政治运筹和选战艺术，最适合经历一连串政治风暴的台湾观众从中学习，也是见证美国两百年来的民主政治的最好机会。而编剧群为了让影集有更多的火花，还特别安排在11月6日晚间以现场直播的方式呈现山多斯与文尼克的辩论会，两位演员要如何「演」出如真正大选的辩论气势，成为真正的美国总统呢？！《总统候选人辩论》这集势必让观众大呼过瘾。为了让剧情更丰富复杂，观众还可看到担任山多斯竞选总干事的乔西与昔日的助理唐娜产生爱的火花，而为辞世的里奥所举办的国葬，更是备极哀荣。至于巴特勒总统的多重硬化症是否能够撑完任期？ 幕僚人员又该何去何从？谁又会是下一任的美国总统？','9.1',1,'白宫群英 第七季',7,'https://movie.douban.com/subject/4106646/',7),
(4113335,'24小时  第八季','https://img3.doubanio.com/view/movie_poster_cover/lpst/public/p2186860983.jpg','24 ',2010,24,'这一次，袭击将在纽约展开。经过第七季的努力，杰克（基弗·萨瑟兰 Kiefer Sutherland 饰）终于获得了总统的赦免，现在一身轻松的与女儿和孙女过着简单、轻松的幸福生活。可是这样的生活却没有持续多久，一名雇佣兵找上门来，希望杰克能回到重新组建的CTU，帮忙调查一场即将展开的恐怖阴谋。原来，一个中东国家的总统打算和泰勒总统签署一项联合声明，但是中东国家的反对派却极力想组织这次联合声明的签署，所以想刺杀这位总统。杰克不得不接受了这次任务，同时克洛伊（玛丽·莱恩·莱杰斯库 Mary Lynn Rajskub 饰）也被临时召集回来帮助杰克进行数据分析，但是已经身为人母，所以克洛伊无法集中精力全心帮助杰克，而杰克还要带着没有什么处理恐怖袭击经验的新人一同调查。面对全新的CTU，已经陌生的环境下，杰克还能顺利阻止袭击吗？©豆瓣','9.2',1,'24小时反恐部队 第八季',8,'https://movie.douban.com/subject/4113335/',8),
(4149192,'实习医生风云  第五季','https://img1.doubanio.com/lpic/s4064619.jpg','Scrubs',2006,24,'','8.9',1,NULL,5,'https://movie.douban.com/subject/4149192/',9),
(4203806,'宋飞正传 第九季','https://img1.doubanio.com/lpic/s7047968.jpg','Seinfeld',1997,22,'','9.4',1,'宋飞外传 第九季',9,'https://movie.douban.com/subject/4203806/',9),
(4246575,'星际之门：亚特兰蒂斯  第五季','https://img3.doubanio.com/view/movie_poster_cover/lpst/public/p2185169321.jpg','Stargate: Atlantis ',2008,20,'Weir博士重获新生，McKay博士试图拯救遭受复制者攻击后早已成千疮百孔的亚特兰蒂斯。可供使用的能源仅可维持24小时，又无法使用星际之门，亚特兰蒂斯小队能否再次战胜世界末日......\nMcKay与Sheppard计划从复制者的手中夺回ZPM。而与此同时，Samantha Carter会同Apollo正在找寻传说中遗失的城市--亚特兰蒂斯。McKay他们的计划能否成功?Carter能否找到遗失城市的所在?','8.6',1,'Atlantis season 5',5,'https://movie.douban.com/subject/4246575/',5),
(4707570,'同志亦凡人 第五季','https://img3.doubanio.com/view/movie_poster_cover/lpst/public/p2187840512.jpg','Queer as Folk',2005,13,'第五季相当好看，Michael和Ben买了房子过起夫唱妇随的小日子，Brian继续放浪的生活，他们两个人在同志生活观上发生了分歧，Brian对Michael他们模仿异性恋一夫一妻制的生活嗤之以鼻。不过Brian自己在Gay Bar的地位也受到了挑战，新出现一个金发的年轻帅哥不仅拒绝了他的挑逗更抢走了他的不少猎物，于是他借口对方在舞池里接受别人的口交而把对方驱除出Babylon，因为他现在已经买下了这个Gay Bar，是那里的老板。年轻帅哥被迫找他谈话，两人打赌列出10名俊男的名单，如果年轻帅哥在限定时间内Fuck遍10人快过Brian就算他赢，他将会重新回到Babylon，如果输了就让Brian干他。最后当然是Brian赢了，年轻帅哥来到他家说：“你现在可以得到我的身体，但是别想降伏我的心，今天我就已经把你击败了。干我的时候轻一点，我很少做0。”看着年轻帅哥结实、朝气洋溢的身体，Brian突然觉得好没意思，让他穿上裤子走了。这个新出现的帅哥脸上总有股无所谓的傲慢，表情很象前几年的Brian。\n在第四季里出现的橄榄球运动员Drew又回来找Emmet了。他正在离婚，而且被一个和他发生性关系的球迷敲诈，在Em帮助下，他在电视上对全国人出柜，而且做了Em的男朋友。很多人都不相信象Drew这样阳刚威武的绝对man货竟然也是gay，不过他为此付出了非常惨重的代价，不仅被逐出球队，而且失去了代理内衣的广告机会，每天都被狗仔队包围。\nTed几年前遇到的一个运动型男又出现了。几年前的Ted没有自信，被当作“年度性乞丐”，那个帅哥干过他之后拒绝了他要求的电话号码，并且说：每年这个时候我都要找个“年度性乞丐”好让他记得我。Ted的自尊受到很大的伤害。这个情节一定很多人都记得吧？这次Ted整容后在健身房又遇到了他，于是计划勾引他进行报复。Ted成功了，用很多姿势干了那个帅哥多次，当帅哥又在嘲笑别的“年度性乞丐”的时候，Ted把自己的报复心理告诉了他。帅哥愣了好半天，表情极度难过“其实我是真的很喜欢你”，他说完就走了。Ted没有尝到报复的快感，反而非常落寞。\n觉得第五集有点严肃起来了，好象在讨论同志生活出路的问题，毕竟剧中的角色已经年纪渐渐大了。突然觉得好可怕，同志都有老的一天，现在我们年轻还没有这种危机意识，可是真到了那一天会是怎么样的呢？有多少人真的模仿异性恋建立了一夫一妻制的家庭，并且这是同志幸福的唯一出路吗？仍然在寻找刺激的高龄同志们就真的快乐吗？在中国，现在30多岁的同志恐怕很多都结婚了，以后还会是这样吗？','9.3',1,'同志亦常人 第五季',5,'https://movie.douban.com/subject/4707570/',5),
(4736542,'都铎王朝 第四季','https://img1.doubanio.com/view/movie_poster_cover/lpst/public/p2375152287.jpg','The Tudors',2010,10,'本季作为该剧的最终季，主要讲述乔纳森·里斯·迈耶斯扮演的亨利八世与其最后三任妻子的纠葛。华服与精美宫廷充分展现了那个时代的奢靡，风格上以性爱和尺度大胆而引人瞩目，步入而立之年的亨利八世愈加散发成熟沧桑魅力，他没有停下寻欢作乐，声色犬马的脚步，在第四季中为我们呈现了阴谋与欲望的矛盾巅峰。','8.0',1,NULL,4,'https://movie.douban.com/subject/4736542/',4),
(4848610,'千谎百计  第三季','https://img3.doubanio.com/view/movie_poster_cover/lpst/public/p661959790.jpg','Lie to Me ',2010,13,'新一季中，莱特曼集团的经营似乎陷入最困难的时期，集团与FBI的长期合作宣告终止，卡尔·莱特曼博士（蒂姆·罗素 Tim Roth 饰）签约的新书迟迟未能完成，面临对簿公堂的窘境，而这位拥有极高才华的天才博士和家人、同事之间的关系也变得颇为复杂。他与女儿艾米莉（海莉·麦可法兰德 Hayley McFarland 饰）相互依存，女儿有时会反抗父亲的强势，扮演着母亲的角色；他和吉莉安·福斯特（凯利·威廉姆斯 Kelli Williams 饰）的关系暧昧不清，相互试探，又颇显紧张。\n与此同时，各种各样棘手案件纷至沓来，银行抢劫案、文物展览会盗窃案、矿井爆炸案、宗教团体事件……无一不对莱特曼提出最严峻和最危险的考验。©豆瓣','8.0',1,'别对我说谎 第三季',3,'https://movie.douban.com/subject/4848610/',3),
(4890997,'糊涂侦探 第二季','https://img3.doubanio.com/view/movie_poster_cover/lpst/public/p2183699874.jpg','Get Smart',1966,30,'糊涂侦探是由喜剧大师梅尔.布鲁克斯编剧的电视剧集《糊涂侦探》在60年代仿效当时流行的007系列电影改编的间谍喜剧。\n10多年前在国内放映过，国内也踊跃出一大批剧迷。男主人公叫麦克斯韦.精明-特工86号，他的女搭档是99号特工。里面的特工用品都很滑稽，比如86号的皮鞋电话、局长的隔音罩等等。\n该片在1965年-1970年在电视台播出，1989年又顺时推出了《新糊涂侦探》，95年又推出了《糊涂侦探再度出击》；1980年克里夫.唐纳导演的电影版86号《The Nude Bomb》。这些都是由男主角唐.亚当斯主演，更值得一提的是同在国内被人熟知的动画连续剧《神探加杰特》\"Inspector Gadget\" (1983) [TV-Series 1983-1986]中的加杰特也是由亚当斯配音，后来亚当斯多次为加杰特配音并演出过一个电视版--The Amazing Adventures of Inspector Gadget（1986），就连99年马修布罗德里克主演的电影版本《G型特工》，亚当斯也为其中一个角色配音。\n糊涂侦探(Get Smart)的主演，麦克斯韦·史马特(Maxwell·Smart)的扮演者Don Adams(1923-2005)先生于2005年9月25日去世了，享年82岁。','9.5',1,'妙探史马特 第二季',2,'https://movie.douban.com/subject/4890997/',5),
(4944041,'灵媒缉凶  第七季','https://img1.doubanio.com/lpic/s4490157.jpg','Medium ',2010,13,'','8.5',1,'鬼线人 第七季',7,'https://movie.douban.com/subject/4944041/',7),
(5284641,'希区柯克剧场 第三季','https://img1.doubanio.com/view/movie_poster_cover/lpst/public/p2293831579.jpg','Alfred Hitchcock Presents',1957,39,'An arrogant detective, Charles Courtney, prides himself on never having committed a single mistake in his long and distinguished career. He keeps a shelf of labeled mementos from each of his cases. On the shelf there is an open space and a blank tag for what Courtney calls \"The Perfect Crime\". One day a defense lawyer stuns Courtney when he confronts him with evidence that the detective helped convict an innocent man who has since been executed. Courtney kills the lawyer, bakes him in a pottery kiln, and places the vase in the open space on his shelf as a memento to his perfect crime.','9.1',1,'希区柯克悬念故事集',3,'https://movie.douban.com/subject/5284641/',7),
(5295022,'超人前传 第十季','https://img3.doubanio.com/view/movie_poster_cover/lpst/public/p2191267774.jpg','Smallville',2010,21,'','8.1',1,'超人前传',10,'https://movie.douban.com/subject/5295022/',10),
(5343164,'恶魔岛','https://img3.doubanio.com/view/movie_poster_cover/lpst/public/p1366213834.jpg','Alcatraz',2012,13,'恶魔岛是位于美国加州旧金山湾内的一座小岛，曾设有恶魔岛联邦监狱，关押过不少知名的重刑犯，于1963年废止，现与金门大桥同为旧金山湾的著名观光景点。\n旧金山警探Rebecca（莎拉·琼斯 Sarah Jones 饰）被分配到了一个离奇凶杀案。凶手的指纹属于一个早已死去的死 囚Sylvane。政府探员Emerson（山姆·尼尔 Sam Neill 饰）试图阻止她的调查，却更坚定她追查的决心。她找到恶魔岛专家Diego博士（乔治·加西亚 Jorge Garcia 饰）发现本应85岁的Sylvane仍是当年的模样。最终Emerson同意二人加入特别小组，和技术专家Lucy（帕敏德·纳格拉 Parminder Nagra 饰）一起破案，并告知道了一个秘密：1963年3月21日在恶魔岛上所有302个囚犯，全部消失，而在2012年，他们又相相出现……©豆瓣','6.5',1,NULL,NULL,'https://movie.douban.com/subject/5343164/',NULL),
(5347185,'设计人生','https://img1.doubanio.com/view/movie_poster_cover/lpst/public/p1580624169.jpg','Jane by Design',2011,18,'简（艾瑞卡·达舍尔 Erica Dasher 饰）是一个对于时尚尤为敏感，在设计上独具天赋的16岁高中生，一次偶然中，她竟然因为外表成熟而被一家顶级的时装公司录取成为了设计师格蕾（安迪·麦克道威尔 Andie MacDowell 饰）的助理。一面是校园中的青葱岁月，一边是时装公司里的尔虞我诈，简就这样开始了她的双面人生。\n很快，初出茅庐的简就发现了时装界的黑暗一面——只有通过不断将竞争对手狠狠踩在脚下才能够一步一步接近目标，而格蕾的死对头尹迪亚（茵地亚·德·比尤福特 India de Beaufort 饰）也正是这么做的。在设计师杰瑞米（Rowly Dennis 饰）和好友比利（Nick Roux 饰）的帮助下，简逐渐的成熟了起来，可是，他们似乎又有着各自的秘密隐藏在黑暗之中。©豆瓣','7.2',1,'珍妮制造',NULL,'https://movie.douban.com/subject/5347185/',0),
(5681960,'扪心问诊  第三季','https://img3.doubanio.com/view/movie_poster_cover/lpst/public/p2453063624.jpg','In Treatment ',2010,28,'','9.1',1,'心理医生 第三季',3,'https://movie.douban.com/subject/5681960/',3),
(5966527,'泛美航空 ','https://img1.doubanio.com/view/movie_poster_cover/lpst/public/p1272507267.jpg','Pan Am ',2011,14,'激情，嫉妒，间谍活动，每天都在这群人中上演——而且是在三万英尺的高空。上世纪60年代的复古风情，喷气机时代的蓬勃朝气，充满情欲纠葛的情节，所有这些元素加在一起便构成了这部激动人心且立意新颖，不落窠臼的新剧。\n在剧中的现代世界，航空旅行被视为奢侈的象征，泛美航空是最大的航空公司。在当时，飞机让人们无比心驰神往，飞行员们就像摇滚明星一样酷，而空姐们是世界上最有魅力的女人。身为泛美航空的飞行员和空姐不仅要年纪够轻和外表出众，由于他们代表的是公司形象，所以对教育水平和礼貌教养的要求也很高。经过专业训练的他们无论面对航程中的紧急突发事件还是来自乘客的非礼和骚扰，都能从容应对，妥当处理——同时制服和发型依然维持原样。剧中主要人物之一的机长（Jonah Lotan饰）是一位迷人又自大，且野心十足的新飞行员，也是首位没有经过战争洗礼的飞行员。他违反公司规定偷偷跟空姐Bridget拍拖。Bridget是一位令人惊艳的大美女却有着不为人知的过去。原本性格叛逆，不守常规的Maggie(Christina Ricci饰)则为了实现看世界的心愿变身不苟言笑的空姐。其他角色还有爱卖弄风情的 Collette (Karine Vanasse饰)，喜欢冒险的Kate (Kelli Garner饰)以及Laura (Margot Robbie饰)——Kate那位获得过选美冠军的妹妹，一位落跑新娘，她为逃离国内无聊沉闷的生活也当上了空姐。','7.8',1,'泛美之旅',NULL,'https://movie.douban.com/subject/5966527/',NULL),
(5975326,'70年代秀 第三季','https://img1.doubanio.com/lpic/s4632627.jpg','That \'70s Show',2000,25,'情景喜剧有很多，关于家庭的情景喜剧比比皆是，关于家庭&成长的情景喜剧不计其数，关于家庭&成长&朋友的情景喜剧如山似海，可是，发生故事在70年代的家庭&成长&朋友的情景喜剧仅此一部——70年代秀。\n在这个疯狂的时代里，我们看着另类的六人行，看着瘦瘦邻家男孩与典型父母二人组在一个会旋转的屋檐下的笑料连连。\n看着瘦瘦邻家男孩与隔壁红发女孩如何青梅竹马两小无猜却时时能让你捧腹不堪。\n看着瘦瘦邻家男孩与被以后准是“妻管严”的无脑漂亮脸蛋，暗恋自己女朋友的哥们，说着一口笑死人英语其实一点也不纯洁的外国交换生在自家的地下室里如何妙语连珠侃侃而谈口若悬河俐齿伶牙。\n70年代的青春，70年代的爱情，70年代的友谊，70年代的家庭，70年代的躁动，70年代的秀','9.0',1,NULL,3,'https://movie.douban.com/subject/5975326/',8),
(5977855,'神探阿蒙  第八季','https://img1.doubanio.com/lpic/s6333078.jpg','Monk ',2009,16,'','9.3',1,NULL,8,'https://movie.douban.com/subject/5977855/',8),
(6003088,'歪星撞地球  第五季','https://img3.doubanio.com/lpic/s4655050.jpg','3rd rock from the sun ',1999,22,'A group of aliens has come to Earth to learn about its population, customs, etc. To avoid detection, they have taken on human form which gives them human emotions, physical needs etc. WITHOUT the understanding of what they mean or the inhibitions normally present in humans. Their leader takes the position of a college professor, their military expert as his sister, their intelligence expert, supposedly oldest of group takes form of his teenage son. The uninhibited reactions turn everyday events into unusual situations.','9.1',1,'外星人报道 第五季',5,'https://movie.douban.com/subject/6003088/',6),
(6082513,'创：崛起','https://img3.doubanio.com/view/movie_poster_cover/lpst/public/p1505816224.jpg','TRON: Uprising',2012,19,'该剧描述了生活在Argon城的年轻技工Beck的故事。\nArgon城虽然位于电子世界的角落，但却是一个快速崛起的都市。Clu的忠实走狗Tesler将军是这里的统治者。Clu的军队离解了Beck的朋友Bodhi，Beck决定为Bodhi报仇。Beck的行为吸引了电子世界最伟大的战士Tron的注意，Tron决定将其培养成自己的接班人。从此以后，绰号「叛逆者」（The Renegade）的Beck开始在电子世界里传播革命的火种，并为电子世界全体公民的自由而战。','8.4',1,'创：崛起',NULL,'https://movie.douban.com/subject/6082513/',NULL),
(6087553,'泰坦尼克号','https://img3.doubanio.com/view/movie_poster_cover/lpst/public/p1496529651.jpg','Titanic',2012,4,'ITV版《泰坦尼克号》聚焦不同的阶层的乘客、船员，通过多视角来展现泰坦尼克号当时的方方面面。观众们将和角色们一起经历泰坦尼克号沉船前的几个小时，经历那从愉悦到悲痛的落差感以及生离死别。主人公们地位的差别，政治上的倾向也许直接影响到他们的生死，还有男女之间的一见钟情和夫妻之间的相濡以沫，可以说，泰坦尼克号上的人物，完全可以展现当时英国资产阶级的众生相','8.2',1,'泰坦尼克号 2012电视剧版',NULL,'https://movie.douban.com/subject/6087553/',NULL),
(6125441,'飞天小女警  第二季','https://img3.doubanio.com/view/movie_poster_cover/lpst/public/p2455132704.jpg','The Powerpuff Girls ',1999,13,'绝大部分的故事都发生在美国一个名为小镇村（The City of Townsville）的都市，飞天小女警则是这座城市的保护者，举凡阻止银行抢案、火场救援、防止怪兽破坏城市等，都是她们的工作。 飞天小女警对付犯案者及怪兽毫不留情，几乎总是会狠狠的揍他们一顿，再把他们丢进监牢或交给警方。\n飞天小女警有专属的热线电话，市政厅、小橡树幼稚园和基妮老师家里都设有分机。发生犯罪事件时通常是由市长打电话通知飞天小女警。飞天小女警的主旨是“英雄不是绝对的善，坏蛋也不是绝对的恶…因为每个人都有好的本性和坏的本性，只看你怎么选择。\n结尾画面和结尾语亦为本作之特色，各故事皆有结尾画面和结尾语。大部分的结尾画面为飞天小女警三人，结尾语通常则是“一天又平安的过去了，感谢飞天小女警的努力！”但前两者并非每集皆一成不变；较可能出现的会是解决该集纷争最有助力的人、事、物，而也并非绝对单一个体（也可能复数）。','8.7',1,NULL,2,'https://movie.douban.com/subject/6125441/',6),
(6284624,'十三个原因 第一季','https://img3.doubanio.com/view/movie_poster_cover/lpst/public/p2418422310.jpg','13 Reasons Why',2017,13,'该剧根据2007年获得纽约时报最佳销售奖﹑Jay Asher所著的同名小说改篇，故事讲述一个少年Clay（Dylan Minnette 饰）在某夜收到一个鞋盒，内里装着自杀﹑已故的女同学Hannah（Katherine Langford 饰）的录音带。录音带中有指令，要把录音带从一个学生交到另一位手上，以向12位同学，用13个原因解释他们在她的死亡中，有着甚么身 份，以及她为什么要自杀。\nBrandon Flynn饰演Justin，饰演一个篮球员，有着星级的实力，但亦有星级的自大﹑Christian Navarro饰演Tony，一个孤独的人，不过他会为正确的事站出来﹑Alisha Boe饰演Jessica，Hannah的朋友，直至一次恶性的吵架而分开。\nJustin Prentice饰演放纵风格的Bryce，有着好看的外貌﹑Devin Druid饰演Tyler，喜欢拿着相机的摄影师﹑Miles Heizer饰演Alex，会自省﹑带艺术气质﹑有丰富情感。Ross Butler饰演Zach。Derek Luke饰演Hannah的辅导员Porter先生。\nKate Walsh饰演女主Hannah的妈妈﹑Brian d’Arcy James饰演Hannah的爸爸，是位药剂师，有自己的小生意，但在女儿之死后，他把自己沈醉在工作及保持自己的店子免被竞争对手压垮，并以此逃避丧女的现实。\nAmy Hargreaves饰演常规角色，男主Clay的母亲Jensen女士，她性格爽朗﹑与儿子关系密切﹑富同情心及关心儿子，不过在Clay口中则称她是「直升机家长」（形容这些家长会像直升机一样，盘旋在子女四周，随时空降帮子女解决问题）。不过这位身为公正的律师，对待儿子时的确少了一份客观。','8.2',1,'汉娜的遗言(台)',1,'https://movie.douban.com/subject/6284624/',2),
(6308210,'美国众神','https://img3.doubanio.com/view/movie_poster_cover/lpst/public/p2434009366.jpg','American Gods',2017,8,'《美国众神》主要讲述了新神和旧神之间一场正在酝酿的战争：神话中传统的神开始逐渐失去了自己的信徒，转而去信仰一些新崛起的新神，新神反映了当前社会对金钱、科技、现代媒体、名人名流和药物毒品的贪恋。剧中主要描写Mr. Wednesday（Ian McShane饰），一个狡猾而魅力无穷的骗子，充满了邪恶的智慧、令人好奇的魔法以及宏伟的抱负。他雇佣有诈骗前科的Shadow Moon（Ricky Whittle饰）作为贴身保镖伴游美国，用他个人魅力到处招兵买马为最终的新旧神之间的战争做准备。','7.8',1,'美国神祗',NULL,'https://movie.douban.com/subject/6308210/',NULL),
(6360305,'星际旅行：原初 第三季','https://img1.doubanio.com/lpic/s6828337.jpg','Star Trek',1968,24,'(Star Trek: The Original Series，1966年-1969年)\n《原初系列》在1966年9月8日于美国全国广播公司（NBC）首播，吉恩•罗登贝瑞制作，威廉•薛特纳（William Shatner）、李奥纳德•尼摩伊（Leonard Nimoy）、以及德佛 瑞斯特•凯利（DeForest Kelley）所主演。它是一个描述一艘隶属于星际联邦（the United Federation of Planets）的星舰进取号（Enterprise，又译为企业号/奋进号）上的航员以及他们“勇敢地航向前人所未至的领域”（To boldly go where no one has gone before）的冒险故事。在一开始它并不成功，收视率低而且广告收入也不理想。然而，当这个节目第二季隐约出现了停播的恶兆时，忠实影迷们展开了一场前所未有的争取运动，说服美国全国广播公司继续制作第三季。最後一集于1969年6月3日首播。该电视系列剧在日後各台重播中受到惊人的欢迎。\n为了将这第一个系列与日後其他系列作一个区分，这个系列在西方被称为Star Trek: The Original Series（星际旅行：原初系列，在台湾使用《星际争霸战》这个名称﹐在七十年代的香港译为《星空奇遇记》），缩写为ST:TOS或TOS。\n也就是最早的ST，为了和后来的剧集区别开国外Fans在其名称后加了The Original Series，所以简称TOS，一共三季，开创了历史的经典之作，电影版的1-6可以看作TOS的延续，电视剧版原班人马。','9.3',1,'星际迷航：原初系列 第三季',3,'https://movie.douban.com/subject/6360305/',3),
(6521838,'罪案终结 第七季','https://img1.doubanio.com/view/movie_poster_cover/lpst/public/p1586445249.jpg','The Closer',2011,21,'','9.1',1,NULL,7,'https://movie.douban.com/subject/6521838/',7),
(6558033,'混乱之子  第四季','https://img1.doubanio.com/view/movie_poster_cover/lpst/public/p1207153297.jpg','Sons of Anarchy ',2011,14,'','8.8',1,'无政府之子 第四季',4,'https://movie.douban.com/subject/6558033/',7),
(6724972,'我的小马驹：友谊大魔法 第二季','https://img3.doubanio.com/view/movie_poster_cover/lpst/public/p2163658411.jpg','My Little Pony: Friendship is Magic',2011,26,'故事叙述一只叫暮光闪闪(TwilightSparkle)的小马为了执行导师塞拉斯提娅公主（PrincessCelestia）给她的任务，与助手斯穗龙（Spike）一起来到小马镇学习有关友谊的魔法的知识，其中她认识了苹果杰克（Applejack）、瑞瑞（Rarity）、小蝶（Fluttershy）、云宝黛西（RainbowDash）与碧琪（PinkiePie）五位好朋友，每只小马都代表着友谊的每个元素，并在和谐水晶（E... 故事叙述一只叫暮光闪闪(TwilightSparkle)的小马为了执行导师塞拉斯提娅公主（PrincessCelestia）给她的任务，与助手斯穗龙（Spike）一起来到小马镇学习有关友谊的魔法的知识，其中她认识了苹果杰克（Applejack）、瑞瑞（Rarity）、小蝶（Fluttershy）、云宝黛西（RainbowDash）与碧琪（PinkiePie）五位好朋友，每只小马都代表着友谊的每个元素，并在和谐水晶（ElementsofHarmony）中，各扮演重要的关键元素。此后，暮光闪闪(TwilightSparkle)便与她认识的新朋友们开始了有趣的日常生活，在第四季时暮光闪闪（TwilightSparkle）和她的五个朋友在第四集以及之后开始写日记。','9.4',1,'彩虹小马(台)',2,'https://movie.douban.com/subject/6724972/',7),
(6772733,'小律师大作为 第二季','https://img1.doubanio.com/view/movie_poster_cover/lpst/public/p1590757359.jpg','Franklin & Bash',2012,10,'','7.7',1,NULL,2,'https://movie.douban.com/subject/6772733/',4),
(6778677,'绝望主妇  第八季','https://img1.doubanio.com/view/movie_poster_cover/lpst/public/p1161392417.jpg','Desperate Housewives ',2011,23,'新的一季主要围绕上一季结尾主妇联手隐瞒Carlos错手杀死Gaby继父的剧情而展开。Susan因为隐瞒实情内心歉疚，惶惶不可终日；Bree要应付自己的侦探男友；Lynette和Tom的感情似乎真的走到了尽头；紫藤巷搬来了新邻居，Renee对这个澳洲型男蠢蠢欲动……','9.2',1,'欲望绝情妻 第八季',8,'https://movie.douban.com/subject/6778677/',8),
(6781992,'豪斯医生 第八季','https://img3.doubanio.com/view/movie_poster_cover/lpst/public/p1284902530.jpg','House M.D.',2011,22,'继将好兄弟Wilson的爱车开进旧情人Cuddy的客厅后，备受伤害的House终于在等待假释的看守所内找到了新的刺激。当然，编剧没有忘记为House安插新的小朋友进行调教：这次被House征服的是具有一副混血面孔的美丽女医生Adams。\nHouse在新剧集里再次展现了惊人的天赋。过人的观察力、大胆的推理、剑走偏锋的行事风格和神乎其技的查体功底一览无遗。曾在Hopkins训练过的高材生Adams医生态度也从开始的倨傲转向惊奇，并最终成为House式行动的追随者。\n本集的病例依旧稀有。与往常不同，House这次并没有充沛的医疗资源可加利用，诊断完全依靠最原始的手段。一名年轻男子在狱中相继出现了关节痛、发热、皮疹等症状，Adams起初认为是淋病，但House以更有说服力的红斑狼疮推翻了Adams。不过患者的表现远不止这么简单，该男子被烟草熏黄的手指和接下来发生的骨折使House转向晚期肺癌的诊断。此时的House表现出神乎其技的听诊技能：在没有听诊器的情况下House准确地查出患者肺部存在阴影。有经验的临床专家通过轻拍即可了解患者两肺的情况，更有奇人可仅凭听诊估算患者心脏的EF值（射血分数，通常需要心脏超声的帮助来进行模拟计算）。House的天赋大概集中了全世界最有经验医生的传奇，当然，对于绝大多数中庸之资的凡人来说，追求这种境界其实远不如读好一张胸片或安排一次可靠的超声来的保险。House的神奇并没有帮到这名患者，胸片显示该男子的肺部阴影并非癌症。患者极易流血不止的表现也不符合肺癌晚期常有的高凝状态，病情更趋复杂了。除此之外，患者又发生了过敏性休克，幸好有医生在场，简易情形下的气管切开术挽救了这个年轻人的生命。现在，所有的临床表现终于齐全了：凝血功能障碍、皮疹、骨质疏松、过敏，答案会是什么呢？即将离开的House想到了肥大细胞增多症（Mastocytosis）。这种血液系统疾病能够侵犯全身多个系统，并常常表现为发作性过敏。肥大细胞释放组胺等炎症介质，使得患者产生荨麻疹、喉头水肿甚至窒息。不过，潮红、低血压等类过敏征象并非仅限于肥大细胞增多症，在做出此项诊断之前，还需要谨慎考虑脓毒症、类癌综合征、神经内分泌肿瘤如VIP瘤或嗜铬细胞瘤、甲状腺髓样癌等疾患。而这些疾病的排除需要细致的全身检查和多种实验室检查。House的编剧在此简化了细节，选择利用阿司匹林来进行简易诊断。阿司匹林（乙酰水杨酸）是一种环氧化酶抑制剂，可抑制前列腺素（PG）的生物合成，同时又可促进产生过敏介质白三烯（LT），增强肥大细胞诱发的过敏反应。因此，当已有过敏潜质的患者服用阿司匹林后，很可能当场诱发过敏性休克。这将有助于排除上述其他原因造成的类似表现。晚餐上的纸条证明，House又一次猜中了结局。\n当然，本剧的亮点远非这个case本身。House在深陷江湖危机之时还不忘为室友拯救中毒的宠物蟋蟀，所用的手段仍然令人耳目一新。而这个成功的解救也为后来House乱中解围埋下了伏笔。\nHouse的天赋来自编剧。能够写出各种各样奇怪病例的House编剧，医学功底也相当了得。凑巧的是，在《新英格兰医学杂志》上，就刊有一篇关于肥大细胞增多症的病例报告。在这份报告中，患者在使用阿司匹林后过敏症状加重，麻省总医院（MGH）的现实版House们终于经过周密的诊治手段确认了病情。当然，在鉴别分析及治疗细节上，专业的医学期刊所体现的又是另一种美感了。本集House的故事原型，是否脱胎于此呢？而如此专业的态度，大概也正是国内编剧所无法企及的高度了吧。','9.5',1,'医神 第八季',8,'https://movie.douban.com/subject/6781992/',8),
(6796123,'犯罪现场调查：迈阿密 第十季','https://img3.doubanio.com/lpic/s9025305.jpg','CSI: Miami ',2011,19,'这里是迈阿密，这里是度假胜地，这里有阳光海滩，这里有热辣美女，但在如此美妙的天堂之下却潜藏着罪恶的地狱，小纠小纷、勾心斗角演化成一发不可收拾的杀人惨剧。\n在这个热带城市，有着这样一个团队，他们严谨敬业，他们辛勤客观，他们由鉴证人员，验尸官，调查员等各方面的专家组成，出入各个案发现场，用锐利的眼神寻找蛛丝马迹，巧妙利用弹道学、犯罪危险因子学、法医毒理学、DNA鉴定、咬痕与血型分析、齿 、科学、昆虫学、痕迹学和犯罪变态心理学抽丝剥茧，将支离破碎的线索拼凑起来，还原出事实真相。\n在这里，可以看到难以触及的专业技术在眼前真实的展示，可以看到CSI探员如何为死者沉冤昭雪，而在如此残酷的罪行背后又掩藏着怎样的故事和动机。这里不同于普通的罪案剧，所有推断均基于最尖端的高科技侦破技术，充满条理的分析让人在信服的同时不禁惊叹科技的神奇魅力。\n尽请关注犯罪现场调查：迈阿密篇，让高科技席卷你的大脑。','8.2',1,'犯罪现场迈阿密篇 第十季',10,'https://movie.douban.com/subject/6796123/',10),
(6803152,'西镇警魂 第一季','https://img3.doubanio.com/view/movie_poster_cover/lpst/public/p1545883714.jpg','Longmire',2012,10,'Longmire事实上是我们主人公的姓氏。Walt Longmire丧偶1年，将内心和精神上的伤痛用冷酷的面孔和高深的睿智封存。妻子死后，在他女儿Cady的敦促下，Longmire知道，是时候转身面对生活向前看了。在一位新来的女长官Vic的帮助下，他重新为自己的工作注入了活力。而当一位年轻、有野心的年轻人Branch要和他争夺警长的职位时，Longmire觉得自己被背叛，但他依旧不变地为整个社区的治安奉献自己的力量。\n本片由John Coveny和Hunt Baldwin根据Craig Johnson的畅销系类小说《Longmire Mystery》改编而成。','8.1',1,NULL,1,'https://movie.douban.com/subject/6803152/',6),
(6952149,'绝命毒师  第五季','https://img3.doubanio.com/view/movie_poster_cover/lpst/public/p1579021082.jpg','Breaking Bad ',2012,16,'故事紧接着上一季，通过一场精心策划的大爆炸，沃尔特（布莱恩·科兰斯顿 Bryan Cranston 饰）终于除掉了长久以来的威胁古斯塔沃（吉安卡洛·埃斯珀西多 Giancarlo Esposito 饰），也将古斯塔沃一手建立的毒品帝国连根拔起。然而，“事业”上的成功并没有为沃尔特带来太多的快乐，因为他和妻子斯凯勒（安娜·古恩 Anna Gunn 饰）之间的关系再次跌落到了冰点。\n古斯塔沃死了，但沃尔特的野心并没有消失，他联手杰西（亚伦·保尔 Aaron Paul 饰）与麦克（乔纳森·班克斯 Jonathan Banks 饰），开始建立属于他的新的帝国。一次偶然中，汉克（迪恩·诺里斯 Dean Norris 饰）在沃尔特家中发现了沃尔特就是海森堡的确凿证据，巨大的打击之下，他决心大义灭亲，昔日的连襟，如今沦为对手。与此同时，一股新的势力正在毒品圈内逐渐壮大，他们即将成为汉克最强大的敌人。©豆瓣','9.6',1,'超越罪恶 第五季',5,'https://movie.douban.com/subject/6952149/',5),
(10428490,'费城永远阳光灿烂 第二季','https://img3.doubanio.com/lpic/s7035382.jpg','It\'s Always Sunny in Philadelphia',2006,10,'Four egocentric friends who run a neighborhood Irish pub in Philadelphia try to find their way through the adult world of work and relationships. Unfortunately, their warped views and precarious judgments often lead them to trouble, creating a myriad of uncomfortable situations that usually only get worse before they get better. Written by DesertShark25','9.1',1,NULL,2,'https://movie.douban.com/subject/10428490/',13),
(10480979,'恐怖大师 第二季','https://img3.doubanio.com/view/movie_poster_cover/lpst/public/p1457680856.jpg','Masters Of Horror',2006,13,'恐怖片导演米克·加利斯（Mick Garris）一手缔造的“恐怖大师”系列强势回归Showtime频道，第二季延请了丝毫不逊于第一季的豪华恐怖导演阵容，势要将尖叫指数拔到最高。单集将近1个小时的13部小剧集，魅影橦橦，怪诞诡异。似乎有着生命的地下油状物体，用强酸溶掉他人在装扮成自己家人的恐怖老伯，实施惨烈惩罚的孤独吸血鬼，听力极其敏锐却备受困扰的男子，孕育着魔鬼骨血的年轻女孩，弥漫全国令所有男人疯狂的螺旋蝇、心中埋着复仇种子的尖叫冰淇淋幽灵，食人族出身的国父华盛顿、恐怖作家爱伦•坡的黑暗秘辛以及游荡在公海中央小艇中的怨灵。\n奇思妙想，光怪陆离，邪典故事交替上演……©豆瓣','7.3',1,'恐怖大师',2,'https://movie.douban.com/subject/10480979/',2),
(10512090,'政坛野兽','https://img1.doubanio.com/view/movie_poster_cover/lpst/public/p1595115738.jpg','Political Animals',2012,6,'本剧以虚构的前第一家庭为背景，以前第一夫人、现任总统的女国务卿伊莲·巴瑞斯（西格妮·韦弗 Sigourney Weaver 饰）为主线，向观众们展示了女国务卿伊莲在政坛、家庭和媒体多重关系中的故事。伊莲与丈夫、前任美国总统巴德（塞伦·希德 Ciarán Hinds 饰）离婚后成为现任国务卿，却发现对于一位需要扮演多重角色的女性来说她的责任和负担尤其重大。一方面她是美国政坛举足轻重的人物，但同时她又是一位妻子、一个母亲。长子道格拉斯（詹姆斯·沃克 James Wolk 饰）虽然政治前途光明却好像暗藏秘密，小儿子T.J（塞巴斯蒂安·斯坦 Sebastian Stan 饰）劣迹斑斑令母亲头痛不已，而她自己与前夫也藕断丝连。更糟糕的是，伊莲本想竭力掩盖的这一切被同样强势的女记者苏珊·伯格（卡拉·古奇诺 Carla Gugino 饰）紧紧咬住。伊莲不得不在国家、家庭和绯闻中全力周旋。©豆瓣','7.4',1,'政治动物',NULL,'https://movie.douban.com/subject/10512090/',NULL),
(10520453,'直弯好基友','https://img3.doubanio.com/view/movie_poster_cover/lpst/public/p1719662780.jpg','Partners',2012,13,'CBS台2012秋季新剧《直弯好基友》讲述一对从小一起长大的直男乔（大卫·克鲁霍尔特兹 David Krumholtz 饰）和同志路易斯（迈克尔·尤瑞 Michael Urie 饰），在拥有情比金坚的友谊和成功的商业伙伴关系后，因乔向女友求婚而引发两人世界翻天覆地的情景喜 剧。两位死党的感情比他们的任何一段恋情都要长。尽管路易斯拥有了高大护士男友怀亚特（布兰登·罗斯 Brandon Routh 饰），但当乔准备向现任女友珠宝设计师阿丽（索菲亚·布什 Sophia Bush 饰）求婚时，却被路易斯意外破坏了。四个人就像存在着三对情侣，拍档关系暧昧难明......\n《直弯好基友》剧情源自制片人大卫·科翰（David Kohan）和马科斯·穆契利克（Max Mutchnick）的现实关系：两人一直一弯，从高中开始成为好朋友，毕业后一起组建了以他们名字首字母命名的制片公司KoMut，并创作了美剧史上具有里程碑意义的《威尔与格蕾丝》。《威尔与格蕾丝》首开以同性恋为主角的电视节目之先河，获得了艾美奖和演员工会奖等多项提名，对美国主流社会改变对同性恋的态度起到了深远积极的影响。《直弯好基友》延续了《威尔与格蕾丝》中直弯搭配的格局，探索新世代跳出性向藩篱的人际关系。©豆瓣','7.9',1,'直弯拍档',NULL,'https://movie.douban.com/subject/10520453/',NULL),
(10560672,'复仇者：世上最强英雄组合 第二季','https://img3.doubanio.com/view/movie_poster_cover/lpst/public/p2251160336.jpg','The Avengers: Earth\'s Mightiest Heroes',2012,26,'','8.4',1,'复仇者:世上最强英雄组合 第二季',2,'https://movie.douban.com/subject/10560672/',2),
(10573811,'少年正义联盟 第二季','https://img3.doubanio.com/lpic/s9015245.jpg','Young Justice: Invasion',2012,20,'','9.3',1,NULL,2,'https://movie.douban.com/subject/10573811/',3),
(10577737,'蛇蝎女佣 第一季','https://img3.doubanio.com/view/movie_poster_cover/lpst/public/p1959214462.jpg','Devious Maids',2013,13,'玛丽索（阿娜·奥缇兹 Ana Ortiz 饰）的儿子被控告谋杀，为了替儿子洗脱罪名，玛丽索需要大笔的金钱周转。罗斯（丹妮亚·拉米雷兹 Dania Ramirez 饰）的丈夫英年早逝，留下一个儿子靠罗斯微薄的薪水抚养。左拉（朱迪·雷耶斯 Judy Reyes 饰）自信又迷 人，和瓦伦蒂娜（Edurne Ganem 饰）既是母女亦是同事。卡门（罗塞莉·桑切斯 Roselyn Sanchez 饰）梦想成为一名歌手，可苍白无力的现实却令她望而却步。\n车水马龙纸醉金迷的比弗利富人区，四个女人穿梭与此生活于此，却和这里的光鲜亮丽毫无关系，她们只是一群为有钱人服务，替有钱人收拾各种烂摊子的女佣罢了。一桩离奇的死亡事件将四个女人的命运联系到了一起，为了捍卫她们共同的利益，她们必须死死守住某个秘密。©豆瓣','7.8',1,'心机女佣(台)',1,'https://movie.douban.com/subject/10577737/',NULL),
(10733868,'南城警事 第五季','https://img1.doubanio.com/view/movie_poster_cover/lpst/public/p1869249479.jpg','Southland',2013,10,'','9.4',1,'洛城警事',5,'https://movie.douban.com/subject/10733868/',5),
(10744409,'危机边缘 第五季','https://img3.doubanio.com/view/movie_poster_cover/lpst/public/p1714263466.jpg','Fringe',2012,13,'Georgina Haig 也是主演之一','8.5',1,'F档案 : 第5辑(港)',5,'https://movie.douban.com/subject/10744409/',5),
(10748073,'触摸未来 第二季','https://img1.doubanio.com/view/movie_poster_cover/lpst/public/p1991716977.jpg','Touch',2013,13,'FOX电视台新剧《Touch》由著名编剧Tim Kring与制作人Peter Chernin和Katherine Pope联手打造。该剧涉及超自然力量，在剧中科学与灵性相交融，所有人都联系成一个整体，并且通过看不见的方式互相影响和改变着他人的命运。\n本剧第二季获得预订，安排在周五8点档播出','7.5',1,NULL,2,'https://movie.douban.com/subject/10748073/',2),
(10756709,'绯闻女孩 第六季','https://img3.doubanio.com/view/movie_poster_cover/lpst/public/p1900445346.jpg','Gossip Girl',2012,10,'本季是此剧的终结季，故事从所有人都在寻找失踪的Serena（布蕾克·莱弗利 Blake Lively 饰）开始。没有人知道她在哪里，就连神通广大的“绯闻女孩”也不知道。不过S很快出现了，身边还多了一个成熟稳重的英俊新男友。与此同时，为了能够长相厮守，Blair（莉顿·梅斯特 Leighton Meester 饰）下决心帮助Chuck（爱德·维斯特维克 Ed Westwick 饰）战胜他的父亲。Dan（佩恩·拜德格雷 Penn Badgley 饰）的新书比他的第一本书揭露更多的丑闻，在引起更大轰动效应的同时也带给了身边朋友很大困扰。而Nate（切斯·克劳福 Chace Crawford 饰）坚定不移地探查“绯闻女孩”的底细。\n这一群曼哈顿的上流社会的富家子弟的命运到底会又怎么样的发展？而“绯闻女孩”的真实身份真的会被这一季被揭晓吗？©豆瓣','7.6',1,'八卦天后 第六季',6,'https://movie.douban.com/subject/10756709/',6),
(10757228,'都市侠盗 第五季','https://img3.doubanio.com/view/movie_poster_cover/lpst/public/p2201520194.jpg','Leverage',2012,15,'《都市侠盗》类似现代版的罗宾汉与《十一罗汉》的综合体，讲述了一群各怀绝技的飞天大盗行侠仗义的故事。奥斯卡奖获得者Timothy Hutton出演男一号。\n该剧由Dean Devlin（《独立日》， 《图书管理员》）任导演， John Rogers（《变形金刚》，《地心末日》）和 Chris Downey（《后中之王》）编剧，并由Devlin和Roger共同监制。TNT高级策划Michael Wright看了试播集后这样评论本剧，“《都市侠盗》是一部节奏紧凑，构思巧妙，诙谐有趣的好剧；Timothy Hutton是一个非常杰出的演员，他和他的伙伴表演的很有火花：这是一部取得了突破性成绩的电视剧，与Dean合作我非常开心。”\n剧中Hutton 饰演的Nate Ford，是一个为他的雇主找回丢失货物的白金保险调查员：在他的公司拒绝为他将死的儿子支付保险金之后，辞掉了工作成为一名自由职业者，而他的第一份工作是为一名航空工程师找回被盗的飞机设计。\n出演该剧的明星还有Beth Riesgraf 《艾尔文与花栗鼠》，Christian Kane （《天使》，《律政俏主妇》），Aldis Hodge （《胜利之光》）以及Gina Bellman （《冤家对对碰》，《化身博士》），他们在剧中都是“纳特一伙”的成员。','8.7',1,'还我正义',5,'https://movie.douban.com/subject/10757228/',5),
(10767510,'蛇蝎美人 第二季','https://img1.doubanio.com/view/movie_poster_cover/lpst/public/p1654511177.jpg','Femme Fatales',2012,12,'《Femme Fatales》杂志创始人打造的深夜档选集剧（anthology series），主角是那些强势、性感和危险的女人。\n本剧启发于低俗小说、绘本小说、黑色电影、以及各种B级片，并以此类作品风格为基调，展开十三个以女性为主角且相对独立叙述的单元剧。','6.2',1,'致命美人 第二季',2,'https://movie.douban.com/subject/10767510/',2),
(10781865,'斯巴达克斯：诅咒者之战 第三季','https://img3.doubanio.com/view/movie_poster_cover/lpst/public/p1628803131.jpg','Spartacus: War of the Damned',2013,10,'一边：葛雷博死后，斯巴达克斯和部下带领的克雷斯、甘尼克斯和艾力冈等带领下的奴隶起义军在向罗马进军的途中取得连续的胜利。解放后获得自由的奴隶们大多加入了这支军队，使得整个奴隶起义军的力量越发壮大。一步一步地威胁着罗马的统治。\n在这种形势下，斯巴达克斯比以前更坚信能拿下罗马；阿苏尔死后有意卸甲归田的妮维雅和克雷斯也重新找到了为之战斗的精神力量；反倒是甘尼克斯开始沉溺在糜烂的床上生活，和美女蛇萨莎搞在了一起。\n另一边：罗马元老院得到了财主克拉苏的援助。克拉苏是一个有勇有谋的人物，他懂的吸取前人的经验，并且尊重对手。加上年轻且战场经验丰富的凯撒加盟，克拉苏和斯巴达克斯的战争迫在眉睫。\n总之，《斯巴达克斯：亡者之役》将会带来你未曾见过的传奇史诗之旅。','8.8',1,'斯巴达克斯：亡者之役',3,'https://movie.douban.com/subject/10781865/',3),
(10788850,'我为喜剧狂 第七季','https://img1.doubanio.com/view/movie_poster_cover/lpst/public/p2374611218.jpg','30 Rock',2012,12,'E01 \"The Beginning of the End\"  Liz is shocked by the poor quality of the programming Jack has planned for the fall. Jenna asks Liz to be her bridesmaid. Hazel and Kenneth invite Tracy to a dinner party.','8.9',1,'我为喜剧狂',7,'https://movie.douban.com/subject/10788850/',7),
(11232690,'办公室 第九季','https://img3.doubanio.com/lpic/s11283724.jpg','The Office',2012,22,'','9.3',1,'爆笑办公室 第九季',9,'https://movie.douban.com/subject/11232690/',9),
(11504572,'马达加斯加企鹅 第三季','https://img3.doubanio.com/lpic/s11096216.jpg','The Penguins of Madagascar',2012,20,'','9.1',1,'马达加斯加企鹅 第三季',3,'https://movie.douban.com/subject/11504572/',3),
(11516534,'阿甘妙世界 第一季','https://img3.doubanio.com/view/movie_poster_cover/lpst/public/p2236786985.jpg','The Amazing World of Gumball',2011,36,'阿甘是一位魅力十足、生性乐天的12岁男孩。他做事往往因过分热衷而变成捣蛋，不过他还是会继续保持乐观的想法。阿甘拥有搞怪的冒险精神，甚麽奇怪的东西都要试试看。无论阿甘的计划最终结果如何，他都能迅速恢复心情，只可惜他从错误中学懂的，就只有如何製造更多的麻烦！','9.1',1,'阿甘妙世界(台)',1,'https://movie.douban.com/subject/11516534/',5),
(11531758,'23号公寓的坏女孩 第二季','https://img3.doubanio.com/view/movie_poster_cover/lpst/public/p1763724013.jpg','Don\'t Trust the B---- in Apartment 23',2012,19,'-敲，敲。\n-谁啊？\n-克罗伊。\n-哪个克罗伊？\n-23号公寓的，查谁婊。\n那个连名字都要被和谐的人回来了！就在美国时间10月23号！这一季将由19集组成，包括第一季未播出的6集。Chloe将继续她盛大的钓凯子之旅，June仍然要为自己天真愚蠢的决定付出代价，James为了真人秀和自己的牛仔裤品牌头疼不已，只不过现在他们彼此之间有了别样的信任——但是千万不要低估他们在关键时刻做出令人啼笑皆非的决定的能力！','7.5',1,'邻家贱格女',2,'https://movie.douban.com/subject/11531758/',2),
(11599374,'发展受阻 第四季','https://img3.doubanio.com/view/movie_poster_cover/lpst/public/p1957926912.jpg','Arrested Development',2013,15,'发展受阻第四季讲述的是在剧中扮演托巴亚斯·芬克（Tobias Funke）的大卫·克罗斯说整个剧组都能感受到更多的创作自由，因为他们现在不需要考虑电视台的需求了。','8.6',1,NULL,4,'https://movie.douban.com/subject/11599374/',5),
(11612340,'海绵宝宝 第十季','https://img3.doubanio.com/view/movie_poster_cover/lpst/public/p2208778356.jpg','Spongebob Squarepants',2016,9,'','9.3',1,NULL,10,'https://movie.douban.com/subject/11612340/',10),
(17658236,'星球大战：克隆人战争 第五季','https://img1.doubanio.com/lpic/s22710969.jpg','Star Wars: The Clone Wars',2012,20,'','8.7',1,'星球大战：克隆人战争 第五季',5,'https://movie.douban.com/subject/17658236/',6),
(19965491,'如果还有明天 第四季','https://img1.doubanio.com/lpic/s25801497.jpg','The Big C',2013,4,'','9.3',1,'癌莫能助',4,'https://movie.douban.com/subject/19965491/',4),
(19971696,'俗世乐土 第二季','https://img3.doubanio.com/lpic/s25791454.jpg','Ugly Americans',2011,17,'Ugly Americans is an American animated sitcom created by Devin Clark and developed by David M. Stern. The program focuses on the life of Mark Lilly, www. chaoji365.com a social worker employed by the Department of Integration, in an alternate reality version of New York City inhabited by monsters and other creatures gozando\'s torrents are always clean and if there is any problem ,please drop me a message and i will look into as soon and possible can, but just ENJOY IT ........ Haters stay Away with your falses comments and those who love to drop Bombs like FAKE, FISHY ,ETC,ETC, please get a life.haters had done that before but like i said, God is my witness and those who download my torrents,, i never upload garbage or anything wrong, all the material I upload i already seen it so is just fine. so help me fight the haters ans LIARS brown nosers..','9.2',1,'丑陋的美国人',2,'https://movie.douban.com/subject/19971696/',2),
(20411032,'波吉亚家族 第三季','https://img3.doubanio.com/view/movie_poster_cover/lpst/public/p2007825251.jpg','The Borgias',2013,10,'Caterina Sforza的演员：吉娜·麦基 Gina McKee http://movie.douban.com/celebrity/1000253/','8.5',1,NULL,3,'https://movie.douban.com/subject/20411032/',3),
(20442881,'欢乐一家亲 第五季','https://img1.doubanio.com/lpic/s24508979.jpg','Frasier',1997,24,'Eminent Boston Psychiatrist, Frasier Crane, last seen gracing the bars of Cheers has left his life there to start afresh in Seattle. He now has a spot as a popular radio Psychiatrist, giving him the chance to spread words of wit and wisdom to the masses. He shares his apartment with his retired cop father, Martin, and his father\'s physical care assistant, Daphne Moon. Add in brother Niles, Eddie the dog, some bizarre situations and plenty of humour and you\'ve got all the ingredients for an excellent show and worthy successor to Cheers.','9.4',1,'弗雷泽',5,'https://movie.douban.com/subject/20442881/',11),
(20470240,'老爸老妈的浪漫史 第九季','https://img3.doubanio.com/view/movie_poster_cover/lpst/public/p2151222431.jpg','How I Met Your Mother',2013,24,'泰德寻觅多年的真命天女、万众期待的老妈，终于出现了！\n本剧一路走来，已经走过了八个年头，第九季是本剧的最终季。八年里，主人公泰德（乔什·拉德诺 Josh Radnor 饰）从梦想成为一名建筑师到当上了大学教授，从差点步入婚姻殿堂到婚礼取消，泰德一路上走得磕磕碰碰，悲喜交加。他经历过几段失败的恋爱，如今单身一人。尽管心里仍然放不下前女友罗宾，但他还是真诚地祝福罗宾与巴尼。与此同时，莉莉和马修也面临着人生的重要转折，莉莉即将前往意大利开始新事业，而马修也得到了梦寐以求的法官一职，夫妇二人会就此分离吗？在罗宾和巴尼的婚礼上，又会出现怎样的状况？“老妈”会用一种什么样的方式，与泰德相遇？©豆瓣','8.4',1,'老爸老妈罗曼史 第九季',9,'https://movie.douban.com/subject/20470240/',9),
(20558374,'罪夜之奔','https://img1.doubanio.com/view/movie_poster_cover/lpst/public/p2359682977.jpg','The Night Of',2016,8,'一位腼腆可爱的高中生纳兹（里兹-阿迈德饰演）受邀参加在美国上东区举行的一场派对，他没有告诉自己的父亲就开走了他的出租车，结果在路上他的车子被一位年轻美丽的姑娘拦了下来，这也成为一场噩梦的开始。这一夜过后，纳兹被控犯有谋杀罪，他将面对的是美国司法系统的各种阴暗面，同时作为 巴基斯坦移民的儿子，他也将面对很多蓄意而为的恶意。','8.7',1,'纽约杀人夜(港)',NULL,'https://movie.douban.com/subject/20558374/',NULL),
(21485010,'怪诞小镇 第二季','https://img1.doubanio.com/view/movie_poster_cover/lpst/public/p2308998177.jpg','Gravity Falls',2014,20,'兄妹俩Dipper和Mabel被爸妈赶到了俄勒冈州一个偏僻小镇Gravity Falls，在那儿，他们的舅公Stan经营着一家专门诈骗无辜游客的旅游景点“神秘小屋”，其中陈列着各种稀奇古怪的东西。但关于这个地方真正诡异的东西并非神秘小屋的陈列品，而是深藏在它茂密的森林中……机智的Dipper和可爱的Mabel将在这个夏天经历各种意想不到的奇异事件。请看迪士尼频道荒诞风格动画\"Gravity Falls\"。','9.7',1,NULL,2,'https://movie.douban.com/subject/21485010/',2),
(21963179,'家有喜旺 第四季','https://img1.doubanio.com/view/movie_poster_cover/lpst/public/p2159033787.jpg','Raising Hope',2013,22,'这部剧集由《愚人善事》（My Name Is Earl）创作人Greg Garcia打造。故事讲述23岁的Jimmy Chance与一个女人一夜风流之后，对方竟生下了他的女儿。更糟的是，这个女人随后被判处死刑，Jimmy必须独自抚养这个孩子。\n对已经问题重重的Chance一家来说，一个新家庭成员的意外出现让他们更加头疼。23岁的Jimmy Chance是个生活没有着落的年轻人，白天给父亲洗游泳池挣生活费，晚上和一群狐朋狗友在一起狂欢。他没有自己的房子，只能跟母亲Virginia（Martha Plimpton扮演）和父亲Burt（Garret Dillahunt扮演）挤在一起。\n美丽的Lucy（Bijou Phillips扮演）让Jimmy看到了生活的一丝曙光，两人仅用两个小时便坠入情网－－至少Jimmy觉得这是一次「美丽的邂逅」。可Jimmy很快就发现了Lucy的真实身份：她竟然是一个在逃的重犯！Lucy被警方抓获后，Jimmy的麻烦随之而来……\n数月之后，Jimmy到当地监狱去探望Lucy，发现Lucy竟然已经生下了自己的女儿！Lucy很快将被执行死刑，抚养孩子的「重担」责无旁贷地落在Jimmy身上。不知所措的Jimmy将女儿抱回了家，但他的家人并没有对这个小家伙表示出任何好感。古板严肃的母亲Virginia十五岁时怀孕生下了Jimmy，不愿意帮Jimmy再抚养「另一个孩子」。父亲Burt虽然对自己突然当上「爷爷」并不吃惊，但他却担心这个孩子可能带有「孩子他妈」的「谋杀基因」。Jimmy的堂兄Mike对这个孩子同样没有好感，因为有孩子在，Jimmy就不能一天到晚跟他在一起鬼混了。祖母「Maw Maw」（Cloris Leachman扮演）与这一家人联系不多，更是帮不上忙。\n如果Jimmy有勇气和爱捉弄老板的杂货店女收银员Sabrina（Shannon Marie Woodward邀请）约会，她倒是个帮Jimmy共同抚养孩子的「最佳人选」。\nJimmy能当一个合格的好父亲吗？他的家人真那么铁石心肠吗？只有时间能给出答案。\n转自\nhttp://kanmeiju.net/detail/1334.html','8.4',1,'家有喜旺 第四季',4,'https://movie.douban.com/subject/21963179/',4),
(22519837,'机器之心','https://img3.doubanio.com/view/movie_poster_cover/lpst/public/p2145273046.jpg','Almost Human',2013,13,'该剧由J.J. Abrams挂名制片，《危机边缘》（Fringe）制片人J.H. Wyman监制，Bad Robot公司出品。该剧被描述为一部「动作戏和兄弟情为主的警匪剧」，故事发生在距今35年之后的近未来时代。此时拥有高度人工智能的人形机器人已经出现，所有的洛杉矶警署侦探都分配了一名人形机器人搭档。他们既要调查与人类有关的案件，也要调查与机器人有关的案件。但在许多情况下，人类案件和机器人案件是混杂在一起的。\n2048年，人类社会已经进化到一个新的高度。\n来见见John Kennex（Karl Urban）——一起有史以来最恐怖的针对警察部门的袭击事件中的幸存者。在昏迷了17个月之后，他终于醒来，但对当时发生的事情却记忆模糊。他的搭档在那次事件中不幸丧生，他的女友Anna Moore（Mekia Cox）已经离他而去。他失去了一条腿，医生给他安上一条高度精巧的人造仿生腿。\nJohn情绪低落，精神萎靡，严重的创伤后强迫综合症和应激障碍症不停折磨着他，而且他对自己身上的「仿生部件」充满排斥感。尽管如此，他还是在警队队长Sandra Malconado（Lili Taylor）的请求下返回了工作岗位。Sandra是他相识最久也最忠诚的一个朋友，他知道她绝不会害他。\n根据上级的命令，现在每一个警察都必须与一名机器人组成搭档。尽管John对机器人强烈厌恶，但还是被安排了一名机器搭档——刚刚下线准备投入战斗的MX-43型机器战警。当这位机器同事发现John隐藏着某种犯罪证据后，John毫不留情地「终结」了他（相关情节参考预告片）。于是实验室技术员Rudy Lom（Mackenzie Crook）给他介绍了一位新的机器同伴：Dorian（Michael Ealy）。因为Dorian产生了出人意料的「情感反应」，警队停止了他执行任务的资格，将他召回实验室进行仔细检查。尽管这些「情感反应」看起来只不过是Dorian中枢系统出了错误，但正是这些「错误」让John对Dorian产生了共鸣。毕竟，John现在是「部分机器人」，而Dorian是「部分人类」。John和Dorian的相互理解不仅让他们在工作中形成互补，而且在某种程度上将他们「联系」在一起。\n在适应新搭档的同时，John还必须学会与新同事相处——其中包括急于成名的Valerie Stahl侦探（Minka Kelly）和总是疑神疑鬼的Richard Paul侦探（Michael Irby）。Richard坚称John该为当年那次导致多名警官殉职的灾难性任务负责，他当然不欢迎John重新加入警队。\n该剧是一部单元元素和连续元素并存的剧集（近年来几乎所有的J.J. Abrams挂名剧集都如此）——John和Dorian每集都将在充满未来色彩的都市中处理特定的案件，但当年那起事件的真相对John来说始终是个谜，John围绕这起神秘事件展开的调查及与之相关的故事将推动主线剧情的发展。\n该剧的其他制片人大多来自《危机边缘》剧组，多数编剧也是Bad Robot公司的「御用编剧」（参与了《危机边缘》、《疑犯追踪》、《革命》等剧的创作）。J.J. Abrams曾在一次访谈中称该剧具有《银翼杀手》的味道。','7.6',1,'几近为人',NULL,'https://movie.douban.com/subject/22519837/',NULL),
(22992179,'黑松镇 第一季','https://img3.doubanio.com/view/movie_poster_cover/lpst/public/p2191868861.jpg','Wayward Pines',2015,10,'根据同名小说《松林异境》改编的悬疑惊悚剧，故事描述特工处探员Ethan Burke来到乡村小镇Wayward Pines寻找两名神秘失踪的联邦探员。他没有得到想要的答案，反而遇到了更多的问题。这个地方就像有某种魔力一般，Ethan距离真相越近，就越丧失自我——就连他的性格都变了。他不得不面对可怕的现实：他可能永远无法活着离开这地方。','7.3',1,'松林镇惊魂',1,'https://movie.douban.com/subject/22992179/',2),
(23693905,'查莉成长日记 第四季','https://img1.doubanio.com/view/movie_poster_cover/lpst/public/p1982347689.jpg','Good Luck Charlie',2013,20,'','9.0',1,'好运查莉',4,'https://movie.douban.com/subject/23693905/',4),
(24294236,'寄养家庭 第一季','https://img1.doubanio.com/view/movie_poster_cover/lpst/public/p1943382197.jpg','The Fosters',2013,21,'由天后Jennifer Lopez担任制片的美剧“寄养家庭”（The Fosters）将在ABC Family黄金时段播出。该剧讲述两位女同性恋妈妈在抚养亲生子女的同时，又领养来自不同背景和族群的青少年，一家人共同生活和成长的故事。本剧的主创是“同志亦凡人”的主演Peter Paige。','7.7',1,'寄养一家人',1,'https://movie.douban.com/subject/24294236/',5),
(24530457,'末世 第二季','https://img1.doubanio.com/view/movie_poster_cover/lpst/public/p2134623657.jpg','Revolution',2013,22,'故事描述不远的未来发生诡异的怪事，全世界所有形式的能量都神秘消失，所有的现代科技都成了摆设，纷纷神秘的“罢工”，包括电脑、飞机、汽车、手机、甚至是电灯在内的所有东西都不能正常运作。这迫使一群幸存者不得不通过自己的双手来谋求生存并四处寻找他们的亲人和爱人。','6.5',1,'灭世 第二季',2,'https://movie.douban.com/subject/24530457/',2),
(24530468,'芝加哥烈焰 第二季','https://img3.doubanio.com/view/movie_poster_cover/lpst/public/p2134623832.jpg','Chicago Fire',2013,22,'','8.2',1,'风城烈火 第二季',2,'https://movie.douban.com/subject/24530468/',5),
(24695310,'妮基塔 第四季','https://img3.doubanio.com/view/movie_poster_cover/lpst/public/p2191442753.jpg','Nikita',2013,6,'三年过去，Nikita从只身一人变为同伴环绕，然而复仇之路并未因此轻松。敌人设下的障碍可以跨越，布下的阴谋可以预防，最大的危机往往在于信任伙伴之间的背叛与误会。团结让Nikita和伙伴亦步亦趋扭转战局，但敌人的挑拨也常让团队 错失完胜良机。反目、对立、重建信任。Nikita在荆棘丛中一路斩劈，终于终结Percy，让女魔头Amenda流亡藏匿，终于让组织 在字面意义上灰飞烟灭。这不仅是一个特工故事，还是被爱串联起来的一群同伴的故事。最终季Nikita一行人将面临更可怕的敌 人。结果会如何呢。请期待着吧。','8.3',1,'妮基塔女郎 第四季',4,'https://movie.douban.com/subject/24695310/',4),
(24697586,'中产家庭 第五季','https://img3.doubanio.com/view/movie_poster_cover/lpst/public/p2114442154.jpg','The Middle',2013,24,'Frankie becomes emotional as the Hecks send Axl off to college, Sue waits for an important call from school, and Brick gets a new cell phone.','8.9',1,'左右不逢源 第五季',5,'https://movie.douban.com/subject/24697586/',9),
(24697588,'外星邻居 第二季','https://img1.doubanio.com/view/movie_poster_cover/lpst/public/p2162103837.jpg','The Neighbors',2013,22,'','7.5',1,'Naabrid',2,'https://movie.douban.com/subject/24697588/',2),
(24839205,'夸里','https://img3.doubanio.com/view/movie_poster_cover/lpst/public/p2373288890.jpg','Quarry',2016,8,'故事发生在1972年的美国，海军陆战队队员迈克康威（罗根·马歇尔-格林 Logan Marshall-Green 饰）和好友亚瑟（杰米·海科特 Jamie Hector 饰）提前退伍回到了亲人的身边，然而，他们肩上所背负的，却是莫须有的种族屠杀的罪名。尽管两人已经被判决无罪，但难免受到周遭的非议和轻视，离开了军队，他们的前途实则一片灰暗。\n就在迈克康威心灰意冷之时，一位神秘男子出现在了他的身边，出高价收买训练有素身手矫健的迈克康威成为自己手下的私人杀手，正义感令迈克康威拒绝了这一提议，可亚瑟却入伙了。之后，在亚瑟的怂恿之下，麦克康菲的防线终于崩溃，答应只干一票便收手，哪知道就是这一次行动，将两人引向了一条不归路。©豆瓣','8.2',1,'越战狙击手(港)',NULL,'https://movie.douban.com/subject/24839205/',NULL),
(24843017,'日常工作 第三季','https://img3.doubanio.com/view/movie_poster_cover/lpst/public/p2020960951.jpg','Regular Show',2011,38,'','9.1',1,'天兵公园(台)',3,'https://movie.douban.com/subject/24843017/',8),
(24859448,'广告狂人 第七季','https://img3.doubanio.com/view/movie_poster_cover/lpst/public/p2173452444.jpg','Mad Men',2014,14,'《广告狂人》第七季暨完结季共14集将拆分为两部分“创世纪”和“一个时代的落幕“，分别在2014年和2015春天播出，以此向陪伴《广告狂人》八年的新老观众告别。\n在《广告狂人》第六季的结尾，背负着巨大谎言、并不断用酒精和出轨麻醉自己、寻求心理自偿的广告才子唐德雷珀糜烂不检点的私生活被女儿萨丽撞破败露，和二婚妻子梅根的婚姻又再度产生巨大裂痕。梦魇般阵阵袭来的成长经历、物是人非的同僚令唐德雷珀对充斥着虚伪人际的广告业乃至整个中产社会产生了巨大的排斥和疲惫情绪，渴望“洗净”自己的唐在SCDP的客户见面会上崩溃、坦白了自己的身世，令客户自觉受到羞辱，SCDP合伙人为了公司利益辞退了唐，职位由他曾经提拔起来的徒弟、如今叱咤广告业的才女佩琪接任。\n被战争、民运和动乱裹挟、令所有人局促不安的的七十年代的脚步正渐渐靠近，佩琪在这个女性崛起的岁月中会否选择自立门户？唐在面对内心揭开的伤痛、决绝地离开他一手创造的充满甜蜜谎言的虚伪的广告业后，会如何继续自己的人生？这个惊心动魄的时代里，他们的命运究竟将如何画上句点？','9.4',1,NULL,7,'https://movie.douban.com/subject/24859448/',7),
(24869254,'奥丽芙·基特里奇','https://img3.doubanio.com/view/movie_poster_cover/lpst/public/p2203693595.jpg','Olive Kitteridge',2014,4,'根据2009年普利策奖获奖小说改编。\n海岸，平静的克劳斯比小镇，脾气暴躁的奥丽芙·基特里奇有一个“好好先生”式的丈夫和一个与她日渐疏远的儿子，生活看上去水波不兴，却有股股暗流涌动。\n在镇上，奥丽芙也有意无意地充当了其他人生命中的过客：一个想自杀的忧郁青年，一个患上厌食症 的年轻女孩， 一个数年如一日在酒吧弹琴的未嫁女子……这些怀着饥饿、揣着梦想的人们，在欲望与寂寥之间挣扎徘徊。她冷眼看待这个世界，也分外清醒地咀嚼着人生的孤独和难堪。','9.3',1,'微不足道的生活',NULL,'https://movie.douban.com/subject/24869254/',NULL),
(24882774,'十三号仓库 第五季','https://img3.doubanio.com/view/movie_poster_cover/lpst/public/p2179294850.jpg','Warehouse 13',2014,6,'SyFy宣布预订第十三号仓库(Warehouse 13)第五季。第五季将成为该剧的最终季，共6集，于今夏拍摄，2014年播出。','8.2',1,NULL,5,'https://movie.douban.com/subject/24882774/',5),
(25719291,'新闻编辑室 第三季','https://img3.doubanio.com/view/movie_poster_cover/lpst/public/p2204331432.jpg','The Newsroom',2014,6,'《新闻编辑室》主演 Jeff Daniels 今天发布推特，透露该季第三季已经确认。虽然目前 HBO 还没有官方发布这则消息，但对于很多剧迷来说，这个消息并不意外。HBO 高层曾表示对《新闻编辑室》的现状很满意，该剧也在今年获得了三项艾美奖提名。','9.5',1,'新闻间轶事 / 新闻中心',3,'https://movie.douban.com/subject/25719291/',3),
(25732562,'狗狗博客 第二季','https://img3.doubanio.com/view/movie_poster_cover/lpst/public/p2372170224.jpg','Dog with a Blog',2013,24,'Avery Jennings (G. Hannelius) and Tyler James (Lemonade Mouth star Blake Michael) are step-siblings from Pasadena, California who hate each other but come together in the pilot episode. The family faces an even bigger adjustment when they discover that their new dog, Stan (portrayed by live-action dogs Kuma and Mick, and voiced by Stephen Full), can talk. Only Avery, Chloe (Francesca Capaldi), and Tyler know he can talk. Unbeknownst to the family, Stan also has a blog, which he uses to discuss the happenings in the Jennings-James household. The children learn of Stan\'s talking ability in the first episode and agree to keep it a secret from their parents, fearing that if the world finds out that Stan can talk, he will be taken away and experimented on.[2] In \"Stan Talks to Gran\" Bennett\'s mother Grandma James learns Stan can talk, but promises the kids to keep it a secret.','8.7',1,NULL,2,'https://movie.douban.com/subject/25732562/',2),
(25735931,'大西洋帝国 第五季','https://img3.doubanio.com/view/movie_poster_cover/lpst/public/p2193655305.jpg','Boardwalk Empire',2014,8,'第五季的故事时间设定在1931年美国大萧条时期，同时闪回到1884至1897年间Nucky\" Thompson的童年和少年时代。','9.3',1,NULL,5,'https://movie.douban.com/subject/25735931/',5),
(25742234,'欢乐合唱团 第六季','https://img3.doubanio.com/view/movie_poster_cover/lpst/public/p2234058181.jpg','Glee',2015,13,'最新消息，由于第五季收视过低，fox安排glee在2015年冬春档回归，这就意味着最终季并不是之前所说的24集，很可能只有13集左右。\nRyan Murphy确认第六季最终季，并在剧终会致敬Cory Monteith。\n（以下内容感谢百度glee贴吧吧主8778960sslee的翻译）\nMarley，Kitty，Unique，Ryder以及Jake五人，他们很可能会在未来的第六季最终季中回归。RM说我们 将在未来的第六季中看到这五人到底在glee club解散后何去何从，看到作为曾经glee club的成员的他们未来的生活将如何受到glee club的影响就像我们处理前三季的老成员角色一样。\n最终季将由其自己的故事以及故事地点，NYC现在几个cast还在，但第六季将不是以NYC故事背景为中心。最终季会有一个时间跳跃。第六季的故事重心还是几个老成员，故事将讲述在他们身上发生了什么以及他们如何面对处理。其他的以前客串角色的回归也在议程上。第六季将是个非常有趣非常暖心令人满意的结尾。\n第六季原本结局场景是Finchel在各自事业上成功后重聚俄亥俄。然而现在这样的原设定讲改为秋秋和鞋老师为中心的结局场景。结局将讲述鞋老师和秋秋回归到他们各自的原本，俩人是如何看待当年年轻时的对方。本剧的结局将必须反应以及庆祝所有角色的参与与成长。最后一集的主心骨将是向从第一季开始就陪着我们的所有角色致以最诚挚的道别。\n第六季将给大家呈现所有角色生活的新环境，包括这个新环境里在同性婚姻，DOMA（Defense of Marriage Act等更多主题上的社会变革）。','8.2',1,NULL,6,'https://movie.douban.com/subject/25742234/',6),
(25749818,'行尸走肉(网络版) 第三季','https://img3.doubanio.com/view/movie_poster_cover/lpst/public/p2155147634.jpg','The Walking Dead Webisodes: The Oath',2013,3,'','7.5',1,'The Oath',3,'https://movie.douban.com/subject/25749818/',3),
(25769159,'铁拳','https://img1.doubanio.com/view/movie_poster_cover/lpst/public/p2432973367.jpg','Iron Fist',2017,13,'《铁拳》的故事灵感来自漫威同名漫画原著。漫画中的“铁拳”丹尼·兰德是一位受训于神秘城市“昆仑”的武学大师，他从不朽巨龙Shou-Lao身上获得神力，能够将气聚入双拳无坚不摧。具有亚裔血统的科琳·温则自幼居住在日本，习得武士的种种技能。一次行动中与兰德相识，从此成为他打击罪恶的得力帮手。\n这部剧将由漫威、ABC与Netflix联合打造，具体开播时间未定。随着女主角人选公布，制作方也发布了一张概念图以示庆祝。图中的墙面上贴着的海报被撕去一半，残余的部分文字依稀可见，印着“防身武术教学班”“科琳温大师”的字样。','5.5',1,'铁拳侠',NULL,'https://movie.douban.com/subject/25769159/',NULL),
(25769161,'杰西卡·琼斯 第一季','https://img3.doubanio.com/view/movie_poster_cover/lpst/public/p2276800186.jpg','Jessica Jones',2015,13,'自从短暂的超级英雄生涯悲剧收场后，杰西卡·琼斯成为了纽约地狱厨房地区暴躁、尖刻的私家侦探，开始重塑自己的生活和事业。但由于深受严重的创伤后应激障碍的影响，杰西卡需要对抗外压、战胜心魔，必要时还得用到她那非凡的能力……尤其当她的生命受到威胁时。','7.4',1,'杰斯卡·琼斯',1,'https://movie.douban.com/subject/25769161/',2),
(25770124,'政局边缘','https://img3.doubanio.com/view/movie_poster_cover/lpst/public/p2245170305.jpg','The Brink',2015,10,'HBO全新喜劇影集《救世鼎立戰》第一季共10集將在6月22日（一）早上10點30分於HBO和HBO HD頻道與美國同步首映，晚間10點30分再次播出。這部史詩級黑色喜劇影集，故事關注在一場地緣政治危機，以及其對於三個完全不同且絕望的人的影響，包括國務卿Walter Larson、卑微的外交事務官Alex Talbot，以及王牌海軍戰鬥機飛行員Zeke Tilson，他們三人必須想辦法解決圍繞在它們周圍的各種難題，以避免第三次世界大戰的發生。《救世鼎立戰》由傑克布萊克（Jack Black）、提姆羅賓斯（Tim Robbins）、帕布羅薛伯（Pablo Schreiber）、阿西夫曼迪維（Aasif Mandvi）、瑪莉貝絲夢露（Maribeth Monroe）、艾瑞克拉汀（Eric Ladin）、伊塞莫瑞（Esai Morales），以及喬佛里皮爾森（Geoff Pierson）主演。傑利溫特萊布（Jerry Weintraub）、羅貝托本那比（Roberto Benabib），以及傑羅奇（Jay Roach）擔任執行製作；羅貝托本那比（Roberto Benabib）和金本那比（Kim Benabib）則負責創作。','9.1',1,'救世鼎立战(台)',NULL,'https://movie.douban.com/subject/25770124/',NULL),
(25772602,'谋杀 第四季','https://img1.doubanio.com/view/movie_poster_cover/lpst/public/p2193154378.jpg','The Killing',2014,6,'在掩饰Skinner失踪的同时，Linden和Holder分派到一个新案件：一个与军事院校有着关联的家庭的残忍案件。','8.7',1,'杀戮 第四季',4,'https://movie.douban.com/subject/25772602/',4),
(25782549,'脆莓公园 第三季','https://img3.doubanio.com/view/movie_poster_cover/lpst/public/p2239406581.jpg','Brickleberry',2014,13,'脆莓公园第三季讲述了一群国家公园森林管理员遭遇的种种倒霉事件。就在公园面临关门大吉的危难时刻，一个新成员的加入挽救了局面。本片由喜剧演员Waco O\'Guin及Roger Black编剧并创作、Daniel Tosh担任执行制片。Tosh除掌舵制作外，还担当片中小黑熊Malloy的配音工作。','9.1',1,NULL,3,'https://movie.douban.com/subject/25782549/',3),
(25822687,'曼哈顿计划 第一季','https://img3.doubanio.com/view/movie_poster_cover/lpst/public/p2187940856.jpg','Manhattan',2014,13,'走出简单历史复述的《曼哈顿计划》是2014年度最佳新剧。——《新闻周刊》Daily Beast\n《曼哈顿计划》复杂、引人入胜、启迪心智。——Uproox\n《曼哈顿计划》俨然又一部绝佳的经典之作，正如七年前《广告狂人》将AMC带入新纪元一样，如今的《曼哈顿计划》亦能为WG N掀开新的一章。——《圣路易斯邮报》\n野心之作马力全开的序曲。——《娱乐周刊》\n《曼哈顿计划》非常、非常出色。——《福布斯》\n全美传媒和评论界一致激赞的2014年年度最佳新剧《曼哈顿计划》是WGN AMERICA继《塞勒姆》后出品的第二部电视影集。由艾美奖 及金球奖提名作品《性爱大师》编剧Sam Shaw企划、编剧并担任监制，连续四年艾美奖最佳影集《白宫风云》的艾美奖获奖导演Thomas Schlamme担任该剧的制作和导演工作。\n上个世纪4 0年代初，美国在新墨西哥州洛斯阿拉莫斯秘密进行了世界上第一颗原子弹的研制。本剧聚焦投身于这场科学研究中的科学家们——他们才华横溢，却也遍身缺陷。除了要与时间竞赛，还要艰难地在秘密、谎言 和他们身后脆弱的家庭关系间寻找平衡。\nJohn Benjamin Hickey扮演主人公Frank Winter，一个才华横溢但是有自毁倾向的物理教授，他奉命主导曼哈顿计划的研发。这项绝密任务不仅将危及他的家庭，还将伤及他的心智。Ashley Zukerman扮演Charlie Abrams，一个聪明绝顶的年轻人，自认为是一个「整天和数字打交道的人」。他的智商高达180，而且很有幽默感。Daniel Stern扮演心理顾问Glen Babbit，负责为参与曼哈顿计划的年轻物理学家们提供心理辅导。他利用自己的智慧和机智小心穿梭于洛斯阿拉莫斯的政治雷区。Rachel Brosnahan扮演来自波士顿的女孩Abby Abrams，她一时冲动同意和丈夫Charlie Abrams来到一个几乎「前不着村后不着店」的地方，但很快意识到这里的生活非常艰难。Harry Lloyd扮演野心勃勃的牛津大学毕业生、物理学家Paul Crosley。当他意识到自己将建造世界上第一颗原子弹时，他对工作的忠诚开始动摇。Katja Herbers扮演Frank Winter教授实验团队的成员Helen Price，是极少数参与曼哈顿计划的女性科学家之一。Christopher Denham扮演物理天才Jim Meeks，应邀加入研制原子弹的绝密项目，是Frank Winter教授实验团队的成员之一。Olivia Williams扮演天才植物学家Liza Winter，有一段非常复杂的历史。她陪伴丈夫Frank Winter（John Benjamin Hickey）来到洛斯阿拉莫斯生活，但她很快发觉这座城市周围的环境出现了异常变化。Alexia Fast扮演Frank和Liza的女儿Callie，虽然只有16岁但非常世故，说话尖酸刻薄。Frank因为工作的缘故三天两头不在家，而且每次都是「神秘消失」，Callie对此充满抱怨。David Harbour扮演多集角色Reed Akley，是洛斯阿拉莫斯最有名的「金童」，领导着超过600名科学家组成的庞大团队。Michael Chernus扮演Frank团队中的科学家Louis “Fritz” Fedowitz。Carole Weyers扮演在洛斯阿拉莫斯工作的电话接线员Elodie，是个法国人。Daniel London扮演曼哈顿计划的主导者、著名理论物理学家奥本海默（Oppenheimer），他当时是洛斯阿拉莫斯实验室主任。\n《曼哈顿计划》将于2014年7月27日星期天在WGN AMERICA首播。','7.9',1,NULL,1,'https://movie.douban.com/subject/25822687/',2),
(25825266,'男追女 第一季','https://img3.doubanio.com/view/movie_poster_cover/lpst/public/p2216954241.jpg','Man Seeking Woman',2015,10,'这部带有超现实主义色彩的剧集以幽默、「天真」的视角来描绘当代年轻人（特别是纽约市的年轻人）的约会生活——真可谓酸甜苦辣咸五味俱全。所谓「超现实主义」，是指该剧把谈恋爱看做一件「生死攸关」（life-and-death stakes）的事情。这个项目根据Simon Rich撰写的畅销书《The Last Girlfriend On Earth》改编，Simon Rich亲自担任剧集创作人。年仅28岁的Simon Rich因此成为好莱坞历史上最年轻的剧集创作人之一。\n主人公Josh Greenberg（Jay Baruchel）是一个骨子里充满浪漫主义但又过于天真单纯的年轻人，当相处多年的女友将他抛弃后，他决心再次寻找爱情——但那对他来说无异于重历一场噩梦。一夜情，痛苦的分手，闪电相亲，时间旅行，性爱外星人，许多死亡……甚至一个叫「田中」的日本阳具怪兽……这些或真或假的事情在他「史诗般」的寻爱之旅上都发生过。但他相信自己终有一天能找到相伴一生的人，他经历的一切痛苦、他付出的一切努力都会有回报。\nEric Andre扮演Josh的死党Mike，狂妄自信。Britt Lower扮演Josh的姐姐Liz，总是盛气凌人。Maya Erskine扮演让Josh伤透心（但又总是忘不掉）的前女友Maggie。Miles Fisher扮演Maggie的新男友Graham，多集戏份。\n据称该剧将在加拿大多伦多拍摄，这种情况很少见。许多好莱坞故事剧（特别是需要花很多钱的幻想题材剧集）会在加拿大拍摄以节省资金，但情景喜剧通常很少「迈出国门」。    转自天涯小筑','7.9',1,NULL,1,'https://movie.douban.com/subject/25825266/',3),
(25832813,'骨肉之躯','https://img3.doubanio.com/view/movie_poster_cover/lpst/public/p2237820526.jpg','Flesh and Bone',2015,8,'Starz公布了《血肉之躯》（Flesh and Bone）的剧照，并宣布该剧近日正式开机拍摄。该剧是一部以芭蕾舞为背景的黑色剧集，故事主要描述外表华丽光鲜的芭蕾舞世界所隐藏的「肮脏」的幕后秘密。年轻的芭蕾舞演员Claire Robbins（Sarah Hay）如愿加入纽约最富盛名的芭蕾舞剧团，但她有一段不堪回首的往事，这导致她的情感很脆弱，有自毁倾向。她既是个单纯的天真女孩，也是个极具野心的世故女孩。她是个有天赋的舞蹈演员，但她的心魔和过于脱离实际的志向可能驱使她走上一条未知的道路。','7.9',1,'血肉之躯',NULL,'https://movie.douban.com/subject/25832813/',NULL),
(25837700,'真探 第二季','https://img3.doubanio.com/view/movie_poster_cover/lpst/public/p2239847546.jpg','True Detective',2015,8,'警探雷•维尔克鲁（科林•法瑞尔 Colin Farrel 饰）在加州芬奇市工作，跌入人生谷底消沉多年，他离异，酗酒，脾气暴躁。他是当地黑帮头目弗兰克•谢苗（文斯•沃恩 Vince Vaugh 饰)的手下，弗兰克多年前除掉了强奸雷妻子的男人。他为谢苗干一些零活, 比如殴打 了一个最近写了一系列组织犯罪事件的记者。维尔克鲁最近的活儿是找到失踪数日的市政执行官本•卡斯帕雷的下落。文图拉县警长安妮•贝德拉丝（瑞秋•麦克亚当斯 Rachel McAdams 饰）在工作上很成功，却疏远了她从事色情主播的妹妹阿西娜以及她身为新宗教领袖的父亲。加州高速公巡警保罗•沃德拉夫（泰勒•克奇 Taylor Kitsch 饰）得知他被停职处理，一个年轻女人谎称他要求和她性交易才能放行。\n一天深夜，一男子被发现端坐在高速路边的长椅上已经离奇死亡，三位来自不同城市和不同政府机构警察汇聚在一起联手侦查此案。在调查过程中，他们逐渐发现案子远比他们设想的复杂得多。','8.0',1,'刑警双雄(港)',2,'https://movie.douban.com/subject/25837700/',3),
(25843289,'杰茜驾到 第四季','https://img1.doubanio.com/view/movie_poster_cover/lpst/public/p2193469098.jpg','New Girl',2014,22,'杰茜，一个迷糊又可爱的女生。为了给男友惊喜而提前回家，却意外发现了小三的存在，失恋的杰茜只得另觅住处。看到网上的招租广告，以为是和女性合租就前去应征，结果迎接她的是三个大老爷们儿。三位男士本无意让杰茜入住，杰茜无意中一句“我的朋友是模特”，使得她有了栖身之所。三男一女同住一个屋檐下的故事，就此展开。 FOX今秋强档喜剧《杰茜驾到》，由Zooey Deschanel（《500 Days Of Summer》）倾情出演，搭配红花的三位绿叶也各有千秋，值得期待！','7.7',1,NULL,4,'https://movie.douban.com/subject/25843289/',7),
(25845401,'生活大爆炸 第十季','https://img3.doubanio.com/view/movie_poster_cover/lpst/public/p2376308621.jpg','The Big Bang Theory',2016,24,'CBS宣布一口气续订三季《生活大爆炸》，合约将一直延长至2016-2017播出季，也就说目前的长度已达到了10季。','9.1',1,NULL,10,'https://movie.douban.com/subject/25845401/',12),
(25846035,'好汉两个半 第十二季','https://img3.doubanio.com/view/movie_poster_cover/lpst/public/p2209151195.jpg','Two and a Half Men',2014,16,'CBS宣布续订《好汉两个半》。','7.7',1,NULL,12,'https://movie.douban.com/subject/25846035/',12),
(25851740,'妙警贼探 第六季','https://img3.doubanio.com/view/movie_poster_cover/lpst/public/p2203257501.jpg','White Collar',2014,6,'USA正式确定<妙警贼探>第六季，该剧将以六集的迷你季结束全剧。','9.1',1,'不是冤家不聚头 第六季',6,'https://movie.douban.com/subject/25851740/',6),
(25862254,'网络犯罪调查 第一季','https://img3.doubanio.com/view/movie_poster_cover/lpst/public/p2267570100.jpg','CSI: Cyber',2015,13,'3月5日首播CSI的衍生剧CSI:Cyber，这部剧集聚焦网络犯罪。曾经凭借《灵媒缉凶 Medium》拿下艾美的Patricia Arquette回归主演。','6.7',1,'犯罪现场调查：网络',1,'https://movie.douban.com/subject/25862254/',2),
(25862357,'权力的游戏 第六季','https://img1.doubanio.com/view/movie_poster_cover/lpst/public/p2321971908.jpg','Game of Thrones',2016,10,'故事进行到第六季，提利昂（彼特·丁拉基 Peter Dinklage 饰）和瓦利斯（康雷斯·希尔 Conleth Hill 饰）渡海投奔龙母丹妮莉丝（艾米莉亚·克拉克 Emilia Clarke 饰），可后者却亦处于困境之中，复国计划停滞不前。\n另一边，太后瑟曦（琳娜·海蒂 Lena Headey 饰）的权利被教会彻底架空，裸体游街的耻辱之后，是唯一的儿子如今的国王托曼（卡鲁姆·瓦尔里 Callum Wharry 饰）的背叛。北边，珊莎（索菲·特纳 Sophie Turner 饰）在骑士布蕾妮（格温多兰·克里斯蒂 Gwendoline Christie 饰）的保护之下最终顺利同哥哥琼恩（基特·哈灵顿 Kit Harington 饰）汇合，他们的下一步计划，即是夺回被小剥皮拉姆齐（伊万·瑞恩 Iwan Rheon 饰）所占领的临冬城。©豆瓣','9.4',1,'冰与火之歌：权力的游戏 第六季',6,'https://movie.douban.com/subject/25862357/',8),
(25884488,'不死法医','https://img3.doubanio.com/view/movie_poster_cover/lpst/public/p2194823734.jpg','Forever',2014,22,'Henry Morgan是纽约城最优秀的法医、病理学专家，但是没有人知道他的身世秘密。他经历过世间的一切——战争、爱情，甚至天花和疟疾——惟独没有经历过真正的死亡。\n已经活了200岁的他在公立太平间工作，试图通过研究死人来找出自己永生的秘密。务实而顽强的纽约警署女侦探Jo Martinez既是他的工作搭档，又是唯一能给他的生活带来一抹亮色的人。\n在Jo的帮助下，观众将通过一个个案件了解Henry漫长的、充满传奇色彩的人生故事。','8.1',1,'不朽法医',NULL,'https://movie.douban.com/subject/25884488/',0),
(25884510,'再造淑女','https://img1.doubanio.com/view/movie_poster_cover/lpst/public/p2194283268.jpg','Selfie',2014,13,'现实生活中，艾丽莎（凯伦·吉兰 Karen Gillan 饰）沉默寡言默默无闻，没有人能够想到，这样一个不起眼又不讨人喜欢的女孩，居然是虚拟世界中粉丝高达数十万的网络红人，个中原因要归结到一段在网络上走红的病毒视频上，不过，这对于艾丽莎来说并不是什么好事。\n某一日，艾丽莎突然发现，即便拥有着成千上万的“粉丝”，在现实世界中，她仍然还是孤身一人，于是，艾丽莎找到了她及其善于市场营销的同事亨瑞（约翰·赵 John Cho 饰），拜托他帮自己在现实生活中“重塑形象”。亨瑞和艾丽莎遇见的所有男人都不一样，在他的帮助下，艾丽莎能够顺利脱离“互联网”，重返“人类社会”吗？©豆瓣','7.9',1,NULL,NULL,'https://movie.douban.com/subject/25884510/',0),
(25884541,'汉尼拔 第三季','https://img3.doubanio.com/view/movie_poster_cover/lpst/public/p2241793984.jpg','Hannibal',2015,13,'汉尼拔在佛罗伦萨逍遥度日；Bedelia假扮汉尼拔妻子并逐渐黑化；威尔伤了汉尼拔的心；反派\"牙仙\"红龙终于登场。','8.6',1,NULL,3,'https://movie.douban.com/subject/25884541/',3),
(25885184,'达·芬奇的恶魔 第三季','https://img1.doubanio.com/view/movie_poster_cover/lpst/public/p2258218349.jpg','Da Vinci\'s Demons',2015,10,'','7.4',1,'达·芬奇的魔鬼',3,'https://movie.douban.com/subject/25885184/',3),
(25885187,'处女情缘 第一季','https://img1.doubanio.com/view/movie_poster_cover/lpst/public/p2197587979.jpg','Jane the Virgin',2014,22,'从小到大，简（吉娜·罗德里格兹 Gina Rodriguez 饰）都被奶奶阿尔巴（伊凡·科尔 Ivonne Coll 饰）如此教育着：一是肥皂剧才是包含了人生全部智慧的圣经，二是女孩要不惜一切代价保卫自己的贞洁。所以，尽管已经有了交往已久的未婚夫麦克（布雷特·戴尔 Brett Dier 饰），但简依然守身如玉。\n让简没有想到的是，自己竟然怀孕了！原来，在误打误撞之中，简接受了人工授精手术，而这枚精子的主人，竟然是简的老板拉斐尔（贾斯汀·贝尔杜尼 Justin Baldoni 饰），更糟糕的是，简的母亲坚定的认为，自己的女儿是圣母转世。腹中孩子的去留成为了简目前需要面临的最大问题，她会做出怎样的选择呢？©豆瓣','7.1',1,'圣女简恩',1,'https://movie.douban.com/subject/25885187/',4),
(25885402,'我本坚强 第一季','https://img3.doubanio.com/view/movie_poster_cover/lpst/public/p2228318290.jpg','Unbreakable Kimmy Schmidt',2015,13,'吉米（艾丽·坎伯尔 Ellie Kemper 饰）在一个崇尚世界末日的邪教中生活了整整十五年，之后才被警方救出重回社会，这不仅让吉米成为了新闻频道的当红人物，亦让她得到了人生第一桶金——来自政府的特别救援金。就这样，带着寥寥无几的行李，吉米前往纽约，准备在那里展开她全新的生活。\n在纽约，吉米结识了名为狄杜思（泰塔斯·伯吉斯 Tituss Burgess 饰）的黑人歌手，两人结为了好友。吉米的乐观和开朗让怀才不遇的狄杜思坚持了自己的理想，而狄杜思则成为了吉米走入现代社会的唯一一扇窗口。和吉米一起被警方救出的还有另外四名女性，她们亦踏上了各自的人生道路。©豆瓣','7.7',1,'Tooken',1,'https://movie.douban.com/subject/25885402/',3),
(25885752,'复仇 第四季','https://img3.doubanio.com/view/movie_poster_cover/lpst/public/p2199165515.jpg','Revenge',2014,23,'在《复仇 第四季》中，Victoria和Emily都在公开准备自己的复仇计划，所有的事情都已经挑明，她们也用不着继续躲躲藏藏了。与此同时，Charlotte仍然没有从绑架案中恢复元气，更何况她意识到Jack Porter与此事有关，Conrad已经死了，而David Clarke还活着！','7.0',1,'报仇雪恨 第四季',4,'https://movie.douban.com/subject/25885752/',4),
(25885786,'超感神探 第七季','https://img1.doubanio.com/view/movie_poster_cover/lpst/public/p2214284977.jpg','The Mentalist',2014,13,'RJ已结束， 第七季将进入新的Jisbon时代。\n第七季为最终季。\n* * * * * * * * * * * * * * * * * * * * * * * * * * * * * * * * * * * * * * * * * *\n《超感神探》将于美国时间11月30日周日回归。\n在周日档播出四周后，从1月7日起《超感》会换至周三的8点档，直到剧终。\n最终集会在2月18日播出。','8.9',1,NULL,7,'https://movie.douban.com/subject/25885786/',7),
(25886392,'天生冤家 第一季','https://img3.doubanio.com/view/movie_poster_cover/lpst/public/p2223529491.jpg','The Odd Couple',2015,12,'改编自Neil Simon经典喜剧，由马修派瑞担任制片、编剧并主演。“Odd Couple”讲述的是两位大学校友在各自经历了离婚风波后，同住一间公寓成为室友的故事。','7.0',1,'单身公寓',1,'https://movie.douban.com/subject/25886392/',3),
(25912858,'寻 第二季','https://img3.doubanio.com/view/movie_poster_cover/lpst/public/p2217429351.jpg','Looking',2015,10,'《寻》是美国HBO有线台2014年开发的剧集，如今已续订第二季。该剧讲述三个同志好友在现代旧金山完全不加过滤的性与生活。他们都在寻找快乐、寻找亲密，同时也在面对所有同志都需要面对的选择和决定......\n《寻》全部在旧金山实景拍摄，导演是《周末时光》的安德鲁·海格，它被认为是继《同志亦凡人》后最写实的同志美剧。©豆瓣','8.8',1,'众里寻他 第二季',2,'https://movie.douban.com/subject/25912858/',2),
(25918302,'废柴联盟 第六季','https://img3.doubanio.com/view/movie_poster_cover/lpst/public/p2228389773.jpg','Community',2015,13,'Greendale社区大学的学生有些「特殊」。这倒不是说他们身体上有什么缺陷，而是因为他们的构成千奇百怪－－有高中时代的「差生」，有刚刚离婚的家庭主妇，还有「活到老学到老」的老人。没有了象牙塔的神圣感，社区大学圆了这些人的「高等教育」梦。\n故事的主人公是一位说话节奏很快的律师（Joel McHale扮演），他本来有大学文凭，但那文凭却阴差阳错地作废了。不可能回学校重新念书，他选择加入社区大学。思想活跃的他很快结交了一群好友，并在他们当中组织了一个学习研讨会。事实上，他们对彼此的了解，可能比对书本和作业的了解更深刻，更有价值。','8.5',1,NULL,6,'https://movie.douban.com/subject/25918302/',6),
(25923092,'公园与游憩 第七季','https://img3.doubanio.com/view/movie_poster_cover/lpst/public/p2221959966.jpg','Parks and Recreation',2015,13,'','9.3',1,'公园与休憩',7,'https://movie.douban.com/subject/25923092/',7),
(25933360,'路易不容易 第五季','https://img3.doubanio.com/view/movie_poster_cover/lpst/public/p2237769432.jpg','Louie',2015,8,'FX续订了<路易不容易>第五季，但集数缩减为了7集，将于明年春季播出。','9.2',1,'路易的故事',5,'https://movie.douban.com/subject/25933360/',5),
(25941842,'花园墙外','https://img1.doubanio.com/view/movie_poster_cover/lpst/public/p2212480699.jpg','Over the Garden Wall',2014,10,'沃特和葛瑞格是一对兄弟。他们莫名地进入了一片诡谲又阴暗黑森林-\"迷林\"。在四处寻找回家的路途上，两兄弟遇到了一只会说话的青鸟、一位阴郁的樵夫，和潜伏在迷林，人人都惧怕的神秘\"野兽\"。','9.2',1,'园墙之上',NULL,'https://movie.douban.com/subject/25941842/',0),
(25944811,'美少女的谎言 第七季','https://img3.doubanio.com/view/movie_poster_cover/lpst/public/p2453560993.jpg','Pretty Little Liars',2016,20,'','7.1',1,NULL,7,'https://movie.douban.com/subject/25944811/',7),
(25945125,'杀出个黎明 第二季','https://img3.doubanio.com/view/movie_poster_cover/lpst/public/p2258051382.jpg','From Dusk Till Dawn: The Series',2015,10,'El Rey頻道（拉美觀眾，西班牙語為主的新頻道）在觀察了3周後，今天續訂了他們根據同名電影改編的首個英語劇集殺出個黎明第二季。新季將比首季加碼，共13集','6.9',1,NULL,2,'https://movie.douban.com/subject/25945125/',3),
(25953429,'大小谎言','https://img3.doubanio.com/view/movie_poster_cover/lpst/public/p2415240173.jpg','Big Little Lies',2017,7,'该剧根据同名畅销书改编，主要讲述三个年轻母亲看似完美的生活因卷入一宗谋杀案而被搅得天翻地覆，剧本则将由著名的David E. Kelley创作。','8.8',1,'小谎言(港)',NULL,'https://movie.douban.com/subject/25953429/',NULL),
(25955813,'失踪 第一季','https://img3.doubanio.com/view/movie_poster_cover/lpst/public/p2197691552.jpg','The Missing',2014,8,'该剧描述一个五岁的小男孩2006年随父母去法国旅游时神秘失踪，八年之后人们确信他已经死亡，但他的父亲仍留有一丝希望。该剧同时存在两条时间线（2006年和2014年）——天涯小筑','8.4',1,NULL,1,'https://movie.douban.com/subject/25955813/',2),
(25958195,'图书馆员 第一季','https://img3.doubanio.com/view/movie_poster_cover/lpst/public/p2209958264.jpg','The Librarians',2014,10,'故事发生在伦敦大都会公共图书馆中，在那里，蛰伏着一个历史悠久的古老组织，组织负责调查超自然的神秘事件，抵抗不明力量的入侵，保护古老文物不落入不法之徒手中。作为组织头目，图书管理员弗林（诺亚·怀尔 Noah Wyle 饰）一直尽忠职守，然而，随着时间的推移，他发现，仅靠一人单打独斗就能成事的时代已经过去了，弗林决定替组织吸收新鲜的血液。\n精明强干的反恐专家埃文（丽贝卡·罗梅恩 Rebecca Romijn 饰）、智商超高的石油工人杰克（克里斯蒂安·凯恩 Christian Kane 饰）、拥有超能力的卡桑德拉（林蒂·布丝 Lindy Booth 饰）、超级电脑高手琼斯（约翰·金 John Kim 饰），这四名训练有素的新鲜人能否让弗林满意呢？©豆瓣','6.0',1,'图书管理员',1,'https://movie.douban.com/subject/25958195/',3),
(25961971,'古战场传奇 第二季','https://img3.doubanio.com/view/movie_poster_cover/lpst/public/p2331488331.jpg','Outlander',2016,13,'Claire是一位已婚的战地护士，从1945年穿越到1743年的苏格兰。在那个一无所知的世界，她因为生命受到威胁而被迫嫁给英武浪漫的苏格兰战士Jamie。从此Claire的内心在两种截然不同的生活以及男人之间挣扎。','7.8',1,'外乡人',2,'https://movie.douban.com/subject/25961971/',4),
(25966044,'黑镜 第三季','https://img3.doubanio.com/view/movie_poster_cover/lpst/public/p2391300344.jpg','Black Mirror',2016,6,'莱西（布莱丝·达拉斯·霍华德 Bryce Dallas Howard 饰）生活在一个十分看重个人评分的世界之中，在这个世界里，你可以给你遇到的所有人打分，自身分数越高的人，给他人打分的权重就越高。每个人的分数决定了他们能够过上怎样的生活。\n库珀（瓦耶特·鲁塞尔 Wyatt Russell 饰）是一位喜欢游历世界的青年，某次，旅费吃紧的他参加了一项游戏测试的工作，没想到这份收入优渥的工作却给他的人生带来了毁灭性的打击。\n内向木讷的男孩肯尼（亚历克斯·劳瑟 Alex Lawther 饰）发现自己的一举一动均被他人所监视着，为了守住秘密不被泄露，肯尼成为了黑客肆意操纵的傀儡。\n风景优美的圣朱尼佩罗，内向平凡的女孩约克夏（麦肯兹·戴维斯 Mackenzie Davis 饰）邂逅了光芒四射的凯丽（古古·玛芭塔劳 Gugu Mbatha-Raw 饰），两人之间产生了一段美好的感情。\n被植入了“感知封闭系统”的士兵，他们要对抗的真正敌人究竟是什么？\n臭名昭著的撰稿人莫名死亡，在调查事件真相的过程中，警方一步步走入了黑客一手制造的陷阱之中。©豆瓣','8.7',1,'黑镜子 第三季',3,'https://movie.douban.com/subject/25966044/',4),
(25966206,'昭雪 第三季','https://img3.doubanio.com/view/movie_poster_cover/lpst/public/p2351761276.jpg','Rectify',2015,6,'第三季《昭雪》将紧接第二季结尾，从丹尼尔签署认罪协议的那个下午开始。协议会被认可吗？丹尼尔是否将离开小镇？而当一具遗体被警方发现时，法务部门再次向丹尼尔索取答案。阿曼莎尝试从丹尼尔的事情中抽身，开启新的生活。与此同时，托妮和小泰则试图借昔日时光以探索两人婚姻的未来。珍妮与泰德的婚姻，同样也因为丹尼尔的作为而开始经受考验。','8.7',1,'矫正人生(台)',3,'https://movie.douban.com/subject/25966206/',4),
(25966207,'清道夫 第三季','https://img3.doubanio.com/view/movie_poster_cover/lpst/public/p2247166470.jpg','Ray Donovan',2015,12,'概况上来看，雷（列维·施瑞博尔 Liev Schreiber 饰）是一个通俗的中年汉子，现实上，他从事着一份布满了刺激和危险的神秘工作——替上流社会的各路名人雅士解决他们“不克不及说的麻烦”。在客户们眼中，雷是无所不克不及的天主，可是雷呢，尽管解决过各类各样的“疑难杂症 ”，但他始终无法“治疗”本身的糊口。　　雷的父亲麦克（强·沃特 Jon Voight 饰）方才从牢狱里出来，他的家人和社会可以或许宽容的采取这个看起来有些玩世不恭的老头子吗？身为雷的老婆，艾比（葆拉·马尔科姆森 Paula Malcomson 饰）对于丈夫的事业和本身的身份又抱有着如何的思疑呢？\n清道夫 第三季迅雷下载：http://www.23ds.com/oumei/qingdaofudisanji/','8.8',1,'雷·多诺万',3,'https://movie.douban.com/subject/25966207/',5),
(25966208,'尼克病院 第二季','https://img3.doubanio.com/view/movie_poster_cover/lpst/public/p2266735414.jpg','The Knick',2015,10,'由Clive Owen主演的Cinemax电视台年代剧+医务剧尼克病院第二季已确认将于今年十月回归。20世纪初，抗生素尚未发现，一场外科手术就有可能让人丧命，萨克雷医生就是在这种环境下不断挑战医疗边界。在电影台最新发布的这组官方海报中，我们将看到一批围绕在他周围的迷人角色，片中的血腥场面是家常便饭，让观众可以直击当年的医疗现实。','9.2',1,'紐約醫情（台）',2,'https://movie.douban.com/subject/25966208/',2),
(25966386,'狩猎季节 第二季','https://img3.doubanio.com/view/movie_poster_cover/lpst/public/p2241176525.jpg','Hunting Season',2015,4,'','6.5',1,NULL,2,'https://movie.douban.com/subject/25966386/',2),
(25977905,'戈德堡一家 第二季','https://img3.doubanio.com/view/movie_poster_cover/lpst/public/p2200558570.jpg','The Goldbergs',2014,24,'Goldberg一家和其他幸福和睦的家庭没有什么区别，只是家里个个都是大嗓门。老妈Beverly（Wendi McClendon-Covey）是个典型的「老妈爱死你」。她在这家人中拥有绝对的「权威」，而且从来不知道什么叫「界限」，什么叫「底线」。不过她那些气势压人的做法归根结底是为了保护家人——如果他们不觉得那是「保护过度」的话。老爸Murray（Jeff Garlin）是个性格急躁、脾气很坏的人，长期以来奉行「不骂不成材」的为父之道……直到最近心脏健康方面的原因导致他再也不敢高声叫喊。大姐Erica（Hayley Orrantia）17岁了，性感、刁蛮，谁也招惹不起。老二Barry（Troy Gentile）今年16，典型的「高分低能」学生，而且或多或少有一点「排行中间综合症」。Adam虽然年纪最小，但却很有天赋，没准他今后真的能当一个大导演？但是他现在面临一个大问题：他迷恋着年纪比他大许多的Zoe（她已经15岁了！），而且根本无法与Zoe的同龄人「抗衡」！这个家庭中最后一名成员是德高望重的外公Al “Pops” Solomon www.bwudi.com（George Segal）——人说「老小老小」，他果然是家里最「淘气」的一位。他主动教导Adam「追女孩的诀窍」……毫无疑问，那绝不是好事。家家都有一本难念的经，Goldberg家的事情，谁又能说得清呢？','8.7',1,'金色年代',2,'https://movie.douban.com/subject/25977905/',6),
(25977930,'海军罪案调查处 第十二季','https://img3.doubanio.com/view/movie_poster_cover/lpst/public/p2201586052.jpg','NCIS: Naval Criminal Investigative Service',2014,24,'是一部关于一支特工小组的动作剧集，这支小组隶属五角大楼的特别部门，肩负着调查任何有一丝证据证明与海军及海军陆战队人员有关的犯罪，且不论其级别或职位的高低。领导这支小组并独立于海军指挥系统的是NCIS特工Leroy Jethro Gibbs (Mark Harmon饰)，这名经验丰富的调查员与审问员是个机智、强硬并且为了完成任务愿意打破常规的人。直接受Gibbs领导的是Anthony DiNozzo特工 (Michael Weatherly饰)，作为一名前重案组探员，其出色的本能来自于大量的调查经验。之后加入他们俩的是Kate Todd (Sasha Alexander饰)，一个美丽而又坚强的前特勤处特工，曾与Gibbs短兵相接（见NCIS第一季第一集）。还有从事技术分析工作的Abby Sciuto (Pauley Perrette饰)，是一名天才科学家，她那黑色幽默与哥特风格的装扮相得益彰。新加入小队的是Timothy McGee (Sean Murray饰)，麻省理工学院（MIT，剧中经常会提到）的毕业生，他对电脑的精通使他在Gibbs率领的小组中成为一名见习特工。在小组背后默默支持的是法医Donald www.bwudi.com \"Ducky\" Mallard (David McCallum饰)，他见多识广。从谋杀、间谍活动到恐怖活动、盗窃潜艇，这些特工们为了调查所有与海军及海军陆战队相关的犯罪活动，足迹遍布全世界。\n虽然同样由CBS电视网制作，NCIS却和CBS的另一王牌剧《犯罪现场》(CSI)有着极大差别，NCIS每集只专心讲述一个案子。CIS重点在于犯罪证据的收集和调查，NCIS侧重于案情的悬疑曲折以及主要角色的鲜明个性。第二季开头的一个案子就非常有代表性，一家军用直升飞机停在麦田中央，直升飞机周围的麦田全部伏倒形成了一个圆圈。而驾驶飞机的海军陆战队员则已经不知去向，这样的开头不禁一下让观众想到了外星人。不过NCIS毕竟不是《X档案》，事情的真相还是要回归到真实的生活中来。个性鲜明的几位长线角色也是NCIS吸引观众的另外一大卖点，上到调查处头头吉不斯，小到一个验尸官的助手，每一位NCIS成员都有着与人不同的特殊性格。','8.6',1,NULL,12,'https://movie.douban.com/subject/25977930/',14),
(25980514,'少狼 第五季','https://img3.doubanio.com/view/movie_poster_cover/lpst/public/p2253696511.jpg','Teen Wolf',2015,20,'MTV台已经预订了《少狼》第五季。\n在周四的圣地亚哥动漫大会上，该剧执行制作人杰夫·戴维斯（Jeff Davis）透露这部电视剧已被预定了20集，将分为两部分播出。\n在第四季初期加入该剧的迪伦·斯普雷贝利（Dylan Sprayberry）在第五季中将变为常规角色。','7.3',1,NULL,5,'https://movie.douban.com/subject/25980514/',6),
(25983865,'守望尘世 第二季','https://img3.doubanio.com/view/movie_poster_cover/lpst/public/p2266357015.jpg','The Leftovers',2015,10,'A town that seems to have no disappearances becomes a new Lourdes and attracts lots of tourists. But all may not be as rosy as it appears to be.','8.9',1,'遗世者 第二季',2,'https://movie.douban.com/subject/25983865/',3),
(26030078,'11.22.63','https://img3.doubanio.com/view/movie_poster_cover/lpst/public/p2318164176.jpg','11.22.63',2016,8,'该剧故事聚焦肯尼迪总统遇刺事件，1963年11月22日，美国得克萨斯州达拉斯市响起三声枪响，总统肯尼迪遇刺身亡，世界随之改变。如果你能改变历史，一切将会怎样？詹姆斯·弗兰科饰演的男主人公穿越时空，阻止暗杀约翰·菲茨杰拉德·肯尼迪的行动。\n《11/22/63》是有视频网站Hulu打造的原创剧，这一流媒体曾经接盘过《再造淑女》《明迪烦事多》等被各大电视网砍掉的剧集。《11/22/63》由J·J·艾布拉姆斯担任制作人，除詹姆斯·弗兰科和莎拉·加顿外，克里斯·库柏、乔治·麦凯等演员也将在其中担任重要角色。\n《11/22/63》将于2016年2月15日在Hulu上首播。','7.7',1,'拯救肯尼迪',NULL,'https://movie.douban.com/subject/26030078/',NULL),
(26087497,'浪女大厨 第二季','https://img3.doubanio.com/view/movie_poster_cover/lpst/public/p2232911613.jpg','Young & Hungry',2015,21,'在这个夏天播出的全新喜剧《Young & Hungry》取得稳健收视，Gabi和Josh能否在第二季进一步擦出火花？已半季终，余下11集将在8月12日回归！','7.4',1,'饥饿与青春',2,'https://movie.douban.com/subject/26087497/',5),
(26101233,'美国犯罪故事 第一季','https://img3.doubanio.com/view/movie_poster_cover/lpst/public/p2324753314.jpg','American Crime Story',2016,10,'1994年6月的一个夜晚，洛杉矶市某个郊外社区的一户人家突发血腥惨案。一男一女不知被何人杀害，死状可怖，而警方初步调查后很快将嫌疑人指向了女性死者的前夫——著名黑人橄榄球明星欧·杰·辛普森（小库珀·古丁 Cuba Gooding Jr. 饰）。现场大量证据将矛头对准了辛普森，检方常胜女将克拉克（莎拉·保罗森 Sarah Paulson 饰）磨刀霍霍，势要将这位国民明星拉下神坛。与之相对，辛普森拒绝认罪，他一度逃亡，上演了全国直播的大戏，之后不惜巨资聘请了梦幻律师团为其辩护。对战双方纷纷派出精兵强将尽最大可能搜集对自己有力的人证物证。而牵动全美民众之心的“辛普森案”正朝着难以预料的方向驶去……\n本片根据被称为20世纪“世纪大案”的辛普森案改编。©豆瓣','8.7',1,'美国犯罪故事：公众与O.J.辛普森的对决(港)',1,'https://movie.douban.com/subject/26101233/',4),
(26108398,'穹顶之下 第三季','https://img3.doubanio.com/view/movie_poster_cover/lpst/public/p2242010692.jpg','Under the Dome',2015,13,'','5.8',1,NULL,3,'https://movie.douban.com/subject/26108398/',3),
(26142847,'思想调查员 第一季','https://img3.doubanio.com/view/movie_poster_cover/lpst/public/p2241585854.jpg','Stitchers',2015,10,'这是一部带有超自然色彩的青春剧，故事描述一个年轻女人被一个绝密政府组织雇佣参与一项超自然研究。他们将「刺探」最近刚刚死亡的人的大脑，利用他们的记忆来调查悬疑谋杀案，破解各种秘密——如果他们不这么做，那么这些秘密就只能追随死者一起进坟墓了。Emma Ishta扮演女主人公Kirsten Clark，聪明但不善社交，身患一种罕见病症。她没有任何情感，也体会不到「时间的流逝」。她是个计算机高手，拥有非凡的黑客技能。她原本可以拿到计算机科学领域的高级学位……但是她因为公开室友和辅导教授的私情而遇到麻烦。\n\n美国政府看中了她的独特技能，选择她参加一个绝密的政府研究项目。用Kirsten自己的话来说，这个项目就是「入侵死者的大脑，读取他们的记忆」。她对这项看起来很吓人的、难以预测的工作应付自如，这连她自己也有些惊讶。\nKyle Harris扮演男主人公Cameron，是从事这项绝密研究的政府秘密组织的首席技术员，也是所有科研人员的管理员。这个研究项目的负责人是Cameron的母亲Maggie，他们不仅在一起工作，还在一起生活。Cameron关心这项研究，关心所有科研人员，但他对母亲选择计算机黑客Kirsten参加这个团队持保留意见。Cameron对工作充满激情，但始终循规蹈矩。Kirsten为了拯救无辜生命时常会做出违反程序和超越职权范围的事情，这让Cameron既好气又好笑。Felix Gomez扮演计算机教授Jerome Smallwood，是教Kirsten学习计算机科学的老师。','6.0',1,'编织记忆',1,'https://movie.douban.com/subject/26142847/',NULL),
(26196140,'至亲血统 第一季','https://img3.doubanio.com/view/movie_poster_cover/lpst/public/p2227014396.jpg','Bloodline',2015,13,'美剧《裂痕》的幕后阵容推出的新剧，演员阵容也很强大。一个家庭里的故事，当这家中的害群之马回归，而引出的一系列惊悚故事。','7.3',1,'血脉',1,'https://movie.douban.com/subject/26196140/',3),
(26235527,'永无止境','https://img1.doubanio.com/view/movie_poster_cover/lpst/public/p2266056837.jpg','Limitless',2015,22,'改编自2011年布莱德利·库珀主演的同名电影，男主角布莱恩·芬奇（Brian Finch）发现了一种具有神秘力量的药物NZT，于是他便使用自己获得的全新超能力帮助FBI解决案件。','7.2',1,'永无止境电视剧版',NULL,'https://movie.douban.com/subject/26235527/',0),
(26269506,'氰化欢乐秀 第一季','https://img3.doubanio.com/view/movie_poster_cover/lpst/public/p2213137675.jpg','The Cyanide and Happiness Show',2014,11,'氰化欢乐秀（The Cyanide & Happiness Show）是一部国外制作的搞笑同人动画短片。氰化欢乐秀专业开脑洞，让你的生活乐起来~！','9.0',1,'快乐氰化物',1,'https://movie.douban.com/subject/26269506/',3),
(26290787,'应召女友 第一季','https://img3.doubanio.com/view/movie_poster_cover/lpst/public/p2330433453.jpg','The Girlfriend Experience',2016,13,'该剧根据2009年同名电影改编，原版电影描述的是高级妓女为客户提供私人专享服务的故事——这些服务不限于性爱，更带感情。','7.0',1,NULL,1,'https://movie.douban.com/subject/26290787/',2),
(26295868,'南方公园 第二十季','https://img3.doubanio.com/view/movie_poster_cover/lpst/public/p2377407733.jpg','South Park',2016,10,'','8.4',1,NULL,20,'https://movie.douban.com/subject/26295868/',23),
(26298650,'马可波罗 第二季','https://img1.doubanio.com/view/movie_poster_cover/lpst/public/p2358474407.jpg','Marco Polo',2016,10,'Netflix已续订《马可波罗》第二季。','7.0',1,'马可波罗游记',2,'https://movie.douban.com/subject/26298650/',2),
(26302918,'风中的女王 第三季','https://img3.doubanio.com/view/movie_poster_cover/lpst/public/p2271949753.jpg','Reign',2015,22,'CW已续订《风中的女王》第三季。','7.3',1,NULL,3,'https://movie.douban.com/subject/26302918/',4),
(26302921,'地球百子 第三季','https://img3.doubanio.com/view/movie_poster_cover/lpst/public/p2297086505.jpg','The 100',2016,16,'CW已续订《地球百子》第三季。','7.4',1,NULL,3,'https://movie.douban.com/subject/26302921/',4),
(26303778,'六场危事','https://img1.doubanio.com/view/movie_poster_cover/lpst/public/p2381017739.jpg','Crisis in Six Scenes',2016,6,'《六场危事》是一部时间设定在1960年代的喜剧，麦莉·赛勒斯、伊莱恩·梅等出演，讲述一个中产家庭在当年政治动乱中的故事。','7.8',1,'六度危机',NULL,'https://movie.douban.com/subject/26303778/',NULL),
(26307362,'星蝶公主 第一季','https://img3.doubanio.com/view/movie_poster_cover/lpst/public/p2223082335.jpg','Star vs. the Forces of Evil',2015,13,'Intergalactic warrior Star Butterfly arrives on Earth to live with the Diaz family. She continues to battle villains throughout the universe and high school, mainly to protect her extremely powerful wand, an object that still confuses her.','8.7',1,'公主闯天关',1,'https://movie.douban.com/subject/26307362/',NULL),
(26313005,'芝加哥急救 第一季','https://img3.doubanio.com/view/movie_poster_cover/lpst/public/p2285703593.jpg','Chicago Med',2015,18,'《芝加哥警署》（Chicago P.D.）里哪位警官需要医生？因为这里正好有一个医生的家属！\n据TVLine网站独家报道，《无耻家庭》（Shameless）男星尼克·戈尔弗斯（Nick Gehlfuss）将出演《芝加哥警署》，扮演杰·霍尔斯特德（Jay Halstead）的哥哥瑞恩·霍尔斯特德（Ryan Halstead），并将主演《芝加哥烈焰》（Chicago Fire）计划中的衍生剧《芝加哥医院》（暂译 Chicago Med）。\n瑞恩这个循环角色“是个花花公子，更是位事业有成的医生。但总是逃避责任，”制片人马特·奥尔林斯特德（Matt Olmstead）表示。“情况一旦变得复杂，他就消失了。剧中的他则正处于不得不开始认真工作，在芝加哥寻找真实人生的时刻。”\n霍尔斯特德兄弟俩终于团聚，“他们都很开心见到彼此，”奥尔林斯特德说。“瑞恩此番来到芝加哥并不是为了投奔杰，而是来找杰帮忙处理一些事情。”\n此外，戈尔弗斯也将出现在《芝加哥烈焰》中，为衍生剧做铺垫。','7.7',1,'芝加哥医院',1,'https://movie.douban.com/subject/26313005/',2),
(26319160,'大城小妞 第三季','https://img3.doubanio.com/view/movie_poster_cover/lpst/public/p2306136394.jpg','Broad City',2016,10,'白宫的民主党候选人希拉里-克林顿（HillaryClinton）将客串喜剧中心频道的《大城小妞》（BroadCity）第三季，该剧由《周六夜现场》（SaturdayNightLive）的卡司艾米-波勒（AmyPoehler）担任制片。很巧合的是，很多人认为艾米-波勒是《周六夜现场》中模仿希拉里最成功的人。\n去年一月，在《大城小妞》第二季开播之前，喜剧中心频道宣布了该剧第三季的续订，第三季将于明年2月17日开播，由曾在即兴系类短喜剧\"The Upright Citizens Brigade\"中表演过的艾比-雅各布森和伊拉纳-格雷泽（Ilana Glazer）创作和主演，该剧讲述了Abbi和Ilana，一对年轻的好朋友互相支持、互相帮助、互相在这座残酷的城市中生活下去的故事。','9.0',1,'宽镇日常',3,'https://movie.douban.com/subject/26319160/',5),
(26324698,'魔法师 第一季','https://img3.doubanio.com/view/movie_poster_cover/lpst/public/p2295037225.jpg','The Magicians',2016,13,'After being recruited to a secretive academy, a group of students discover that the magic they read about as children is very real-and more dangerous than they ever imagined.','6.4',1,'魔术师 第一季',1,'https://movie.douban.com/subject/26324698/',3),
(26326452,'黑吃黑 第四季','https://img3.doubanio.com/view/movie_poster_cover/lpst/public/p2322169110.jpg','Banshee',2016,8,'《黑吃黑 第四季》是由葛·艾坦尼斯执导，伊万娜·米利塞维奇/Antony Starr/罗斯·布莱克维尔/Ulrich Thomsen等主演的电视剧.第四季已于2016.04.02播出。在新一季的banshee中将会出现更多的角色，并且Proctor的势力会更加的强大，他自己也当上了市长。Ana Ayora饰演Nina Cruz，她将作为Proctor安插在警局里的内线。她格斗及暗杀能力都十分熟练，是为Kai Proctor干脏活的能手。Eliza Dushku也在第四季banshee中饰演Veronica Dawson，在剧中扮演一个性感但有些鲁莽的FBI探员。','8.5',1,NULL,4,'https://movie.douban.com/subject/26326452/',4),
(26336281,'纸牌屋 第四季','https://img3.doubanio.com/view/movie_poster_cover/lpst/public/p2318329344.jpg','House of Cards',2016,13,'在2016美国总统大选进入白热化阶段之际，第一夫人克莱尔（罗宾·怀特 Robin Wright 饰）与丈夫弗兰西斯·安德伍德（凯文·史派西 Kevin Spacey 饰）走向决裂，谋求政治上的新发展，弗兰西斯接连败阵，焦头烂额。雪上加霜的是，先驱报记者卢卡斯·古德温（塞 巴斯蒂安·阿塞勒斯 Sebastian Arcelus 饰）假释出狱，铤而走险刺杀安德伍德，使美国陷入空前危机。但是这次枪击案意外弥合了安德伍德夫妇之间的裂缝，也导致强敌邓巴退出大选。一波未平，一波又起。极具明星光环的共和党候选人威尔·康威（乔尔·金纳曼 Joel Kinnaman 饰）强势登场，克莱尔寻求副总统席位，恐怖分子制造绑架事件，更有媒体对安德伍德历年涉及的脏事展开深挖掘。\n为了保住现有的一切，站在民主和自由荣光下的总统不惜制造恐怖与战争……©豆瓣','9.0',1,'众议院要人',4,'https://movie.douban.com/subject/26336281/',5),
(26336684,'诈欺担保人','https://img3.doubanio.com/view/movie_poster_cover/lpst/public/p2406699184.jpg','Sneaky Pete',2015,10,'Amazon的《诈欺担保人 Sneaky Pete》，这剧原本是CBS的试映集，在开发失败后由Amazon接手；这剧讲述一个30多岁的骗子Marius（Giovanni Ribisi饰）出狱后，盗用了他同仓的狱友Pete的身份；他一边逃避自己过去的债主，一边应付他的新\" 家族业务\" - 保释担保人。他现在得处理比自己还要恶劣的坏份子，而她的拍档兼\"表妹\"，单身母亲的Julia（Marin Ireland饰），则怀疑他的真正动机。\nLibe Barer饰演Julia的妹妹Carly，经常制造及找寻麻烦﹑Margo Martindale饰演Audrey﹑Peter Gerety饰演Otto，当他们正苦苦经营保释担保的家族生意时，他们的「孙子」Pete突然找上门。Shane Mcrae饰演Taylor，一个小镇警察，跟他那消失多时的表哥Pete重聚。\nVirginia Kull则饰演循环角色Katie Boyd，曾经跟Marius/Pete一起行骗，不过现在已金盆洗手，已婚并有一个养女。不过她的平凡生活，因为Marius某天上门求助时而打乱了。','8.5',1,'以黑制黑',NULL,'https://movie.douban.com/subject/26336684/',NULL),
(26337362,'百味超市 第一季','https://img1.doubanio.com/view/movie_poster_cover/lpst/public/p2290407589.jpg','Superstore',2015,11,'该剧由前《爆笑办公室》（The Office）编剧兼制片人Ruben Fleischer开发，America Ferrara和Ben Feldman主演，故事描述一家超级广场店的员工们的爱情、友谊和每一天经历的美好时刻。这里有天真的新人、见惯不怪的老手、毫无工作经验的夏季临时工和干了一辈子的经理，他们将共同应对狂热的「讨价还价猎人」（购便宜货上瘾的人）、容易引发骚乱的促销活动和令人昏昏欲睡的业务训练课。','7.0',1,'超级商店',1,'https://movie.douban.com/subject/26337362/',2),
(26337367,'隐情 第一季','https://img1.doubanio.com/view/movie_poster_cover/lpst/public/p2317040407.jpg','The Catch',2016,10,'爱丽丝（米瑞·伊诺丝 Mireille Enos 饰）本以为能够和未婚夫本杰明（彼得·克劳斯 Peter Krause 饰）携手步入婚姻的殿堂，哪知道就在这个节骨眼上，本杰明居然卷走了数百万美元巨款一走了之音信全无。\n安德森（罗丝·洛林斯 Rose Rollins 饰）不仅是爱丽丝最信赖的朋友，亦是最得力的合作伙伴，在两人共同创立的侦探事务所中，聚集了行业内最顶尖的侦探们，个性大大咧咧不按常规出牌的丹尼（Jay Hayden 饰）、高智商黑客索菲（艾维·约斯特 Elvy Yost 饰），在几人无间的合作之下，事务所屡屡破获奇案。与此同时，爱丽丝一刻都没有放弃过对于本杰明的追踪，同样追在本杰明屁股后面的，还有精明的FBI探员朱尔斯（雅基·伊多 Jacky Ido 饰）。©豆瓣','6.7',1,'猎捕枕边人',1,'https://movie.douban.com/subject/26337367/',2),
(26337980,'黑色警报 第一季','https://img1.doubanio.com/view/movie_poster_cover/lpst/public/p2258654108.jpg','Code Black',2015,18,'构思源自同名纪录片，这部医务剧以全美最忙碌，名声也最不堪的洛杉矶县医院的急症室为故事背景。一群医术精湛的医生尽管受制于落后的制度，但他们仍为理想、为病人努力奋斗。','8.1',1,'黑色代码',1,'https://movie.douban.com/subject/26337980/',3),
(26339141,'生活点滴 第一季','https://img3.doubanio.com/view/movie_poster_cover/lpst/public/p2258653934.jpg','Life in Pieces',2015,22,'A family comedy told through the seperate stories of different family members.','7.9',1,'生活碎片',1,'https://movie.douban.com/subject/26339141/',3),
(26339776,'丛林中的莫扎特 第二季','https://img3.doubanio.com/view/movie_poster_cover/lpst/public/p2291138533.jpg','Mozart in the Jungle',2015,10,'','7.7',1,NULL,2,'https://movie.douban.com/subject/26339776/',4),
(26339794,'少男奶爸 第五季','https://img3.doubanio.com/view/movie_poster_cover/lpst/public/p2316415222.jpg','Baby Daddy',2016,20,'ABC Family续订《少男奶爸 Baby Daddy》第五季，早前该台取消了《御姐奶爸 Melissa & Joey》。','8.0',1,'少而为父',5,'https://movie.douban.com/subject/26339794/',6),
(26339805,'盲点 第一季','https://img3.doubanio.com/view/movie_poster_cover/lpst/public/p2261294736.jpg','Blindspot',2015,23,'某日，一个神秘的女人（杰米·亚历山大 Jaimie Alexander 饰）以全裸的姿态出现在了人头攒动的时代广场，她的身上有着造型诡异如同地图一般的纹身，而这个女人对自己的过去和遭遇一无所知。\n科特（苏利文·斯坦普莱顿 Sullivan Stapleton 饰）是一名联邦探员，他的名字亦被纹在了神秘女子的身上，因而被卷入了事件之中。上司任命科特为危机事件反应小组的组长，和同事里德（罗伯·布朗 Rob Brown 饰）、塔莎（Audrey Esparza 饰）等人一起彻查事件的来龙去脉。随着调查的深入，一个惊人的阴谋逐渐浮出了水面，为了阻止犯罪分子的行动，科特必须和神秘女子合作，因为她身上的纹身，正是化解整个案件的关键线索。©豆瓣','6.7',1,NULL,1,'https://movie.douban.com/subject/26339805/',2),
(26340501,'行尸之惧 第二季','https://img3.doubanio.com/view/movie_poster_cover/lpst/public/p2323393275.jpg','Fear the Walking Dead',2016,15,'《行尸之惧》尚未播出就已经获得第二季续订。','6.3',1,'Cobalt',2,'https://movie.douban.com/subject/26340501/',3),
(26342208,'喜当爷','https://img1.doubanio.com/view/movie_poster_cover/lpst/public/p2257889667.jpg','Grandfathered',2015,22,'该剧由《Full House》的主演John Stamos和《犯罪心理 Criminal Minds》的Paget Brewster主演。在这部单镜头喜剧里，John饰演了主人公Jimmy，一位单身已久的钻石王老五，但当他发现自己是一位父亲--还是一位外公，他的生活发生了翻天覆地的变化。','7.3',1,'爷爷万岁',NULL,'https://movie.douban.com/subject/26342208/',NULL),
(26352610,'X档案 第十季','https://img3.doubanio.com/view/movie_poster_cover/lpst/public/p2290724180.jpg','The X-Files',2016,6,'谁也不曾想过，七十年前那期神秘的罗斯威尔事件，时至今日仍对全体人类产生着如此巨大的影响。并且鲜少有人窥见真相的全貌，即使它就在那里。某天，过着颓废生活的前联邦探员福克斯·穆德（大卫·杜楚尼 David Duchovny 饰）以及他最为信赖的搭档——正在某某教会医院担任医师的丹娜·斯科莉（吉莲·安德森 Gillian Anderson 饰）重新聚在一起。原来一档旨在揭露政治黑幕节目的主持人找到他们，希望二人披露政客利用外星人来控制人类的真相。以此为契机，关闭已久的X档案重新开启。一度对各种离奇事件失去信心的穆德，在斯科莉的陪伴下重新踏上征程。\n而这一路上，层层隐藏起来的真相以及人类可怕的未来，将相继呈现在他们的眼前……©豆瓣','7.6',1,NULL,10,'https://movie.douban.com/subject/26352610/',11),
(26355630,'谍网 第一季','https://img3.doubanio.com/view/movie_poster_cover/lpst/public/p2257891236.jpg','Quantico',2015,22,'一队FBI新兵，每个人都有自己特殊的加入理由，他们在弗吉尼亚Quantico努力通过训练。故事在他们过去的隐藏历史和现在的训练之间切换，还将闪现他们不远的将来的片段，其中一个新兵竟然是潜伏的恐怖分子，对911以来美国最大的恐怖袭击负责。','6.5',1,'新生无间道',1,'https://movie.douban.com/subject/26355630/',2),
(26356519,'神盾局特工：双面特工 第一季','https://img1.doubanio.com/view/movie_poster_cover/lpst/public/p2373157449.jpg','Marvel\'s Agents of S.H.I.E.L.D.: Double Agent',2015,5,'以一位双面特工的视角，带观众深入了解《神盾局特工》的片场、后台、演员训练等情况，观众可以通过本剧中的线索对接下来的剧情进行推测。','7.9',1,'神盾局特工网络衍生剧',1,'https://movie.douban.com/subject/26356519/',1),
(26357515,'暗影猎人 第一季','https://img1.doubanio.com/view/movie_poster_cover/lpst/public/p2308229037.jpg','Shadowhunters',2016,13,'ABC Family确定Dominic Sherwood将担任剧情剧《影子猎人 Shadowhunters》的男主。\n早些时候，ABC Family跳过试映集环节直接预订了了这部剧集。该剧由《圣杯神器》系列的作者Cassandra Clare的系列书籍改编。作为备受青少年欢迎的超自然题材小说，这部剧的主角是Clary Fray，1个在自己18岁生日发现自己是一个猎杀恶魔的天使与人类的混血儿的女孩，在母亲绑架后。与一个神秘的猎手还有她的好朋友Simon展开了一段关于命运的探险。','4.9',1,'影子猎人',1,'https://movie.douban.com/subject/26357515/',2),
(26359190,'美国谍梦 第四季','https://img3.doubanio.com/view/movie_poster_cover/lpst/public/p2310325435.jpg','The Americans',2016,13,'','8.7',1,NULL,4,'https://movie.douban.com/subject/26359190/',6),
(26359270,'怪奇物语 第一季','https://img3.doubanio.com/view/movie_poster_cover/lpst/public/p2364206200.jpg','Stranger Things',2016,8,'《怪奇物语 Stranger Things》（原名《Montauk》）。本剧背景设置在上世纪八十年代的印第安纳州，一个小男孩神秘的消失了；他的朋友、家人以及当地的警方开始竭力找寻答案，但却被卷入了一个充斥秘密试验和恐怖超自然力量的神秘事件中，一个陌生的小女孩看似也与这起事件有莫大的关系。本剧由年轻的类型片电影制作人Matt Duffer和Russ Duffer编剧并执导，由Shawn Levy担任执行制作人。\nWinona Ryder飾演Joyce，他的兒子就是那失蹤的小孩；David Harbour饰演帮助其寻找调查的警官。Cara Buono将饰演Karen，Mike和Nancy的母亲，这两个孩子也加入寻找失踪男孩的队伍中。Ross Partridge将饰演Lonnie，虽然与Joyce（Ryder饰）离婚但仍对此抱持不满的Joyce的前夫。Matthew Modine飾演Martin Brenner博士，聰明但背景神秘，或許跟兒童失蹤有關。\n在经过全球筛选年轻小演员之后，Netflix在上年确定了即将开拍的超自然剧集的主演，被选中的小演员有Finn Wolfhard、Millie Brown、Gaten Matarazzo、Caleb McLaughlin、Noah Schnapp、Natalia Dyer和Charlie Heaton。\nFinn Wolfhard饰演Mike，一个备受欺凌的12岁男孩，为了拯救他最好的朋友，他成为了一个让人最意想不到的英雄。他之前参演过《地球百子 The 100》、《Aftermath》、《The Resurrection》。\nMillie Brown，之前因参演《寄居者 Intruders》被人们所熟知；她将饰演Mike在森林里遇见，一个拥有神奇力量的神秘角色。她还参演过《童话镇 Once Upon A Time》和《海军犯罪调查处 NCIS》。\nGaten Matarazzo饰演12岁的Dustin，一个非常有节奏感的男生，并在整部剧中担任幽默担当，用自己的幽默感化解尴尬的气氛和情况。\nCaleb McLaughlin饰演Lucas，Mike刚愎自用的朋友，有别的男孩没有的凶猛和勇气。\nNoah Schnapp饰演Will，一个幼弱敏感的男生，他似乎不符合在80年代的「普通」定义；也就是他凭空消失了。\nNatalia Dyer饰演Nancy，Mike的姐姐。Charlie Heaton饰演Joanthan，Will的哥哥。','8.7',1,'Montauk',1,'https://movie.douban.com/subject/26359270/',2),
(26361647,'豺狼之吻','https://img3.doubanio.com/view/movie_poster_cover/lpst/public/p2398316764.jpg','Incorporated',2016,10,'《无政府主义 Incorporated》由Matt Damon﹑Ben Affleck﹑Jennifer Todd的制片公司开发（实际开发的人是David及Alex Pastor），Syfy今天宣布预订这新剧，首季13集。剧集讲述一部关于未来世界中，企业拥有无限的权利后的关于间谍、商业、阴谋等元素的反乌托邦式的社会惊悚片。主角是Ben Larson（Sean Teale饰演），是个年轻的行政人员，在外人眼中是个明日之星，但他实际向上爬的原因是为了拯救心爱的妻子Laura（Georgina Haig饰），她是Ben上司的女儿。二人住在被称为绿色区的安全地方\nEddie Ramos饰演Theo，住在危险的红色区，与Ben过去有所关连。\nDennis Haysbert （《24小时》）、David Hewlett（《星际之门亚特兰蒂斯 Stargate Atlantis》）、Ian Tracey （《黑松镇Wayward Pine》s）三人早前已加盟。Dennis Haysbert出演一个固定角色Ian Traceyof Julian，是SPIGA总部负责安全的人同时可能也是SPIGA总部最可怕的人。Julian具备一些侦探及法律的技能，同时是一个对调查很执着且具 有一种不可思议的能够看出“公司”叛徒的人。\nHewlett出演Chad，剧中无所不能的公司SPIGA的高管，通过满足上司的要求和把下属的成绩占为己用所获得的信誉取得自己在公司的位子。\nTracey出演Terrence，一个腐败的商人，但是很快成为Theo（Eddie Ramos）的恩人，但也可能成为主角Ben在SPIGA计划的威','7.6',1,'全面骇入(台)',NULL,'https://movie.douban.com/subject/26361647/',NULL),
(26363228,'最后一个男人 第二季','https://img1.doubanio.com/view/movie_poster_cover/lpst/public/p2260730469.jpg','The Last Man On Earth',2015,18,'FOX#续订#了季中新喜剧#最后一个男人#第二季。','7.0',1,'地球最后一人',2,'https://movie.douban.com/subject/26363228/',3),
(26366493,'副总统 第五季','https://img3.doubanio.com/view/movie_poster_cover/lpst/public/p2326905794.jpg','Veep',2016,10,'HBO续订《副总统》续订第五季。','9.4',1,'二当家',5,'https://movie.douban.com/subject/26366493/',6),
(26368466,'女子监狱 第四季','https://img3.doubanio.com/view/movie_poster_cover/lpst/public/p2355049950.jpg','Orange Is the New Black',2016,13,'Netflix宣布续订《女子监狱》第四季。','9.1',1,'铁窗红颜',4,'https://movie.douban.com/subject/26368466/',7),
(26373110,'超胆侠 第二季','https://img3.doubanio.com/view/movie_poster_cover/lpst/public/p2325665994.jpg','Daredevil',2016,13,'漫威超级英雄电视剧《超胆侠》近日续订第二季，将继续在Netflix平台上播出。','8.6',1,'夜魔侠',2,'https://movie.douban.com/subject/26373110/',3),
(26382778,'辛普森一家 第二十七季','https://img3.doubanio.com/view/movie_poster_cover/lpst/public/p2280651196.jpg','The Simpsons',2015,22,'FOX一口气续订了《辛普森一家》第27季和第28季。','9.2',1,NULL,27,'https://movie.douban.com/subject/26382778/',28),
(26383162,'无为大师 第一季','https://img3.doubanio.com/view/movie_poster_cover/lpst/public/p2276966396.jpg','Master of None',2015,10,'根据Aziz Ansari单元演员生活经历改编。纽约一名年届三十的演员Dev，连自己下一顿要吃什么都无法决定，更不用说接下来的人生路要如何抉择。故事将会探讨多样话题，从老年人困境到移民经历到如何寻找晚餐最好吃的意面。','8.2',1,NULL,1,'https://movie.douban.com/subject/26383162/',2),
(26384174,'我是僵尸 第二季','https://img1.doubanio.com/view/movie_poster_cover/lpst/public/p2265448238.jpg','iZombie',2015,19,'CW续订了《我是僵尸》第二季，让其成为该电视台本季第九部拿到预订的剧集。','7.6',1,'我是丧尸',2,'https://movie.douban.com/subject/26384174/',3),
(26384757,'游侠笑传 第二季','https://img3.doubanio.com/view/movie_poster_cover/lpst/public/p2289674442.jpg','Galavant',2016,10,'ABC正式宣布续订《游侠笑传》第二季。','8.8',1,'游侠',2,'https://movie.douban.com/subject/26384757/',2),
(26384761,'童话镇 第五季','https://img3.doubanio.com/view/movie_poster_cover/lpst/public/p2271536641.jpg','Once Upon a Time',2015,23,'ABC正式宣布续订《童话镇》第五季。','7.6',1,'童话归来',5,'https://movie.douban.com/subject/26384761/',6),
(26384765,'美国重案 第二季','https://img1.doubanio.com/view/movie_poster_cover/lpst/public/p2308660709.jpg','American Crime',2016,10,'本季将讲述一个全新的故事，一名男高中生在派对上被几名贵族学校的男生“强暴”，并被拍下照片后上传到网络，随后男孩的母亲将贵族高中的两名男学生告上法庭，引发一场震惊全国的案件！','8.8',1,'罪恶的美国',2,'https://movie.douban.com/subject/26384765/',3),
(26384767,'灵书妙探 第八季','https://img3.doubanio.com/view/movie_poster_cover/lpst/public/p2262385291.jpg','Castle',2015,22,'ABC正式宣布续订《灵书妙探》第八季。','8.1',1,NULL,8,'https://movie.douban.com/subject/26384767/',8),
(26384781,'丑闻 第五季','https://img3.doubanio.com/view/movie_poster_cover/lpst/public/p2267561065.jpg','Scandal',2015,21,'ABC正式宣布续订《丑闻》第五季。','7.1',1,'丑闻风暴',5,'https://movie.douban.com/subject/26384781/',7),
(26384783,'特工卡特 第二季','https://img3.doubanio.com/view/movie_poster_cover/lpst/public/p2270006481.jpg','Agent Carter',2016,10,'《特工卡特》（Marvel’s Agent Carter）第二季转战好莱坞拍摄，演员阵容扩大。Dominic Cooper和Bridget Regan确定回归。Marvel TV今天在纽约漫展上宣布，来自《新闻编辑室》（Newsroom）的Wynn Everett, 以及Lotte Verbeek(The Fault In Our Stars), Currie Graham (Pompeii) 和Reggie Austin(《蛇蝎女佣》Devious Maids)已作为常规加入第二季。\nEverett将饰演漫画原著中的角色Whitney Frost, 一个好莱坞的女演员及发明家。在漫画中，Whitney首次出现是在1968年的《Tales Of Suspense》第98期中，比《钢铁侠》第17期中出现的Madame Masque早。Verbeek饰演Ana Jarvis, Edwin Jarvis的随性的妻子，很快与Peggy成为好朋友并帮她适应洛杉矶的生活。Graham饰演Whitney的丈夫Calvin Chadwick, 一个很有权势的商人。Austin饰演Jason Wilkes, 一个古怪却很有魅力的科学家，立刻吸引了Peggy的注意。','8.1',1,'卡特探员',2,'https://movie.douban.com/subject/26384783/',2),
(26384948,'隔离死城','https://img3.doubanio.com/view/movie_poster_cover/lpst/public/p2367824136.jpg','Containment',2016,13,'当一种致命对传染病在亚特兰大爆发时，很快大范围的城区被隔离，隔离区里的人只能靠自己活下去。其中一对相爱的人被戏剧性的分开，由此反应隔离区里的社会百态，人性的变化和伪英雄的出现。该剧改篇自比利时原创剧，Carl Joos创作。','7.1',1,'无处逃生',NULL,'https://movie.douban.com/subject/26384948/',NULL),
(26385088,'罪恶之家','https://img3.doubanio.com/view/movie_poster_cover/lpst/public/p2306475856.jpg','The Family',2016,12,'克莱尔（琼·艾伦 Joan Allen 饰）的小儿子亚当（连姆·詹姆斯 Liam James 饰）在她参加市议会议员之际不幸失踪，下落不明，这一意外让克莱尔一家人陷入了痛苦之中。很快，警方便将嫌疑人的目标锁定在了克莱尔的邻居汉克（安德鲁·麦卡锡 Andrew McCarthy 饰）身上，他们认为亚当已经死亡，而汉克被控谋杀，身陷囹圄。\n一晃眼十年过去，正当曾经的伤痛渐渐平复之时，一位陌生的少年来到了克莱尔家，他自称亚当，而DNA显示，他的确就是克莱尔家那个失踪的孩子。亚当回来了，在监狱里待了十年的汉克被无罪释放，正当众人都松了一口气之时，亚当的哥哥丹尼（扎克·吉尔福德 Zach Gilford 饰）却开始怀疑，这个行迹诡异的男孩，可能根本就不是自己的弟弟。©豆瓣','7.7',1,'罪恶家族',NULL,'https://movie.douban.com/subject/26385088/',NULL),
(26385606,'犯罪心理：穿越国界 第一季','https://img3.doubanio.com/view/movie_poster_cover/lpst/public/p2316840646.jpg','Criminal Minds: Beyond Borders',2016,13,'《犯罪心理：穿越国界 Criminal Minds: Beyond Borders》为《犯罪心理》的衍生剧，主要围绕FBI探员如何帮助国外居住的美国公民解决问题而展开。Gary Sinise：饰演Jack Garrett，在FBI待了20年，刚刚被指派负责这个部门。Tyler James Williams：饰演队中的技术分析员Monty，是个讨喜而又聪明的角色，平常在家工作，他对陷入困境的家庭以事无巨细的方式处理，协助队伍找到被遗留的线索，以及找到远在海外的真凶。Daniel Henney：Matt Simmons，不仅是一位在国外长大的军人还是一个居家好男人，喜欢探索和融入不同的文化，最重要的是他的侧写能力对整个团队致为关键。','6.0',1,'犯罪心理：超越边界',1,'https://movie.douban.com/subject/26385606/',2),
(26386657,'网络犯罪调查 第二季','https://img3.doubanio.com/view/movie_poster_cover/lpst/public/p2271413293.jpg','CSI: Cyber',2015,18,'CBS正式续订剧集《犯罪现场调查：网络》。','7.4',1,'犯罪现场调查：网络',2,'https://movie.douban.com/subject/26386657/',2),
(26386725,'生死狙击 第一季','https://img1.doubanio.com/view/movie_poster_cover/lpst/public/p2392769129.jpg','Shooter',2016,10,'USA的《生死狙击 Shooter》由Mark Wahlberg当执行制片﹑John Hlavin编剧，电视台早前正式预订。该剧确定在美国时间7月19日首播。\nRyan Phillippe（《秘密与谎言 Secrets and Lies》）饰演前海军陆战队狙击手Bob Lee Swagger，他被召参与秘密任务，但途中却被误会是刺杀总统的凶手。\nCynthia Addai-Robinson饰演女主演FBI探员Nadine Memphis，是个充满野心﹑有强大直觉的年轻FBI探员，在局中是个新星，不过她的性格也在过去惹上麻烦。原本调查主角的案件是她升职的高速通道，但 她发现背后实际有被隐藏的阴谋，而因为和主角试图拆破该阴谋，她因而被追杀并逼不得已下与主角组成同盟。该角色原本由Emily Rios饰演。\nOmar Epps饰演Isaac Johnson，是前海军陆战队，亦是Bob Lee Swagger的前指挥官。现在是个美国特勤局特工，他征召主角参与秘密任务，却引致主角被追杀。Eddie McClintock饰演Jack Payne。\nDavid Marciano将饰演高级联邦调查局特工John Renlow，Nadine Memphis（Rios饰）的搭档，经过了一生仕途，他特别希望退休。早前演出《闪电侠 The Flash》的Shantel VanSanten饰演主角的妻子Julie Swagger，是个坚强的女子，在丈夫出征时，为女儿提供稳定生活。当辛苦工作的她等到主角回家后，却发现美好的梦想被立即打破。\nTom Sizemore饰演循环角色高级CIA特工Hugh Meachum，愿意为自己国家保持国际地位而干任何事。\n该剧在2007年Wahlberg主演的派拉蒙同名电影的基础上，由《黑夜传说4：觉醒》的编剧 John Hlavin改编。原著Stephen Hunter的小说《Point Of Impact》是关于Bob Lee Swagger (Phillippe饰演), 一名海军退役狙击手，被骗去参加所谓阻止刺杀总统的行动。','7.2',1,NULL,1,'https://movie.douban.com/subject/26386725/',2),
(26387804,'傲骨贤妻 第七季','https://img1.doubanio.com/view/movie_poster_cover/lpst/public/p2306502039.jpg','The Good Wife',2015,22,'The Good Wife returns this fall, Sundays at 9 p.m. on CBS.\n<好媳妇>将在今秋于CBS回归，有传言这将是最后一季。虽然后期在剧情上洒满了狗血，并且我们熟悉的小伙伴都逐一离开了，但这依旧是一部伟大的剧情。尽管在收视率来看，它从来不算是一个大热门剧集，但备受评论家和艾美奖待见。希望好聚好散，在第七季能看到枯木逢春。','9.2',1,'“法”妻(港)',7,'https://movie.douban.com/subject/26387804/',7),
(26387813,'疑犯追踪 第五季','https://img1.doubanio.com/view/movie_poster_cover/lpst/public/p2340869957.jpg','Person of Interest',2016,13,'CBS续订疑犯追踪 第五季。本季只有13集，很可能为最终季。并且将移到冬歇季播出。','9.3',1,'嫌疑人',5,'https://movie.douban.com/subject/26387813/',5),
(26389455,'血族 第三季','https://img3.doubanio.com/view/movie_poster_cover/lpst/public/p2371506720.jpg','The Strain',2016,10,'《血族》是改编自吉尔莫·德尔·托罗和ChuckHogan联合出版的同名小说，由吉尔莫·德尔·托罗执导，寇瑞·斯托尔、大卫·布莱德利、米亚·梅塞德罗、西恩·奥斯汀、凯文·杜兰。卡尔顿·库思等主演的吸血鬼题材电视剧。\n该剧讲述了一架与地面失去通讯联络且没有任何生命迹象的波音777客机降落在肯尼迪国际机场，美国疾病控制与预防中心生化威胁调查专家奉命赶到现场调查，他发现了一种新型寄生虫，当局解除隔离，一场吸血鬼大灾难即将到来。该剧第一季于2014年7月13日在美国FX电视台播出。\n《血族》第三季的战场将会设置在纽约，被联邦政府放弃的纽约市民将如何自救生存?吸血鬼和人类究竟谁将赢得这场战役?与此同时，“始祖”所制造的不可阻挡的转化也在逐渐走向成功。','7.1',1,'血变 第三季(港)',3,'https://movie.douban.com/subject/26389455/',4),
(26413080,'同妻俱乐部 第二季','https://img3.doubanio.com/view/movie_poster_cover/lpst/public/p2360024016.jpg','Grace and Frankie',2016,13,'《同妻俱乐部》已获Netflix预订第二季。','8.8',1,'格蕾丝与弗兰基',2,'https://movie.douban.com/subject/26413080/',4),
(26416957,'越狱 第五季','https://img1.doubanio.com/view/movie_poster_cover/lpst/public/p2444271068.jpg','Prison Break: Sequel',2017,9,'《越狱 Prison Break》这部9集的迷你剧是原剧剧终后几年的故事，FOX并指他们会有合理的解释为何主角没有死，而且除了主角两兄弟外，一些要角也会回归。目前有指本季设定是Fernando﹑C-Note﹑Lincoln及Sara去也门拯救假死，进了牢狱的Michael。\n在《殖民地 Colony》演出Sarah Wayne Callies继续饰演Sara Tancredi﹑Amaury Nolasco﹑Robert Knepper及Rockmond Dunbar也确定回归饰演Fernando﹑T-Bag及C-Note。饰演Paul Kellerman的Paul Adelstein也宣布回归。\n《克朗代克 Klondike》的Augustus Prew﹑《马可波罗 Marco Polo》的Rick Yune及《屠魔战士 I, Frankenstein》的Steve Mouzakis已加盟，Augustus Prew饰演Whip，一个风趣﹑但十分疯狂的人，个性异常激进。Rick Yune饰演Ja，一个韩国身份窃贼，从他披头散发的外貌看不出是个天才。Steve Mouzakis则饰演Van Gogh，一个很强，但性格疯癫的人。\n《欲海医心 Royal Pains》主演Mark Feuerstein饰演Scott Ness，是Sara Tancredi医生（Sarah Wayne Callies饰演）的新任丈夫。Amin El Gamal加盟饰演一个重要循环角色Cyclops。\nInbar Lavi﹑Marina Benedict 及Kunal Sharma皆以循环角色身份宣布加盟。在《末日孤舰 The Last Ship》演出的Inbar Lavi饰演Sheba，一个美艳聪明的经营商/解决麻烦者/活跃分子，与Lincoln有关系。\n《骨肉之躯 Flesh and Bone》的Marina Benedict饰演A&W，一个疯狂的女反派，为了完成自己临死前希望达到的目标，因而不顾自己的身体健康。《Miss India America》的Kunal Sharma饰演Sid，一个具艺术气息﹑性格古怪，身陷牢狱的人。他的罪行被指是犯了同性恋罪。（在也门，同性恋会被处以死刑。）','9.1',1,'越狱重启剧',5,'https://movie.douban.com/subject/26416957/',5),
(26417192,'亚特兰大 第一季','https://img3.doubanio.com/view/movie_poster_cover/lpst/public/p2367159695.jpg','Atlanta',2016,10,'《亚特兰大》讲述一对表兄弟在亚特兰大这南方说唱之地，为了自己及家人能过更好的生活而打拼。Donald Glover饰演的是年轻的经理人Earn Marks，想让自己表兄弟Alfred Marks的事业能一飞冲天﹑Brian Tyree Henry则饰演Alfred Marks，是个新晋说唱歌手，在试图理解现实及街头下的分别。Lakeith Lee Stanfield及Zazie Beetz在这剧演出。','8.7',1,NULL,1,'https://movie.douban.com/subject/26417192/',2),
(26419345,'探险活宝 第七季','https://img1.doubanio.com/view/movie_poster_cover/lpst/public/p2417937099.jpg','Adventure Time with Finn and Jake',2015,39,'','9.7',1,'探险时光',7,'https://movie.douban.com/subject/26419345/',9),
(26421342,'少年嘻哈梦','https://img3.doubanio.com/view/movie_poster_cover/lpst/public/p2373283526.jpg','The Get Down',2016,11,'威尔·史密斯之子贾登·史密斯加盟音乐剧集《The Get Down》。剧情讲述一群生活在纽约市南布朗克斯郡青少年，关于街舞和街头文化的故事，小史密斯将饰演马库斯·吉卜林，一名才华横溢的涂鸦画家。这部剧集由巴兹·鲁曼执导，索尼影视和Netflix联合制片，预计明年亮相Netflix。','9.3',1,'布朗克斯：街头少年音乐梦(台)',NULL,'https://movie.douban.com/subject/26421342/',NULL),
(26426055,'低俗怪谈 第三季','https://img3.doubanio.com/view/movie_poster_cover/lpst/public/p2322134600.jpg','Penny Dreadful',2016,9,'《低俗怪谈》获第3季续订，2016年开播，长度为9集。','8.4',1,'英国恐怖故事',3,'https://movie.douban.com/subject/26426055/',3),
(26426150,'贝茨旅馆 第五季','https://img1.doubanio.com/view/movie_poster_cover/lpst/public/p2431515898.jpg','Bates Motel',2017,10,'《贝茨旅馆》(Bates Motel)获得第4、5季预订，共20集，第5季2017年开播。','9.0',1,'惊魂序曲',5,'https://movie.douban.com/subject/26426150/',5),
(26427152,'王冠 第一季','https://img3.doubanio.com/view/movie_poster_cover/lpst/public/p2384662883.jpg','The Crown',2016,10,'马特·史密斯和约翰·利斯高加盟Netflix剧集《王冠》(The Crown，暂译)，二人分别饰演菲利普亲王和丘吉尔。剧集剧本由《女王》编剧彼得·摩根创作，首播集由《时时刻刻》导演史蒂芬·戴德利执导，讲述伊丽莎白二世与丘吉尔在二战后，重塑英伦的故事。之前确定由克莱尔·福伊出演伊丽莎白二世。','9.2',1,'王权',1,'https://movie.douban.com/subject/26427152/',2),
(26431328,'黑客军团 第二季','https://img3.doubanio.com/view/movie_poster_cover/lpst/public/p2368165385.jpg','Mr. Robot',2016,12,'USA新剧《黑客军团》提前在网络放出首播集并且大受好评，使得该剧在正式播出之前提前获得了第二季的续订。','8.1',1,'骇客军团',2,'https://movie.douban.com/subject/26431328/',3),
(26432699,'透明家庭 第三季','https://img1.doubanio.com/view/movie_poster_cover/lpst/public/p2372313768.jpg','Transparent',2016,10,'《透明家庭》获得了亚马逊第三季的预定。','8.9',1,NULL,3,'https://movie.douban.com/subject/26432699/',4),
(26436601,'金装律师 第六季','https://img3.doubanio.com/view/movie_poster_cover/lpst/public/p2366605974.jpg','Suits',2016,16,'《金装律师》(Suits)获第6季续订，这一季将有16集，该剧第5季才刚刚回归。USA总裁Chris McCumber称，对《金装律师》的剧集质量和人气都十分满意。','7.7',1,'诉讼双雄',6,'https://movie.douban.com/subject/26436601/',7),
(26436652,'律界巨人 第一季','https://img3.doubanio.com/view/movie_poster_cover/lpst/public/p2379977071.jpg','Goliath',2016,8,'David E. Kelley作为执行制片的Amazon剧《律界巨人 Goliath》（前名《Trial》），\n该剧为律政剧，由Kelley和他的制片人Jonathan Shapiro共同编剧。讲述了一个曾经很强大的律师Billy McBride（Billy Bob Thornton饰），由于一无辜的孩子被害的案子迷失了自己，心里内疚开始酗酒，也因此丢了老婆和工作（律所的合作人伙伴把他赶了出去）。现在Bill重拾斗志和信心工作，因一案件得和自己老东家对上。\nNina Arianda饰演Patty Solis-Papagian，一个口齿伶俐、纵横律政界多年的律师﹑Tania Raymonde将饰演Billy的老友Brittany Gold，他是一个法务秘书，同时也在晚上兼职警卫的工作。Maria Bello将扮演Bill的前妻Julie McBride，同样是一个聪明而且很成功的律师。\nDwight Yoakam饰演Wendell Corey，是一间航天公司的领导人，由Cooperman McBride, Borns Tech这间具实力的律师事务所为其辩护。Harold Perrineau则饰演法官Roston Keller。','7.7',1,'律政巨人',1,'https://movie.douban.com/subject/26436652/',1),
(26503435,'球手们 第二季','https://img3.doubanio.com/view/movie_poster_cover/lpst/public/p2359311912.jpg','Ballers',2016,10,'新季中，转行做财务经理的退役橄榄球星史宾塞·斯特拉斯莫的处境更复杂、竞争更激烈。职业与个人间的界限在他追求扬名立万的过程中渐趋模糊。在与现任头号业务经理正面对决的过程中，史宾塞还必须面对往日困扰。\n同时，史宾塞的密友与客户们也在努力寻找自己的位置。作为无合约职业球员的里奇放下身段寻求机会，也在此过程中开始了解曾撇下他的父亲；查尔斯试着在新生儿和赛场前途间寻找平衡；弗农则忙于应付自己场下生活带来的一系列问题。\n回来帮助史宾塞周旋于赚钱和难搞客户之间的是他无厘头的业务伙伴乔、冷静的经纪人杰森和女友兼体育解说员特蕾西。在一个要么爆红要么滚蛋的行当里，史宾塞和他的团队将会学到想要得到一切，也就意味着得时刻准备为了更多美元、合约和尊重去斗争。\n回归的其他常驻演员还有Rob Corddry，John David Washington，Omar Benson Miller，Donovan Carter，Troy Garity，Jazmyn Simon，London Brown，Arielle Kebbel，Dulé Hill 和 Richard Schiff。安迪·加西亚作为新鲜血液加盟。\n《球手们》由史蒂芬·莱文森创作，并与Mark Wahlberg, “岩石”强森，Dany Garcia，Peter Berg， Evan Reilly，Rob Weiss，Julian Farino和 Denis Biggs一道担任执行制作人。','8.1',1,NULL,2,'https://movie.douban.com/subject/26503435/',3),
(26580926,'福是全家福的福 第一季','https://img3.doubanio.com/view/movie_poster_cover/lpst/public/p2285018265.jpg','F Is for Family',2015,6,'A lower middle class family living in the 1970s. Based on comedian Bill Burr\'s childhood.','8.2',1,NULL,1,'https://movie.douban.com/subject/26580926/',2),
(26581673,'马男波杰克 第三季','https://img3.doubanio.com/view/movie_poster_cover/lpst/public/p2366032565.jpg','BoJack Horseman',2016,12,'本剧的世界设定是普通人类和拟人化的动物共同生活在一起，除了外形，这些动物跟人类没什么不同。因饰演电影《一代骄马》，曾经的过气明星马男波杰克（威尔·阿奈特 Will Arnett 配音）重新回到大众视野，还有望角逐今年奥斯卡最佳男主角。在经纪人卡罗琳公主（艾米·塞德丽丝 Amy Sedaris 配音）和朋友戴安（爱丽森·布里 Alison Brie 配音）的帮助下，加上聘请了新的代理人，波杰克到处宣传电影，全力冲刺奥斯卡。过去浑浑噩噩的颓废生活，以及现在受人追捧令人瞩目的明星生活，形成鲜明对比。但是这一切，似乎并没有填补波杰克内心的空虚。©豆瓣','9.5',1,NULL,3,'https://movie.douban.com/subject/26581673/',4),
(26583813,'拽妹黛薇儿 第五季','https://img1.doubanio.com/view/movie_poster_cover/lpst/public/p2260228759.jpg','Daria',2001,13,'『Daria，跩妹黛薇兒』是繼1993年『Beavis & Butt-head癟四與大頭蛋』之後MTV力捧的另一部以年輕女孩為主角的卡通動畫影集，1997年3月於美國MTV全球首播，不到一年時間Daria聲名大噪，成為全紐約最跩的女高中生。\nDaria這位聰明伶俐的年輕女孩，具有相當獨特的人格特質，有趣、善反諷的幽默哲學，她的機智反應總是讓人出乎意料，出言不遜的勇氣亦讓人佩服，她是正義使者的化身，更是同學們心中的女英雄。\n之後Daria的霸氣更遠播至歐洲各國，今年的盛夏，亞洲區的觀眾朋友終於有機會能ㄧ賭她的風采，『Daria跩妹黛薇兒』即將於台灣、香港、新加坡等亞洲區的MTV音樂電視頻道同步嗆聲登場。','9.6',1,NULL,5,'https://movie.douban.com/subject/26583813/',5),
(26584103,'真实的人类 第二季','https://img3.doubanio.com/view/movie_poster_cover/lpst/public/p2394035624.jpg','Humans',2016,8,'由出品四届艾美奖最佳影集【广告狂人】、两届艾美奖最佳影集【绝命毒师】、艾美奖四项提名作品【谋杀】和金球奖最佳影集提名及美国最高收视电视作品【行尸走肉】的金奖电视网AMC，与出品BAFTA英国电影和电视艺术学院奖最佳电视影集【乌托邦】、 【小镇疑云】的英国电视4台，跨越国界，双剑合璧，携手联合制作的八集电视影集《真实的人类》将于六月廿八日晚上九时在美国首映。这出全新科幻影集改编自备受评论界激赞的瑞典获奖科幻影集《Real Humans》，并由英国编剧Sam Vincent 和Jonathan Brackley (【反恐谍报战】) 执笔重新创作剧本。该剧设定在机器人Synth被繁忙都市人广泛使用的世界，呈现人类与机器人的界限愈发模糊后，扣人心弦的矛盾冲突、心理冲击与道德拷问。','8.5',1,'人芯',2,'https://movie.douban.com/subject/26584103/',3),
(26584127,'黑帆 第四季','https://img1.doubanio.com/view/movie_poster_cover/lpst/public/p2394893769.jpg','Black Sails',2017,10,'Starz近日宣布旗下电视剧《黑帆》将会在第四季迎来剧终，第四季共有10集，2017年播出。《黑帆》是Starz第一部超过三季的电视剧，不过随着《权欲》获得了第四、五季的预定，这个曾将的记录已经被打破。','8.9',1,NULL,4,'https://movie.douban.com/subject/26584127/',4),
(26588239,'超感猎杀 第二季','https://img1.doubanio.com/view/movie_poster_cover/lpst/public/p2454857708.jpg','Sense8',2017,10,'《超感8人组》以来自世界不同地方的八位主角为中心，他们都曾目睹过残暴幻象，进而发觉彼此的心灵能够因此产生连结。这八人不但能够互相感应、看见彼此、相互交谈, 还可探知对方心底深处的秘密。他们不仅要适应这些全新能力, 试著与其他人相处，还要找出为何会惹来杀身之祸。第二季中，黑暗势力会继续追踪这八位通感者，主角们亦会进一步了解不断猎杀他们的秘密组织 BPO，其他盟友也会协助保护他们免于被该组织追杀。','9.4',1,'超感八人组',2,'https://movie.douban.com/subject/26588239/',2),
(26590060,'性爱大师 第四季','https://img3.doubanio.com/view/movie_poster_cover/lpst/public/p2371284280.jpg','Masters of Sex',2016,10,'','8.6',1,NULL,4,'https://movie.douban.com/subject/26590060/',4),
(26592226,'无能为力','https://img3.doubanio.com/view/movie_poster_cover/lpst/public/p2367627060.jpg','Powerless',2017,10,'NBC的DC喜剧《无能为力 Powerless》由Ben Queen开发，这部剧被形容为类似《办公室 The Office (US)》，但会加入DC的角色。原本该剧背景为一个在全美工作环境最恶劣的保险公司RetCon，因为他们身处的的是DC漫画宇宙，所以他们负责的是英雄及反派决战过后的烂摊子。\n不过近日该剧宣布修改一点设定，把主角的公司改为Bruce Wayne的Wayne Enterprises子公司 - Wayne Security，该公司开发产品以保护平凡大众，以免成为英雄及反派对决时的「附带损害」。\n在《油脂 Grease Live》演出的Vanessa Hudgens饰演Emily Locke，她刚于Wayne Security的研究开发部成为新任主管。充满信心﹑点子的她，发现她的期望远超过老板及同事，理解到不必有超能力才能当英雄的她，决定领导团体发挥出最大潜力。\nDanny Pudi扮演Teddy，是Emily值得信赖的知心伙伴，他喜欢弄点恶作剧，目的是为了让这个超平凡的办公室，多一点不平凡。Christina Kirk扮演Jackie，沉迷超级英雄，而且还在自己办公位置贴满肌肉发达型的英雄照，由于新来的上司超多无理要求，让她陷入新的工作生活形态。\nRon Funches饰演在I.T.部门﹑天真无邪的Ron，他不像其他同事，仍然充满对超级英雄有孩子般的热情；Alan Tudyk扮演上司Del，没什么特长，自称为到处游学镀金的壕废柴。性格扭曲，超迷恋灾难的独裁上司。','6.2',1,'我不是超人',NULL,'https://movie.douban.com/subject/26592226/',NULL),
(26592971,'瑞克和莫蒂 第三季','https://img3.doubanio.com/view/movie_poster_cover/lpst/public/p2453814101.jpg','Rick and Morty',2017,14,'Adult Swim频道续订旗下超高收视动画片《瑞克和莫蒂》（Rick and Morty）第三季.','9.8',1,'外公你这样做很容易失去我(豆友译名)',3,'https://movie.douban.com/subject/26592971/',3),
(26597902,'末日孤舰 第三季','https://img3.doubanio.com/view/movie_poster_cover/lpst/public/p2355437685.jpg','The Last Ship',2016,13,'TNT续订《末日孤舰 The Last Ship》13集的第3季，这部由Michael Bay作为执行制片人的剧集，收视在TNT中表现得很好，续订完全没有悬念可言。','6.9',1,'最后一艘船',3,'https://movie.douban.com/subject/26597902/',5),
(26604456,'毒枭 第二季','https://img3.doubanio.com/view/movie_poster_cover/lpst/public/p2377445046.jpg','Narcos',2016,10,'Netflix宣布续订刚刚播出的新剧《毒枭》第二季。','9.3',1,'缉毒特警',2,'https://movie.douban.com/subject/26604456/',4),
(26636273,'当我们崛起时','https://img3.doubanio.com/view/movie_poster_cover/lpst/public/p2433849525.jpg','When We Rise',2017,8,'美国公共电视网ABC于日前正式购得，讲述同志权益斗争的八小时迷你剧《当我们崛起》(When We Rise，暂译)。美国大导格斯·范·桑特将执导该剧两小时时长的首播集，《米尔克》编剧达斯汀·兰斯·布莱克则撰写本片剧本，这也是两人时隔8年后的再度合作。该剧目前已在紧锣密鼓地筹备中。','9.0',1,NULL,NULL,'https://movie.douban.com/subject/26636273/',NULL),
(26636559,'一善之差','https://img3.doubanio.com/view/movie_poster_cover/lpst/public/p2381142232.jpg','Good Behavior',2016,10,'莱蒂（米歇尔·道克瑞 Michelle Dockery 饰）吸毒、酗酒，将自己的生活糟践的一塌糊涂，不仅如此，她还生下了一个注定不会得到父爱的孩子，交由她的妈妈埃斯特尔（卢西亚·斯杜斯 Lusia Strus 饰）照顾。尽管成为了母亲，但莱蒂的作风依旧不改，并最终惹出了一大堆的麻烦将自己送入了班房。\n获得假释之后，莱蒂的假释官克里斯汀（特里·金尼 Terry Kinney 饰）帮莱蒂找到了一份服务员的工作，希望她能够改过自新，靠双手和劳动养活孩子，哪知道这根本就不是莱蒂的生活风格，很快，莱蒂就丢掉了工作，重新走上了犯罪的道路。一次偶然中，莱蒂意外得知了杀手贾维尔（胡安·迭戈·波托 Juan Diego Botto 饰）的暗杀计划，一善之差中，莱蒂希望能够阻止贾维尔的行动，却令自己被卷入了万劫不复的深渊里。©豆瓣','8.0',1,'善举',NULL,'https://movie.douban.com/subject/26636559/',NULL),
(26639161,'美国恐怖故事：洛亚诺克 第六季','https://img3.doubanio.com/view/movie_poster_cover/lpst/public/p2381073965.jpg','American Horror Story: Roanoke',2016,10,'《美国恐怖故事》第六季已于9月14日正式回归，这一季是本系列首次开播后才确定主题的一季，官网、官推及官方脸书在开播后才公布本季的标题为“American Horror Story: Roanoke”，洛亚诺克暗示着本季很可能与1590年发生的洛亚诺克居民神秘消失事件有关……','7.6',1,'美国怪谭',6,'https://movie.douban.com/subject/26639161/',9),
(26641716,'大群 第一季','https://img3.doubanio.com/view/movie_poster_cover/lpst/public/p2407004436.jpg','Legion',2017,8,'大卫·豪勒（DavidHaller），X教授的儿子，很小的时候就被诊断出患有人格分裂+精神分裂症，他一生大部分时间都是在精神病医院出出进进，凡夫俗子的医生却把这看作是病。但实际上他分裂的人格是他的超能力，他的每一重人格都拥有一种能力或特质，因而得名“大群”。\n“大群”出自《圣经》中《马可福音》第五章第9节中的一段故事，耶稣遇见了一个被“污鬼”附身的人，耶稣问那个污鬼叫什么名字，污鬼说我们叫“群”，因为我们数量很多。这里的“群”在原文中就是“Legion”。\n《大群》一剧将围绕大卫·豪勒这个角色展开，他一直在与自己的变异超能力抗争，直到遇到了梦中女孩Syd（RachelKeller饰），才决定坦然接受真实的自己。\n当David开始意识到自己的能力和周围人的能力，他发现自己正被一个暗中的政府机构追捕，想要把他培育成武器，同时也有一个慈善组织想要帮助他理解和使用这些能力。','8.1',1,'军团',1,'https://movie.douban.com/subject/26641716/',2),
(26654029,'鬼玩人 第二季','https://img3.doubanio.com/view/movie_poster_cover/lpst/public/p2376091106.jpg','Ash vs. Evil Dead',2016,10,'','8.7',1,'鬼玩人之阿什斗鬼',2,'https://movie.douban.com/subject/26654029/',3),
(26654033,'奔腾年代 第三季','https://img3.doubanio.com/view/movie_poster_cover/lpst/public/p2375797234.jpg','Halt and Catch Fire',2016,10,'故事背景为二十世纪八十年代初的美国硅谷，其时个人电脑正处于萌芽阶段，IBM公司刚刚推出旗下第一款主打产品并垄断市场。故事主人公为乔·麦克米伦（李·佩斯 饰），一个富有远见且极具野心和胆识的IBM前高官，离开老东家后他神秘失踪一年，现任职于“卡迪夫电子公司”。乔一心想要设计出革命性科技产品，与老东家抗衡，他召集了高登·科拉克（斯科特·麦克纳里 饰）——因产品失败而一蹶不振、得不到妻子支持的天才工程师，还有卡梅伦·霍威（麦肯兹·戴维斯 饰）——曾与乔发生过一夜情的科技奇才。乔运用强硬手段，迫使现任老板不得不加入这场野心勃勃、竞争激烈的科技革命洪流。','8.7',1,'电脑狂人',3,'https://movie.douban.com/subject/26654033/',4),
(26660067,'僵尸国度 第三季','https://img3.doubanio.com/view/movie_poster_cover/lpst/public/p2375882996.jpg','Z Nation',2016,14,'Syfy宣布续订旗下僵尸题材剧集《僵尸国度》第三季，并且依然给予了15集的高数量，2016年播出。','7.3',1,NULL,3,'https://movie.douban.com/subject/26660067/',3),
(26663628,'指定幸存者','https://img1.doubanio.com/view/movie_poster_cover/lpst/public/p2364970768.jpg','Designated Survivor',2016,22,'《24小时 24》 前主演Kiefer Sutherland先前确定加盟ABC的政治阴谋惊悚剧《指定幸存者 Designated Survivor》，出演美国总统，同时也讲担任本剧的执行制作人。《指定幸存者》讲述的是，美国内阁一名低权限职员Tom Kirkman（Kiefer Sutherland饰），突然在一次恐怖袭击后被成为了总统，因为在那次恐怖袭击中，在他以上所有拥有继承权的人都死了。（指定幸存者是在美国总统和国 家其他高级领导人聚集在同一处时故意安排的一名缺席内阁成员，此举是为了确保在总统、副总统、国会领袖及内阁成员全体丧生之后仍有人成为总统，继续带领美国。）\n《豪斯医生 House》主演Kal Penn饰演为主角Tom Kirkman写演讲稿的讲稿撰稿人Seth Wright﹑《追寻人生 Chasing Life》的Italia Ricci饰演十分正经的白宫幕僚长Emily。《跟踪者 Stalker》及《尼基塔 Nikita》的Maggie Q饰演Hannah Wells，是主导调查的国会大厦炸弹恐袭案的FBI探员﹑《加州靡情 Californication》的Natascha McElhone饰演Tom Kirkman的妻子，美国公平就业机会委员会的律师，一下子成了美国第一夫人。\nAdan Canto饰演十分进取的副幕僚长Aaron，希望获得总统的推拔。LaMonica Garrett饰演Ritter，主角Tom Kirkman手下的特勤局主任，在炸弹袭击后负责保护主角一家。Malik Yoba以重要循环角色的身份加盟，他目前将演出7集，是个经验丰富的FBI副局长。他是剧中角色Hannah Wells的导师﹑上司，兼且偶然当她的拳击练习对手。\nTanner Buchanan饰演Leo Kirkman﹑Tom与Alex的儿子。','8.0',1,NULL,NULL,'https://movie.douban.com/subject/26663628/',NULL),
(26671380,'冰血暴 第三季','https://img3.doubanio.com/view/movie_poster_cover/lpst/public/p2446094031.jpg','Fargo',2017,10,'第三季的时间线将回到2010年，第一季的几年后。伊万在剧中将饰演一对形象和性格大相径庭的兄弟，哥哥埃米特是明尼苏达州一个白手起家的房地产大亨，多金，英俊，拥有美满的家庭，他把自己的经历看做一段成功的美国励志故事。而弟弟雷则拥有截然不同的生活，秃顶，大腹便便，曾经高中的霸 王现在成了一名假释官，他把自己的不幸怪罪给哥哥。凯丽·库恩扮演的Gloria Burgle是伊甸谷（Eden Valley）警局局长，一位刚刚离婚的母亲。玛丽·伊丽莎白·文斯蒂德的角色名字叫Nikki Swango，是一个桥牌爱好者和刚刚获得假释的罪犯。','9.5',1,'雪花高离奇命案(港)',3,'https://movie.douban.com/subject/26671380/',3),
(26672659,'假面真情 第一季','https://img3.doubanio.com/view/movie_poster_cover/lpst/public/p2425715545.jpg','Imposters',2017,10,'该剧围绕一个叫麦迪(因巴尔·拉维饰)的女骗子展开，麦迪专门寻找猎物，骗色又骗钱；两个受害者携手要将麦迪绳之于法，一场猫捉老鼠的游戏拉开了帷幕。乌玛·瑟曼在剧中扮演幕后神秘大boss兰妮。本剧将于下月温哥华开机，2017年播出。','8.0',1,'我的骗子老婆',1,'https://movie.douban.com/subject/26672659/',2),
(26675245,'苍穹浩瀚 第二季','https://img1.doubanio.com/view/movie_poster_cover/lpst/public/p2417284689.jpg','The Expanse',2017,13,'该剧讲述了一个发生在200年后，一名年轻女性失踪之后发生的惊悚故事。乔·米勒被描述成一个厌世的角色，他在火星和木星之间的小行星带出生，长大后加入在小行星带维持秩序的安全公司，成了一名侦探。他主要在谷神星太空站工作，有时也会去其他地方执行任务。他总是很憔悴，追寻着连自己都叫不出名字的东西，觉得身边的一切事物都了无生趣。他是一个直觉敏锐的警察，只对工作很投入。如今，上级命令他调查一名女继承人的失踪案，这个案件的复杂程度让他感到自己的人生又有了新的意义。','9.3',1,'无垠的太空',2,'https://movie.douban.com/subject/26675245/',3),
(26677985,'我爱上的人是奇葩 第三季','https://img3.doubanio.com/view/movie_poster_cover/lpst/public/p2376901001.jpg','You\'re the Worst',2016,13,'在1场婚礼上，Jimmy（克里斯·吉尔 Chris Geere 饰）被扫地出门，狼狈之时，他碰到了一个漂亮的女孩Gretchen（阿雅·卡什 Aya Cash 饰）。但这绝不是传统意义上的浪漫相遇，Jimmy自私毒舌，Gretchen不羁浪荡，一个是卖不出书的过气作家， 为人刻薄，在前女友婚礼上捣乱报复；一个是治理着一支乐队的经纪人，小毛病坏习惯一堆，私生活一塌糊涂。他们都不认真对待男女关系，都不想开始长久的感情。然而，以为绝不会再爱上别人的Jimmy和Gretchen，在一夜情之后，两人关系朝着他们无法控制的局面发生変化。','8.8',1,'你最坏了',3,'https://movie.douban.com/subject/26677985/',4),
(26681978,'罪恶黑名单 第四季','https://img1.doubanio.com/view/movie_poster_cover/lpst/public/p2371562099.jpg','The Blacklist',2016,23,'《罪恶黑名单》的主创Jon Bokenkamp宣称NBC已经续订该剧第四季。','7.8',1,'黑名单',4,'https://movie.douban.com/subject/26681978/',4),
(26681980,'荒原 第二季','https://img3.doubanio.com/view/movie_poster_cover/lpst/public/p2422554164.jpg','Into the Badlands',2017,10,'','7.7',1,'荒芜之地',2,'https://movie.douban.com/subject/26681980/',3),
(26684328,'婚外情事 第三季','https://img1.doubanio.com/view/movie_poster_cover/lpst/public/p2388623308.jpg','The Affair',2016,10,'当第三季开始时，故事时间已经过去三年整，Noah一直在监狱里代替前妻Helen服刑。Helen试图让女儿Whitney相信Noah并非真的有罪，但Whitney根本不听。Noah三年刑满后获得自由，但他很快发现过去的阴影仍然存在，他的精神状态变得非常黑暗，重获新生谈何容易。与此同时，Alison一直无法忘记失去第一个孩子的痛苦，而且女儿Joanie的抚养权官司也一直没有定论。虽然Joanie是Cole的亲生骨肉，但Cole已经决定抛开往事，与Luisa组成新的家庭。Helen现在的事业很成功，但在荣誉光环之下，她其实比谁都糟糕。在家中，她和男友Vic的关系很不确定，和孩子们的关系很不稳定，而且她始终有强烈的负罪感。','8.3',1,NULL,3,'https://movie.douban.com/subject/26684328/',4),
(26684329,'国土安全 第六季','https://img3.doubanio.com/view/movie_poster_cover/lpst/public/p2401597674.jpg','Homeland',2017,12,'在德国转了一圈后，美剧《国土安全》第六季的故事将回到美国纽约，在近日举行的TCA冬季会议上，播出单位Showtime的负责人David Nevins透露了上述消息。','8.9',1,'国土',6,'https://movie.douban.com/subject/26684329/',8),
(26684331,'随性所欲 第二季','https://img3.doubanio.com/view/movie_poster_cover/lpst/public/p2355509255.jpg','Casual',2016,13,'在经历灾难性的约会和父母的意外婚礼之后，Alex、Valerie和Laura决心离开这个家重建自己的生活。但那谈何容易？尽管有新朋友、新生意伙伴、新男友和新女友，但那只能起到短暂的「分心」作用，这个功能紊乱的家庭仍然像吸铁石一样牢牢吸引着他们。\nDylan Gelula在第二季中扮演Laura的新学校里的学生Aubrey，非常自信，喜欢挖苦人。他的智力水平与Laura不相上下，而且有望成为Laura最亲密的朋友。Britt Robertson扮演Jordon（Vincent Kartheiser）的助理Fallon，聪明、愤世嫉俗、爱挖苦人、有自己的企图。这是她继《随缘》（Life Unexpected）之后再次与制片人、剧集创作人Liz Tigelaar合作。Kyle Bornheimer扮演多集角色Jack，Michaela第二季的主要爱情对象。他似乎对所有事情都有一套观点，他想干什么就干什么，想要什么就要什么。Britt Lower扮演多集角色Sarah Finn，是Alex的前女友。她有了一个新未婚夫……偏偏她重新进入了Alex的生活。Katie Aselton扮演多集角色Jennifer。她是一个新来的理疗专家，刚刚租下Valerie隔壁的空办公室。Jennifer沉着冷静，阅历丰富，有一群交往多年的老朋友。Jennifer已经成功完成了离婚之后的生活转变，Valerie很想成为她生活圈中的一部分。Julie Berman被提升为第二季的常规演员，她在第一季中扮演Valerie的助理Leia。','8.1',1,NULL,2,'https://movie.douban.com/subject/26684331/',3),
(26702166,'都市女孩 第六季','https://img3.doubanio.com/view/movie_poster_cover/lpst/public/p2413186042.jpg','Girls',2017,10,'HBO正式宣布续订《衰姐们》第六季最终季。','9.1',1,'女孩我最大',6,'https://movie.douban.com/subject/26702166/',6),
(26703458,'海豹六队 第一季','https://img1.doubanio.com/view/movie_poster_cover/lpst/public/p2405428438.jpg','Six',2017,8,'于美国时间1月18日首播的《海豹六队 Six》，这部被预订8集的剧由奥斯卡提名兼前越南老兵William Broyles，与他的儿子David Broyles所执笔，背景为美国海军海豹突击队第六分队，剧集讲述他们在14年成功击杀一个在阿富汗的塔利班领导人后，却发现有美国公民与恐怖份子合作。这剧是根据现实发生过的任务改篇，每季的地点皆不同，首季定于非洲。地点是根据非洲现实的学生绑架案得到灵感。《国土安全 Homeland》的导演Lesli Linka Glatter将会执导该剧头两集。\nBarry Sloane饰演John Graves，绰号Bear，海豹六队新任队长，希望能在家庭﹑部队﹑个人之间取得平衡。Kyle Schmid饰演机智﹑高效率，冷静的Alex Caulder，是个资深的海豹突击队成员，也是海豹六队的重要成员。即使出任务时有可能危及到他个人或家庭关系，但他仍然能把他们放在一边以专心于行动，就因为他对与自己出生入死的兄弟十分忠诚。\nJuan Pablo Raba饰演Ricky Ortiz，绰号Buddha，是海豹六队的老鸟。Edwin Hodge将饰演Robert Chase，是个受训中的海豹突击队员，目前被考虑代替Ricky Ortiz的位置。他能快速完成挑战，但会犯一些新手的错误。\n《盾牌 The Shield》及《火线警探 Justified》的主演Walton Goggins饰演Richard “Rip” Taggart，一个粗暴﹑憔悴﹑气势汹汹的军人，曾经是海豹六队的队长，他在任务中作出一个令人质疑的决定。在离职两年后，他在非洲工作，负责保护一个免被恐怖组织博科圣地（Boko Haram）侵袭的小村，并因此在面对他们袭击时被俘虏。海豹六队得摒弃自己的意见，拯救他们的前队长。此角色本来由Joe Manganiello饰演。\nNadine Velazquez饰演Jackie，是个坚强的军嫂，他的丈夫Ricky Ortiz正考虑在海豹六队退役，但被征召完成最后一个任务。Brianne Davis饰演Lena Graves，John Graves的妻子，是个辛勤工作的老师。Christopher Backus饰演Sean，是个在非洲拍摄当地情况的记者。Dominic Adams饰演本剧的反派Michael。\n另外Jaylen Moore饰演绰号Fishbait的Armin Khan、Donny Boaz饰演绰号Buck的Beauregard Buckley，以及Nondumiso Tembe饰演Na\'omi。','7.2',1,NULL,1,'https://movie.douban.com/subject/26703458/',2),
(26703949,'钱斯医生 第一季','https://img1.doubanio.com/view/movie_poster_cover/lpst/public/p2390970017.jpg','Chance',2016,10,'Hulu的《钱斯医生 Chance》由《豪斯医生 House》的明星Hugh Laurie主演。该剧由小说原作者Kem Nunn执笔，颁奖季热门电影之一的《房间 Room》导演Lenny Abrahamson掌镜。Hulu续订了两季，共20集。Hulu此举动也是为了打响平台 电视剧系列品牌迈出了重要的一步。\nNunn的《钱斯医生》是一部惊悚心理片，围绕着一名来自旧金山名叫Eldon Chance（Laurie饰演）的法医精神科专家而展开的故事。Eldon身处在一个充满着身份错乱，警察腐败以及众多精神病患者的城市。糟糕的是他做了一个错误的决定，和一位不确定是不是真的多重人格障碍的性感女病人产生了感情。这不仅惹怒了女病人性格火爆的警探前夫，害自己面临着离婚的危机，还使 得他和自己十几岁的女儿产生了严重的隔阂。更可怕的这还激发出了他内心深处最可怕最黑暗的一面。\n在《数字追凶 Numb3rs》及《火线救援 Rescue Me》演出过的Diane Farr饰演循环角色Christina，男主的前妻。经常处于恼怒的状态﹑对批评很敏感；她目前是个抱负的摄影师，有一个读写障碍的私人教练男朋友，她对自己的前夫充满怨恨。\nLisaGay Hamilton饰演心理学家Suzanne Silver，是与Eldon Chance在加利福尼亚大学旧金山分校授课时就认识的好友。是个女同志，性格直接﹑聪明﹑感觉敏锐，她对Chance，以及发生在他身边的怪事皆十分关心。\n《凯莉日记 The Carrie Diaries》的主演Stefania LaVie饰演Nicole，Chance的女儿，对父母离异心生不满，因此也容易受外界影响，甚至引起混乱。Greta Lee饰演主角Chance的助理Lucy，是个前画廊艺术家，目前望修心理学。\n《大西洋帝国 Boardwalk Empire》主演Gretchen Mol饰演Jaclyn Blackston，就是上文中所指的「女病人」。在《丑闻 Scandal》有演出的Paul Adelstein饰演Raymond Blackstone，上文所指的警探前夫。\n《愚人善事 My Name Is Earl》的Ethan Suplee饰演常规角色D，是个外表强悍﹑满身纹身﹑沈默寡言的人。可能是个前军人，曾驻守在阿富汗；他在剧中低调地干着古董修复的工作。《火线 The Wire》及《劫后余生 Treme》主演Clarke Peters加盟该剧，饰演Carl，是位同性恋者，有文化﹑谈吐得体﹑老派的古董商，十分理解市场，知道如何增加古董的价值……不管手段是否合法也好。\nNunn和《绝望的主妇 DesperateHousewives》的编剧Cunningham负责剧本编写和电视制作。同时《钱斯医生》这部小说刚问世就引来了很多人的关注，众多名导都想尝试拍摄此剧。','7.1',1,'机遇',1,'https://movie.douban.com/subject/26703949/',2),
(26704444,'纽约屁民 第一季','https://img1.doubanio.com/view/movie_poster_cover/lpst/public/p2311978417.jpg','Animals.',2016,10,'HBO将于北京时间2月6日开播全新动画喜剧#纽约屁民##Animals#！新剧借动物之名含沙射影地展现了纽约这座糟糕城市中屁民一代的生活，是一部披着动画外衣的讽刺喜剧！剧集2015年1月在圣丹斯电影节首映后获HBO两季续订，首季预计10集！','8.4',1,'纽约浮牲录',1,'https://movie.douban.com/subject/26704444/',2),
(26705560,'全能侦探社 第一季','https://img3.doubanio.com/view/movie_poster_cover/lpst/public/p2388110162.jpg','Dirk Gently',2016,8,'该剧改编自英国著名科幻小说家道格拉斯·亚当斯的同名系列小说。主角怪探德克，常常通过剖析事物之间基本的内在联系来破案。伊利亚·伍德饰演德克的助手托德。','8.4',1,'Dirk Gently\'s Holistic Detective Agency',1,'https://movie.douban.com/subject/26705560/',2),
(26707767,'无耻之徒(美版) 第七季','https://img1.doubanio.com/view/movie_poster_cover/lpst/public/p2377449669.jpg','Shameless',2016,12,'《无耻之徒》（Shameless）第七季。本季故事起始于「一个月之后」，Frank从昏迷中醒来后得知亲人背叛了他，于是向他们宣战。但是Fiona正忙于改善自己的生活，根本没时间关注Frank的威胁。尽管Fiona在第六季结尾遭到令人伤心的背叛，但她还是挺过来了。她是一个坚强的战士，没有什么能阻挡她追求新生活的努力——包括她的家人。\nGallagher家的金童Lip完成了康复治疗，带着对酗酒问题的新认识回来了，他对自己的前景表示悲观。与之相反，曾经精神很不稳定的Ian如今有了一份正式职业（急救员），还收获了令人满意的爱情。Debbie仍然不知道如何做一个好母亲，即将成年的Carl必须做出一些重大决定。Fiona决心自己要活出个人样来，但是Gallagher家的其他人在没有她这个主心骨的情况下是否会分崩离析？Alicia Coppola扮演严肃的蓝领女性Sue，和Ian一起工作。她担任一群急救员的监管人。Arden Myrin扮演无家可归的New Monica/Delores，与Frank发生了关系。Pasha Lychnikoff扮演Svetlana的父亲Yvan。Ruby Modine扮演「Pasty Pies」馅饼餐厅新来的女服务员Sierra，Fiona刚刚成为餐厅的经理。','9.5',1,'无耻家庭(美版)',7,'https://movie.douban.com/subject/26707767/',8),
(26709459,'24小时：遗产','https://img3.doubanio.com/view/movie_poster_cover/lpst/public/p2408741186.jpg','24: Legacy',2017,12,'FOX的《24小时》重启剧集《24小时：遗产》由Howard Gordon、Manny Coto及Evan Katz执行制片，Corey Hawkins饰演男主角Eric Carter， 新角色Eric Carter背景为一个军队英雄回到美国后，麻烦跟随他来到美国，因此令他找上CTU的协助，并且阻止可能是美国本土最大型的恐怖袭击。Eric Carter过去十分粗暴，不过后来加入了陆军游骑兵，在剧中回到弗吉尼亚州找妻子Nicole，但一回到本土就遇上麻烦。《24小时：遗产》缘用该剧的一集为「真实一小时」的制式。','6.8',1,'反恐24小时：余孽',NULL,'https://movie.douban.com/subject/26709459/',NULL),
(26711715,'目击证人','https://img3.doubanio.com/view/movie_poster_cover/lpst/public/p2388467093.jpg','Eyewitness',2016,10,'USA有线台先前直接预定了10集新剧《目击者 Eyewitness》。该剧是根据挪威的犯罪惊悚小说Øyevitne改编。改剧由《警魂 Shades of Blue》的创作人Adi Hasak打造，同时他也会是该剧的编剧和制片人。Catherine Hardwicke负责执导。\n《目击者Eyewitness》讲述的是两个无知的青少年兼情侣（其中一人由Tyler Young饰演）在丛林里目睹了一场枪击事件，且从枪击事件中死里逃生的故事。尽管他们一直死守着这个秘密以防犯罪分子找到他们，但却发现他们所看到的情景一直萦绕在他们的脑海里挥之不去。\nTyler Young饰演Philip O’Brien，是个感性的年轻男孩，见识过不少痛苦的事。他原本在平和的小镇里，准备与养母Helen重过新生活，而且他还爱上同校的男生Lukas，但目击到枪击事件改变了一切。\nJulianne Nicholson则饰演养母Helen Torrance，曾经在大城市中当凶杀案警探。她抛开自己那令人难受的工作，并成为小镇警长及贤淑的妻子；然而枪击事件重新揭开她过去的心灵创伤，而且同时她还面对一件同样艰难的任务：照顾领养的Philip。\n《得州崛起 Texas Rising》的James Paxton饰演Lukas Hallenbeck，他像个已获得一切的青少年，包校园括人气﹑炫酷的越野摩托车﹑全校最性感的女生等，但在这表面下，他一直被自己的性取向所困扰。当他遇上Philip后，他终于接受了自己的性取向，并跟他成为情侣，直至他们目击到枪击事件。\n《升天 Ascension》主演Gil Bellows饰演正派﹑正直的兽医Gabe，他对Helen那种带自毁倾向，因为领养﹑凶杀案而面临破碎婚姻的生活感到同情；另外Tattiawna Jones以循环角色身份加盟，饰演Kamilah，一个不轻言认错的FBI探员，发现自己因为案件而夹在工作及身陷麻烦的妹妹之间。\nMatt Murray加盟饰演循环角色，副警长Tony Michaels，他是警长Helen的左右手，能够良好管理他负责的警区。\n挪威的原版小说《目击者Eyewitness》在剧情上惊悚恐怖，不仅揭露了犯罪细节，还揭晓了目击者自身的秘密。挪威的原版剧集去年在NRK Drama播出过，Anneke von der Lippe凭借剧中的女警探角色赢得了International Emmy最佳女演员奖。','7.4',1,'目击者',NULL,'https://movie.douban.com/subject/26711715/',NULL),
(26717030,'亿万 第二季','https://img3.doubanio.com/view/movie_poster_cover/lpst/public/p2405823742.jpg','Billions',2017,12,'电视剧《亿万》讲述了纽约市政治与经济领域、关于金钱的一场较量。保罗·吉亚玛提与戴米恩·路易斯分别饰演美国司法部长查克·罗兹与亿万富翁鲍比·阿克塞尔罗德。对冲基金亿万富豪阿克塞尔罗德被怀疑存在欺诈交易行为，罗兹在政界的拥有野心与道德心的罗兹与阿克塞尔罗德之间形成了激烈的碰撞与摩擦。二人针尖对麦芒，一切问题始于金钱而却远不止亿万金钱这么简单，究竟谁是最终的赢家，还得在剧中揭晓。','9.3',1,'财富之战',2,'https://movie.douban.com/subject/26717030/',3),
(26717837,'创业公司 第一季','https://img3.doubanio.com/view/movie_poster_cover/lpst/public/p2369742252.jpg','StartUp',2016,10,'Sony的不靠谱网络台Crackle过去预订一部新剧《创业公司 Start Up》，首季为10集，这部每集一小时剧集讲述一个聪明﹑但备受争议的科技理念，被三个看似是高科技企业家的人，利用在不正确的方向上。剧集背景为形容在不受约束﹑机会主义的迈阿密里，看哪个人为了成功而更 不择手段。而Crackle宣布该剧会在美国时间9月6日播出。\nMartin Freeman饰演FBI探员Phil Rask，专长是金融犯罪。他与在精品投资银行工作，目光锐利﹑机智的金融家Nick Talman（Adam Brody饰演）有所交集，不过Phil Rask要面对的是Nick Talman的父亲。\nNick跟他富有﹑不负责任﹑落跑了的父亲关系诡异，他为了不被FBI抓到把柄，逼使儿子代为隐藏及增加自己的不义之财。他决定把钱投资在一个刚兴起的科技上，这科技是由一个不正统的技术高手Izzy Morales（Otmara Marrero饰）开发，可随时改变世界。\nEdi Gathegi饰演当成海地人黑帮的二把手Ronald Dacey﹑Jocelin Donahue饰演一个循环角色Maddie Pierce。\n本剧Tom Forman﹑Andrew Marcus﹑Ray Ricord﹑Gianni Nunnari及Shannon Gaulding为执行制片，Ben Ketai则身兼编剧﹑导演及执行制片。','8.1',1,NULL,1,'https://movie.douban.com/subject/26717837/',2),
(26719562,'百年酒馆','https://img3.doubanio.com/view/movie_poster_cover/lpst/public/p2354604482.jpg','Horace and Pete',2016,10,'这家酒吧叫Horace and Pete，开了一百年，这一个世纪由历代的Horace和Pete来经营。这家年迈的酒馆在光鲜的布鲁克林似乎已经过气了，现在的主人也如同这家疲倦的酒馆一样。Horace离过婚，没有固定女友，跟子女处理不好关系；Pete一辈子都在这家酒吧里，有精神疾病，一旦停药就会失控。还有他们的叔叔、姐姐、前妻、爷爷的前女友、不定期的床伴以及定期的老顾客，构成了属于这家酒馆的百年江湖。','9.3',1,'Horace & Pete',NULL,'https://movie.douban.com/subject/26719562/',NULL),
(26720288,'定罪','https://img1.doubanio.com/view/movie_poster_cover/lpst/public/p2380678438.jpg','Conviction',2016,13,'Mark Gordon在ABC新剧《黑白同行 Quantico》 有份当执行制片，而电视网预订了Mark Gordon负责的律政剧《定罪 Conviction》。Liz Friedman亦为《定罪》主创之一，并负责编剧，Liz Friedlander则执导首集；本剧讲述一名叫Hayes Morrison（《特工卡特 Marvel\'s Agent Carter》 的Hayley Atwell饰演）的女子，她是前总统的女儿，聪明但性格叛逆，被认为中看不中用。她被威胁下加入了洛杉矶一支法律团体（Conviction Integrity Unit），带领着一群律师﹑调查员及法医，在两星期内调查一件可能是错判了个无辜者有罪的案件。\n《犯罪现场调查：纽约 CSI: NY》 主演Eddie Cahill饰演十分有自信的男主角，纽约地方检察官Conner Wallace。十分英俊﹑聪明﹑有政治势力，他的政治前途就像他的笑容般灿烂，而他在政治上也十分有野心并且敏锐。CTU是他宣布创立的团队，并且指派了女主当领导；他们过去之间有过既充满感情，亦充满憎恨的历史。\n在《X战警 X-Men》系列中饰演冰人，及在Xbox One游戏内剧《量子破碎/量子裂痕 Quantum Break》中演出的Shawn Ashmore将饰演帅气的Sam，是个顶级的助理检察官，原定是由他成为剧中法律团体的领导人，所以不满女主的拦途截劫。尽管如此，他仍然会做好自己的份内事。\n前《行尸走肉 The Walking Dead》主演Emily Kinne饰演Tess Thompson，剧中法律团体的律师助理。先前她在「清白专案」（Innocence Project）工作，转到CIU是因为觉得在系统中能造成更大的影响。Manny Montana饰演Franklin Cruz，别名” Frankie”，负责法医学，拥有街头智慧但又对科学有孩子气般的兴奋。他是因为偷车坐牢两年间，一直在看一部法医学题节目而对此领域感兴趣。（《犯罪现场调查 CSI: Crime Scene Investigation》吗…… ）\nMerrin Dungey饰演Maxine，CTU的首席调查员，从警察世家出来的前纽约警探。她表现强硬，不爱废话，但她在新团体中发现自己辰研究前同事的案件，这会考验到她曾经对警察起誓过的忠诚。Daniel Franzese饰演Jackson Morrison，跟女主家中地位一样的兄弟，而且亦是姐姐的好友。思维敏捷的他，正在为自己母亲Harper的参议院竞选活动中处理各种复杂的政治活动。这角色设定经过改变，原本是由《东区女巫 Witches Of East End》的Daniel DiTomasso饰演。','6.9',1,NULL,NULL,'https://movie.douban.com/subject/26720288/',NULL),
(26724689,'衰女翻身 第一季','https://img3.doubanio.com/view/movie_poster_cover/lpst/public/p2404123480.jpg','The Mick',2017,17,'Kaitlin Olson是女主角，扮演Mackenzie “Mickey” Murphy，生活潦倒、说话粗鲁、烟不离手的女人。因为她那富得流油的姐姐为了逃避联邦起诉而逃离了美国，\n只好搬到康涅狄格州的格林威治，去照顾姐姐那些已宠坏的孩子。她很快知道一件众人皆知的事：别人家的就是熊孩子。\nSofia Black D’Elia 扮演Sabrina，Mickey照顾的孩子中年纪最大的。Thomas Barbusca扮演Chip，12岁的少年，非常自信，给人成熟的感觉，但是脸看上去十分欠揍。Jack Stanton扮演Ben，最小的孩子。\nCarla Jimenez 扮演 Alba，Micky姐姐家的管家，跟Micky十分要好。Susan Park饰演Liz。','7.5',1,'代理监护人',1,'https://movie.douban.com/subject/26724689/',2),
(26724845,'老爸有招 第一季','https://img3.doubanio.com/view/movie_poster_cover/lpst/public/p2388939243.jpg','Man with a Plan',2016,22,'Matt LeBlanc将出演CBS新喜剧#I’m Not Your Friend#，讲述Matt饰演的承包商在妻子重返职场后，他发现养育孩子要比想象中困难得多。','6.9',1,'家庭主夫',1,'https://movie.douban.com/subject/26724845/',2),
(26727278,'宕机异次元','https://img3.doubanio.com/view/movie_poster_cover/lpst/public/p2454186172.jpg','Dimension 404',2017,6,'这是一部幻想类剧集，而且是标准的诗选剧集，每集故事都是完全独立的，在某种程度上类似英国的《黑镜》（Black Mirror）。故事灵感来源于互联网上臭名昭著的「404」错误代码，主题为「一切怪事都可能在网上发生」。据称该剧混合了科幻、动作冒险、恐怖喜剧等多重流派的特点——当你深夜三点钟还在泡网时，你可能会遇到网络的黑暗面……看到一些无法用现实社会的观点来解释的古怪内容。例如：一段晦涩的卡通片可能包含着时间旅行的秘密，能量饮料可能引发世界末日，美国航天局的顶级分析师其实是个体型庞大的、无所不知的、有感知的「立方肉块」（而且名字叫做Bob）。','6.8',1,'404次元',NULL,'https://movie.douban.com/subject/26727278/',NULL),
(26727307,'先见之明 第一季','https://img3.doubanio.com/view/movie_poster_cover/lpst/public/p2411858291.jpg','The OA',2016,8,'一个女子神秘失踪7年，回来之后，却带回了不属于自身的记忆，可能是超自然现象。她表示自己并非失踪，而是一直都在。','6.9',1,'始祖',1,'https://movie.douban.com/subject/26727307/',2),
(26727322,'致命武器 第一季','https://img1.doubanio.com/view/movie_poster_cover/lpst/public/p2374310178.jpg','Lethal Weapon',2016,18,'日前，华纳兄弟宣布将启动新版《致命武器》拍摄计划，拟定“雷神”克里斯·海姆斯沃斯领衔主演，《速度与激情》系列导演林诣彬执导筒，剧本将聚焦于这位老警察（很可能是马丁·里格斯）的儿子愿望展开，他也希望成为一名警察。这样的情节设置，也许原版主演梅尔·吉布森和丹尼·格洛弗仍将在影片中出现，为年轻人配戏。','7.6',1,'轰天炮',1,'https://movie.douban.com/subject/26727322/',2),
(26734690,'妙女神探 第七季','https://img3.doubanio.com/view/movie_poster_cover/lpst/public/p2391956632.jpg','Rizzoli & Isles',2016,13,'身为重案组里唯一的女性成员，简（安吉·哈蒙 Angie Harmon 饰）可一点也不输给她那些精明强干的男同事们。对于简来说，没有什么比时时保持警惕更为重要的了，她的那股子劲头，仿佛是在和整个世界作战。','8.6',1,'妙女双姝',7,'https://movie.douban.com/subject/26734690/',7),
(26735801,'识骨寻踪 第十二季','https://img1.doubanio.com/view/movie_poster_cover/lpst/public/p2367158328.jpg','Bones',2017,12,'《识骨寻踪》主角David Boreanaz、Emily Deschanel在与剧组经过漫长的谈判后，终于签了新合约，FOX续订12集的第12季为最终季。','8.8',1,NULL,12,'https://movie.douban.com/subject/26735801/',12),
(26740384,'初来乍到 第三季','https://img3.doubanio.com/view/movie_poster_cover/lpst/public/p2386998695.jpg','Fresh Off the Boat',2016,22,'ABC已续订《初来乍到》第三季。','8.5',1,NULL,3,'https://movie.douban.com/subject/26740384/',3),
(26740388,'实习医生格蕾 第十三季','https://img3.doubanio.com/view/movie_poster_cover/lpst/public/p2371561280.jpg','Grey\'s Anatomy',2016,24,'ABC已续订《实习医生格蕾》第十三季。','8.7',1,NULL,13,'https://movie.douban.com/subject/26740388/',14),
(26740389,'逍遥法外 第三季','https://img1.doubanio.com/view/movie_poster_cover/lpst/public/p2372712877.jpg','How to Get Away with Murder',2016,15,'ABC已续订《逍遥法外》第三季。','8.3',1,'天才刑法班',3,'https://movie.douban.com/subject/26740389/',4),
(26740391,'神盾局特工 第四季','https://img3.doubanio.com/view/movie_poster_cover/lpst/public/p2439353342.jpg','Agents of S.H.I.E.L.D.',2016,22,'ABC已续订《神盾局特工》第四季。','8.2',1,NULL,4,'https://movie.douban.com/subject/26740391/',4),
(26740396,'摩登家庭 第八季','https://img1.doubanio.com/view/movie_poster_cover/lpst/public/p2376089099.jpg','Modern Family',2016,22,'ABC已续订《摩登家庭》第八季。','9.4',1,NULL,8,'https://movie.douban.com/subject/26740396/',8),
(26740675,'童话镇 第六季','https://img3.doubanio.com/view/movie_poster_cover/lpst/public/p2365734842.jpg','Once Upon a Time',2016,22,'ABC正式宣布续订《童话镇》第五季。','7.3',1,NULL,6,'https://movie.douban.com/subject/26740675/',7),
(26741536,'布拉德·尼利神经秀 第一季','https://img3.doubanio.com/view/movie_poster_cover/lpst/public/p2376283786.jpg','Brad Neely\'s Harg Nallin\' Sclopio Peepio',2016,10,'Brad Neely\'s Harg Nallin Sclopio Peepio is sketch-comedy show, it is made up of short films and routines, with songs composed by Neely. The show is set to premiere on Cartoon Network\'s late night programming block Adult Swim in 2016.','8.1',1,NULL,1,'https://movie.douban.com/subject/26741536/',NULL),
(26746532,'邪恶力量 第十二季','https://img3.doubanio.com/view/movie_poster_cover/lpst/public/p2384921273.jpg','Supernatural',2016,23,'CW已续订《邪恶力量》第十二季。','8.5',1,'凶鬼恶灵 第十二季',12,'https://movie.douban.com/subject/26746532/',13),
(26748847,'风骚律师 第三季','https://img3.doubanio.com/view/movie_poster_cover/lpst/public/p2442801582.jpg','Better Call Saul',2017,10,'AMC已续订《风骚律师》第三季。','9.8',1,'绝命律师',3,'https://movie.douban.com/subject/26748847/',3),
(26749102,'吸血鬼日记 第八季','https://img1.doubanio.com/view/movie_poster_cover/lpst/public/p2444776628.jpg','The Vampire Diaries',2016,16,'CW已续订《吸血鬼日记》第八季。','7.6',1,'吸血鬼日记：完结季',8,'https://movie.douban.com/subject/26749102/',8),
(26749114,'初代吸血鬼 第四季','https://img3.doubanio.com/view/movie_poster_cover/lpst/public/p2430539890.jpg','The Originals',2017,13,'CW已续订《初代吸血鬼》第四季。','8.6',1,'始祖家族',4,'https://movie.douban.com/subject/26749114/',4),
(26749151,'闪电侠 第三季','https://img1.doubanio.com/view/movie_poster_cover/lpst/public/p2399743887.jpg','The Flash',2016,23,'CW已续订《闪电侠》第三季。','6.9',1,NULL,3,'https://movie.douban.com/subject/26749151/',4),
(26749162,'绿箭侠 第五季','https://img3.doubanio.com/view/movie_poster_cover/lpst/public/p2382762291.jpg','Arrow',2016,24,'CW已续订《绿箭侠》第五季。','6.9',1,'绿箭',5,'https://movie.douban.com/subject/26749162/',6),
(26752161,'哥谭 第三季','https://img3.doubanio.com/view/movie_poster_cover/lpst/public/p2377449500.jpg','Gotham',2016,22,'','8.6',1,NULL,3,'https://movie.douban.com/subject/26752161/',3),
(26754624,'返生餐单 第一季','https://img3.doubanio.com/view/movie_poster_cover/lpst/public/p2414356363.jpg','Santa Clarita Diet',2017,10,'故事描述Joel（Timothy Olyphant）和Sheila（Drew Barrymore）这对夫妻都是房地产经纪人，但他们在洛杉矶圣克拉里塔郊区的生活实在不能令人满意……直到有一天，Sheila突然经历了一场巨变，导致他们的生活滑向死亡和毁灭的深渊。不用担心，这 不是坏事，反而对他们来说是个改善现状的好办法。','8.2',1,'小镇滋味(台)',1,'https://movie.douban.com/subject/26754624/',2),
(26757856,'神烦警探 第四季','https://img1.doubanio.com/view/movie_poster_cover/lpst/public/p2371561637.jpg','Brooklyn Nine-Nine',2016,23,'FOX宣布续订《神烦警察》第四季。','8.9',1,'这个警察有点烦',4,'https://movie.douban.com/subject/26757856/',5),
(26758722,'极品老妈 第四季','https://img1.doubanio.com/view/movie_poster_cover/lpst/public/p2381217667.jpg','Mom',2016,22,'CBS已续订《极品老妈》第四季。','9.0',1,'老妈',4,'https://movie.douban.com/subject/26758722/',5),
(26758757,'福尔摩斯：基本演绎法 第五季','https://img3.doubanio.com/view/movie_poster_cover/lpst/public/p2382097744.jpg','Elementary',2016,24,'CBS已续订《福尔摩斯：基本演绎法》第五季。','8.8',1,'基本演绎法',5,'https://movie.douban.com/subject/26758757/',5),
(26758767,'国务卿女士 第三季','https://img3.doubanio.com/view/movie_poster_cover/lpst/public/p2386671242.jpg','Madam Secretary',2016,22,'CBS已续订《国务卿女士》第三季。','7.4',1,'女国务卿',3,'https://movie.douban.com/subject/26758767/',4),
(26758798,'天蝎 第三季','https://img3.doubanio.com/view/movie_poster_cover/lpst/public/p2386426894.jpg','Scorpion',2016,25,'CBS已续订《天蝎》第三季。','7.3',1,'蝎子网',3,'https://movie.douban.com/subject/26758798/',4),
(26758799,'破产姐妹 第六季','https://img3.doubanio.com/view/movie_poster_cover/lpst/public/p2426595773.jpg','2 Broke Girls',2016,22,'CBS已续订《破产姐妹》第六季。','7.5',1,'打工姐妹花',6,'https://movie.douban.com/subject/26758799/',6),
(26766166,'格林 第六季','https://img1.doubanio.com/view/movie_poster_cover/lpst/public/p2367627257.jpg','Grimm',2017,13,'NBC已续订《格林》第六季。','8.1',1,NULL,6,'https://movie.douban.com/subject/26766166/',6),
(26768295,'路西法 第二季','https://img3.doubanio.com/view/movie_poster_cover/lpst/public/p2372479852.jpg','Lucifer',2016,22,'FOX宣布续订新剧《路西法》第二季。','7.7',1,NULL,2,'https://movie.douban.com/subject/26768295/',3),
(26769892,'穿越烟壶','https://img1.doubanio.com/view/movie_poster_cover/lpst/public/p2337302599.jpg','Time Traveling Bong',2016,3,'该剧由《Broad City》的创作人Ilana Glazer、Paul W. Downs和Lucia Aniello打造，其中前两者兼主演。毫无疑问……这仍然是恶搞节目。在该剧中，一对表兄妹Jeff和Sharee（Paul W. Downs和Ilana Glazer）发现了一个印有中文字样「穿越烟壶」的魔法物品，只要吸上一口，他们就能任意穿越时空。他们原本在郊区过着波澜不惊的平凡生活，所住的公寓也是祖母馈赠的，这个「时间机器」的出现彻底改变了他们的命运！他们时间旅行的第一站是马萨诸塞州的塞勒姆……正赶上女巫大审判最激烈的时候。随后他们还去了上世纪六十年代种族隔离问题严重的南方，古希腊，甚至「反乌托邦」未来。糟糕的是，他们的「穿越烟壶」在一次旅行过程中摔碎了，他们被迫在时空间的「连续统一」中来回跳跃。他们最终明白了一件事——没有哪个时代强过「现在」，他们应该好好珍惜现实才对。该剧4月20日、21日、22日三晚连续播出。','7.2',1,NULL,NULL,'https://movie.douban.com/subject/26769892/',NULL),
(26776807,'硅谷 第四季','https://img1.doubanio.com/view/movie_poster_cover/lpst/public/p2453170279.jpg','Silicon Valley',2017,10,'HBO已续订《硅谷》第四季。','9.6',1,NULL,4,'https://movie.douban.com/subject/26776807/',4),
(26779276,'偷拐抢骗 第一季','https://img3.doubanio.com/view/movie_poster_cover/lpst/public/p2441113356.jpg','Snatch',2017,10,'盖·里奇代表作之一《偷拐抢骗》(Snatch)将被翻拍成电视剧，定由“罗恩” 鲁伯特·格林特主演。电影讲一群画风各异的罪犯争夺一枚钻石，布拉德·皮特，本尼西奥·德尔·托罗，杰森·斯坦森等出演。电视版剧情类似，讲一群20岁上下的业余骗子偷金块，鲁伯特·格林特将饰演男主角查理·卡文迪许，一位“充满活力、生活混乱、非常时髦”的家伙，《绯闻女孩》的“Chuck”爱德·维斯特维克、多格雷·斯科特(《行尸之惧》)等也参演。剧版全长10小时，下星期在英国曼彻斯特开拍。','7.2',1,NULL,1,'https://movie.douban.com/subject/26779276/',2),
(26782706,'天才','https://img3.doubanio.com/view/movie_poster_cover/lpst/public/p2456015521.jpg','Genius',2017,10,'杰弗里·拉什加盟国家地理频道剧集《天才》、饰演老年阿尔伯特·爱因斯坦，强尼·弗林饰青年爱因斯坦。 该剧共十集，改编自沃尔特·艾萨克森的畅销书《爱因斯坦传》，讲述天才爱因斯坦如何攻克难关、一举破解原子与宇宙的奥秘。','8.9',1,'世纪天才(台)',NULL,'https://movie.douban.com/subject/26782706/',NULL),
(26784967,'使女的故事 第一季','https://img3.doubanio.com/view/movie_poster_cover/lpst/public/p2456865556.jpg','The Handmaid\'s Tale',2017,10,'故事讲述未来世界遭遇严重污染，人口出生率骤降，美国部分地区经历血腥革命后建立了男性极权社会Gilead，当权者实行一夫多妻制，女性被当做国有财产，有生育能力的女性称为“女仆”，被迫作为统治阶级的生育工具，女主角Offred就是其中之一，她周旋于统治者、统治者凶残的“妻子”、为统治者打理家务的年长女人“Martha”之间，想在活下去的同时找到自己被夺走的女儿。','8.6',1,'女仆的故事',1,'https://movie.douban.com/subject/26784967/',2),
(26787149,'宿敌：贝蒂和琼 第一季','https://img3.doubanio.com/view/movie_poster_cover/lpst/public/p2434759662.jpg','Feud: Bette and Joan',2017,8,'贝蒂戴维斯（苏珊·萨兰登 Susan Sarandon 饰）和琼克劳馥（杰西卡·兰格 Jessica Lange 饰）都是曾以她们耀耀生辉的星光照亮过影史的女演员们，两人事业和感情上的冲突造成了她们彼此之间深深的矛盾，这段复杂纠葛的恩怨情仇在好莱坞早就不是什么秘密了。\n然而好莱坞是健忘的，随着年岁的增长，琼发现自己在不知不觉中已经成为了过气演员，不甘心就此销声匿迹的她决定放手一搏。琼选定了一本名为《宝贝简到底怎么了》的惊悚小说，热情邀请导演罗伯特（阿尔弗雷德·莫里纳Alfred Molina 饰）执导，之后又亲自拜访贝蒂，此时的贝蒂事业亦是百般不顺，面对琼抛来的橄榄枝动了心。就这样，在机缘汇聚之下，贝蒂和琼这对冤家再度聚首，在戏里戏外均上演着一幕幕不见鲜血和硝烟的战争。©豆瓣','9.1',1,'世仇',1,'https://movie.douban.com/subject/26787149/',3),
(26788025,'犯罪心理 第十二季','https://img1.doubanio.com/view/movie_poster_cover/lpst/public/p2381713289.jpg','Criminal Minds',2016,22,'《犯罪心理》讲述了美国联邦调查局总部下属的行为分析科部门（简称“BAU”）中，行为分析师们剖析最棘手的案件，分析凶手的心理和作案特征，并在他们再次施暴前预测出他们的下一步行动，协助当地警察捉拿凶手。\n本季前期拍摄时，剧中一贯以来的领头人Hotch因为和编剧的冲突被剧组开除，因此只会出现在本季前两集。为了弥补主角的离开，CBS将引入两名新角色，同时把Emily的扮演者Paget Brewster提升为本季常规演员，同时Reid母亲的扮演者Jane Lynch也会在十二季回归。','8.4',1,NULL,12,'https://movie.douban.com/subject/26788025/',12),
(26792305,'超级少女 第二季','https://img3.doubanio.com/view/movie_poster_cover/lpst/public/p2377084620.jpg','Supergirl',2016,22,'据报道，《超级少女》已经获得第二季续订，不过从CBS转到了CW。','6.9',1,'超级女孩',2,'https://movie.douban.com/subject/26792305/',3),
(26794215,'我们这一天 第一季','https://img3.doubanio.com/view/movie_poster_cover/lpst/public/p2380810795.jpg','This Is Us',2016,18,'讲述一群不同的人，他们其中一些人的共同点就是「同一天生日」，他们的生活故事以有趣的方式交叉在一起。\nMandy Moore扮演Rebecca, Jack可爱的妻子也是最好的朋友。搬到匹兹堡后生了三胞胎。Milo Ventimiglia饰演Jack。\nJustin Har tley 扮演Kevin, 一个英俊且当红的电视演员，有着异常无趣没有终期的单身生活。\nSterling Brown扮演Randall,衣着光鲜亮丽在纽约工作的顾家生意人。与老婆Beth\n合作无间地养育着两个女儿。\nSusan Kelechi Watson 扮演Beth，Randall老婆\nRon Cephas Jones 扮演William, Randall的生父。在Randall一出生的时候就遗弃了他。\nChrissy Metz 扮演Kate, 跟很多女人一样烦恼着饮食和身材. 她用便条贴贴满整个公寓来体型自己要控制饮食。她是Kevin的孪生姐姐，但是各方面跟Kevin完全相反。','9.5',1,'这就是我们',1,'https://movie.douban.com/subject/26794215/',3),
(26798481,'傲骨之战 第一季','https://img3.doubanio.com/view/movie_poster_cover/lpst/public/p2406851435.jpg','The Good Fight',2017,10,'CBS网上频道CBS All Access的《傲骨贤妻 The Good Wife》衍生剧《傲骨之战 The Good Fight》，现确定将在美国时间2月19日首播。新闻指CBS亦会在同日于电视网播出首播集，然后开始每周在CBS All Access放出新集。\n故事设定在原剧剧终一年后，由Christine Baranski（角色Diane Lockhart）和Cush Jumbo（角色Lucca Quinn）领衔主演，Sarah Steele则饰演Marissa Gold，她从Diane的助理做起，发现自己对做调查感兴趣。所以这个角色将延续《傲骨贤妻》里Kalinda和Robyn的角色风格。《傲骨之战》讲述一个巨大的金融骗局破坏了年轻律师Maia（Rose Leslie饰）的前途，也令她教母兼导师Diane的储蓄被清，她被逼离开「Lockhart & Lee」，并加入Lucca Quinn的一间芝加哥著名事务所。\nJustin Bartha饰演常规角色Colin，他是州检察长办公室的新星，亦是芝加哥最灸手可热的钻石王老五。当他在法庭上与Lucca Quinn交锋后，二人起了情愫。Helene Yorke饰演Maia的律师女友Amy，她与Maia有稳定的关系，Amy自己已从法学院毕业了一段时间。\nPaul Guilfoyle饰演Maia的父亲Henry，一个很成功的财务顾问，十分富有并受人喜爱。Bernadette Peters饰演Lenore，Maia的母亲，她原本是工人阶级背景，不过她天生对金融十分有头脑。她通过Henry家族的私人投资公司，增长了他的财富，这令到他们一家三口成了芝加哥非官方下的「第一家庭」。\nGary Cole继续饰演的Diane丈夫Kurt McVeigh，以及母剧演员Zach Grenier与Jerry Adler亦将在衍生剧中以客串型式继续饰演David Lee及Howard Lyman。另外有Erica Tazel加盟，但未有她的角色描述。\nCarrie Preston亦客串演出，她将继续饰演母剧《傲骨贤妻》的角色：性格古怪但聪明的律师Elsbeth Tascioni。Carrie Preston凭这角色赢得过艾美的客串女演员奖。','9.3',1,'傲战法庭',1,'https://movie.douban.com/subject/26798481/',2),
(26803790,'难以伺候','https://img1.doubanio.com/view/movie_poster_cover/lpst/public/p2373283449.jpg','High Maintenance',2016,6,'6集新喜剧《难以伺候 High Maintenance》讲述一个布鲁克林的大麻供应商，他为患上神经衰弱症的客户提供大麻。Ben Sinclair饰演「The Guy」，一位友好的大麻供应商，他的客户有着形形色色的人，在剧中将揭晓他们的生活。','7.9',1,'众口难调',NULL,'https://movie.douban.com/subject/26803790/',NULL),
(26999946,'咱们裸熊 第三季','https://img3.doubanio.com/view/movie_poster_cover/lpst/public/p2451713110.jpg','We Bare Bears',2017,22,'第三季将在四月播出。','9.5',1,'熊熊遇见你(台)',3,'https://movie.douban.com/subject/26999946/',3);

/*Table structure for table `meiju_drama_types` */

DROP TABLE IF EXISTS `meiju_drama_types`;

CREATE TABLE `meiju_drama_types` (
  `id` int(11) NOT NULL AUTO_INCREMENT,
  `drama_id` int(11) NOT NULL,
  `dramatype_id` int(11) NOT NULL,
  PRIMARY KEY (`id`),
  UNIQUE KEY `meiju_drama_types_drama_id_dramatype_id_9f77a6b5_uniq` (`drama_id`,`dramatype_id`),
  KEY `meiju_drama_types_dramatype_id_25a19b1b_fk_meiju_type_id` (`dramatype_id`),
  CONSTRAINT `meiju_drama_types_drama_id_145edfdc_fk_meiju_drama_id` FOREIGN KEY (`drama_id`) REFERENCES `meiju_drama` (`id`),
  CONSTRAINT `meiju_drama_types_dramatype_id_25a19b1b_fk_meiju_type_id` FOREIGN KEY (`dramatype_id`) REFERENCES `meiju_type` (`id`)
) ENGINE=InnoDB AUTO_INCREMENT=759 DEFAULT CHARSET=utf8;

/*Data for the table `meiju_drama_types` */

insert  into `meiju_drama_types`(`id`,`drama_id`,`dramatype_id`) values 
(40,1301411,5),
(534,1307847,5),
(535,1307847,12),
(536,1307847,17),
(453,1394180,6),
(454,1394180,19),
(673,1417082,5),
(674,1417082,11),
(675,1417082,21),
(47,1418614,5),
(430,1419665,6),
(351,1422340,5),
(352,1422340,14),
(353,1422340,20),
(381,1428366,6),
(20,1440937,8),
(18,1440937,10),
(19,1440937,12),
(662,1449595,5),
(664,1449595,8),
(663,1449595,11),
(12,1459021,7),
(10,1459021,12),
(11,1459021,13),
(750,1470619,5),
(216,1476269,5),
(215,1476269,13),
(217,1476269,20),
(647,1498178,5),
(646,1498178,13),
(648,1498178,14),
(582,1738970,7),
(581,1738970,8),
(580,1738970,12),
(423,1766532,6),
(422,1766532,10),
(207,1777506,6),
(530,1781597,6),
(528,1781597,10),
(529,1781597,18),
(565,1781636,6),
(566,1781636,10),
(206,1795462,6),
(205,1795462,8),
(204,1795462,10),
(458,1845625,6),
(460,1845625,7),
(459,1845625,12),
(629,1855204,18),
(744,1863598,9),
(742,1863598,10),
(743,1863598,18),
(548,1865139,5),
(547,1865139,6),
(516,1865836,5),
(515,1865836,13),
(517,1865836,15),
(713,1920763,5),
(715,1920763,7),
(714,1920763,16),
(433,1938109,6),
(432,1938109,10),
(667,1941347,7),
(666,1941347,12),
(668,1941347,14),
(758,1949822,7),
(757,1949822,8),
(756,1949822,12),
(420,1959155,11),
(419,1959155,12),
(421,1959155,13),
(444,2046454,6),
(445,2046454,10),
(446,2046454,14),
(531,2059811,6),
(533,2059811,18),
(532,2059811,20),
(31,2091938,8),
(30,2091938,10),
(29,2091938,12),
(219,2117911,6),
(218,2117911,10),
(220,2117911,18),
(573,2131678,5),
(574,2131678,17),
(572,2131678,24),
(312,2150064,5),
(313,2150064,6),
(314,2150064,10),
(156,2150463,5),
(155,2150463,12),
(157,2150463,17),
(251,2153590,6),
(252,2153590,19),
(294,2153951,5),
(295,2153951,18),
(111,2154324,5),
(112,2154324,13),
(597,2156903,6),
(599,2156903,7),
(598,2156903,12),
(747,2158181,6),
(600,2268831,6),
(589,2272384,10),
(590,2272384,12),
(591,2272384,13),
(619,2333658,10),
(493,2338055,7),
(494,2338055,25),
(401,2350766,8),
(399,2350766,10),
(400,2350766,12),
(325,2393060,5),
(324,2393060,13),
(326,2393060,14),
(131,3022764,5),
(130,3022764,13),
(132,3022764,14),
(733,3036480,5),
(734,3036480,14),
(735,3036480,20),
(413,3058385,6),
(411,3058385,10),
(412,3058385,18),
(214,3058386,6),
(213,3058386,8),
(212,3058386,10),
(613,3072110,5),
(614,3072110,12),
(615,3072110,15),
(223,3073760,10),
(225,3073760,14),
(224,3073760,18),
(38,3078582,11),
(426,3097345,6),
(424,3097345,10),
(425,3097345,12),
(161,3269027,5),
(163,3269027,8),
(162,3269027,11),
(320,3285421,5),
(318,3285421,6),
(319,3285421,13),
(82,3286552,6),
(83,3286552,19),
(683,3295628,6),
(290,3326764,8),
(288,3326764,10),
(289,3326764,12),
(391,3533153,5),
(390,3533153,13),
(392,3533153,14),
(185,3581466,5),
(187,3581466,7),
(186,3581466,12),
(51,3601183,6),
(50,3601183,10),
(52,3601183,18),
(427,3882739,5),
(428,3882739,7),
(429,3882739,15),
(745,3888745,6),
(746,3888745,18),
(316,4018324,5),
(315,4018324,8),
(317,4018324,14),
(385,4030266,5),
(386,4030266,6),
(696,4047267,5),
(698,4047267,7),
(697,4047267,12),
(627,4053797,5),
(626,4053797,13),
(628,4053797,22),
(127,4074092,6),
(128,4074092,18),
(25,4097348,5),
(6,4106646,5),
(350,4113335,5),
(348,4113335,12),
(349,4113335,13),
(276,4149192,5),
(275,4149192,6),
(13,4203806,6),
(388,4246575,5),
(389,4246575,7),
(387,4246575,12),
(355,4707570,5),
(356,4707570,21),
(201,4736542,5),
(202,4736542,17),
(203,4736542,19),
(235,4848610,5),
(234,4848610,13),
(236,4848610,14),
(21,4890997,6),
(22,4890997,13),
(23,4890997,14),
(407,4944041,5),
(409,4944041,13),
(408,4944041,14),
(727,5284641,5),
(728,5284641,14),
(729,5284641,15),
(191,5295022,5),
(192,5295022,7),
(190,5295022,8),
(439,5343164,14),
(440,5343164,15),
(343,5347185,5),
(344,5347185,6),
(354,5681960,5),
(436,5966527,5),
(437,5966527,19),
(450,5975326,6),
(451,5975326,19),
(208,5977855,5),
(209,5977855,6),
(210,5977855,14),
(455,6003088,6),
(456,6003088,7),
(585,6082513,7),
(586,6082513,10),
(584,6082513,12),
(723,6087553,5),
(724,6087553,27),
(357,6125441,6),
(359,6125441,10),
(358,6125441,12),
(476,6284624,5),
(511,6308210,11),
(510,6308210,14),
(3,6360305,7),
(4,6360305,8),
(751,6521838,5),
(752,6521838,13),
(753,6521838,14),
(402,6558033,5),
(404,6558033,13),
(403,6558033,15),
(7,6724972,9),
(8,6724972,10),
(9,6724972,11),
(583,6772733,6),
(336,6778677,5),
(337,6778677,6),
(338,6778677,19),
(253,6781992,5),
(254,6781992,14),
(441,6796123,5),
(442,6796123,13),
(443,6796123,14),
(393,6803152,5),
(394,6803152,25),
(72,6952149,5),
(73,6952149,13),
(730,10428490,6),
(699,10480979,15),
(700,10480979,20),
(406,10512090,5),
(232,10520453,6),
(233,10520453,21),
(410,10560672,10),
(211,10573811,10),
(562,10577737,5),
(563,10577737,6),
(434,10733868,5),
(435,10733868,13),
(178,10744409,5),
(179,10744409,7),
(180,10744409,14),
(197,10748073,5),
(198,10748073,14),
(106,10756709,5),
(107,10756709,19),
(702,10757228,12),
(704,10757228,13),
(703,10757228,14),
(16,10767510,14),
(17,10767510,15),
(361,10781865,5),
(363,10781865,12),
(362,10781865,24),
(438,10788850,6),
(652,11232690,6),
(653,11232690,19),
(601,11504572,6),
(602,11504572,10),
(603,11504572,18),
(53,11516534,6),
(54,11516534,10),
(622,11531758,6),
(701,11599374,6),
(113,11612340,6),
(114,11612340,10),
(115,11612340,18),
(415,17658236,7),
(416,17658236,10),
(414,17658236,12),
(379,19965491,5),
(380,19965491,6),
(39,19971696,10),
(465,20411032,5),
(241,20470240,6),
(242,20470240,19),
(148,20558374,5),
(149,20558374,13),
(66,21485010,10),
(48,21963179,6),
(49,21963179,18),
(470,22519837,5),
(472,22519837,7),
(471,22519837,12),
(630,22992179,5),
(631,22992179,7),
(632,22992179,14),
(567,23693905,6),
(417,24294236,5),
(418,24294236,18),
(518,24530457,5),
(520,24530457,8),
(519,24530457,12),
(5,24530468,5),
(643,24695310,5),
(644,24695310,12),
(645,24695310,13),
(229,24697586,6),
(230,24697586,18),
(405,24697588,6),
(564,24839205,5),
(604,24843017,6),
(605,24843017,10),
(606,24843017,11),
(120,24859448,5),
(262,24869254,5),
(706,24882774,5),
(707,24882774,7),
(136,25719291,5),
(635,25732562,6),
(636,25732562,18),
(266,25735931,5),
(669,25742234,5),
(670,25742234,6),
(671,25742234,22),
(737,25749818,5),
(738,25749818,15),
(256,25769159,7),
(255,25769159,12),
(552,25769161,5),
(554,25769161,7),
(553,25769161,12),
(561,25770124,6),
(167,25772602,5),
(168,25772602,13),
(169,25772602,14),
(150,25782549,6),
(151,25782549,10),
(447,25822687,5),
(449,25822687,17),
(448,25822687,24),
(193,25825266,6),
(705,25832813,5),
(78,25837700,5),
(79,25837700,13),
(80,25837700,14),
(655,25843289,6),
(495,25845401,6),
(731,25846035,6),
(360,25851740,5),
(725,25862254,5),
(726,25862254,13),
(84,25862357,5),
(86,25862357,11),
(85,25862357,16),
(550,25884488,5),
(551,25884488,7),
(544,25884510,6),
(333,25884541,5),
(334,25884541,13),
(335,25884541,15),
(44,25885184,5),
(46,25885184,14),
(45,25885184,17),
(578,25885187,5),
(378,25885402,6),
(676,25885752,5),
(677,25885752,14),
(467,25885786,5),
(468,25885786,13),
(469,25885786,14),
(395,25886392,6),
(542,25912858,19),
(543,25912858,21),
(258,25918302,6),
(736,25923092,6),
(140,25933360,6),
(265,25941842,8),
(263,25941842,10),
(264,25941842,15),
(690,25944811,5),
(691,25944811,14),
(692,25944811,15),
(226,25945125,12),
(227,25945125,13),
(228,25945125,20),
(473,25953429,5),
(474,25953429,13),
(475,25953429,14),
(665,25955813,5),
(396,25958195,5),
(397,25958195,6),
(398,25958195,12),
(656,25961971,5),
(658,25961971,11),
(657,25961971,19),
(496,25966044,5),
(497,25966044,7),
(498,25966044,15),
(332,25966206,5),
(633,25966207,5),
(634,25966207,13),
(375,25966208,5),
(280,25966386,6),
(281,25966386,21),
(722,25977905,6),
(525,25977930,6),
(526,25977930,12),
(527,25977930,13),
(637,25980514,5),
(638,25980514,6),
(639,25980514,20),
(309,25983865,5),
(311,25983865,11),
(310,25983865,14),
(616,26030078,7),
(617,26030078,14),
(618,26030078,15),
(188,26087497,5),
(189,26087497,6),
(305,26101233,5),
(306,26101233,13),
(558,26108398,7),
(579,26142847,7),
(610,26196140,5),
(611,26196140,15),
(382,26235527,5),
(383,26235527,7),
(384,26235527,15),
(125,26269506,6),
(126,26269506,10),
(342,26290787,5),
(340,26295868,6),
(341,26295868,10),
(741,26298650,8),
(739,26298650,12),
(740,26298650,17),
(620,26302918,5),
(621,26302918,11),
(376,26302921,5),
(377,26302921,7),
(557,26303778,6),
(307,26307362,6),
(308,26307362,10),
(431,26313005,5),
(2,26319160,6),
(649,26324698,5),
(651,26324698,11),
(650,26324698,14),
(372,26326452,5),
(373,26326452,12),
(374,26326452,13),
(146,26336281,5),
(147,26336281,15),
(330,26336684,5),
(331,26336684,13),
(732,26337362,6),
(708,26337367,5),
(709,26337367,13),
(710,26337367,14),
(524,26337980,5),
(452,26339141,6),
(719,26339776,5),
(720,26339776,6),
(721,26339776,22),
(221,26339794,5),
(222,26339794,6),
(466,26339805,5),
(587,26340501,5),
(588,26340501,20),
(457,26342208,6),
(369,26352610,7),
(199,26355630,5),
(200,26355630,14),
(711,26356519,5),
(712,26356519,14),
(592,26357515,5),
(594,26357515,11),
(593,26357515,12),
(568,26359190,5),
(569,26359190,13),
(570,26359190,14),
(101,26359270,5),
(102,26359270,7),
(103,26359270,14),
(521,26361647,5),
(522,26361647,7),
(523,26361647,13),
(32,26363228,5),
(33,26363228,6),
(34,26363228,12),
(121,26366493,5),
(122,26366493,6),
(296,26368466,5),
(297,26368466,6),
(298,26368466,13),
(364,26373110,5),
(365,26373110,12),
(366,26373110,13),
(545,26382778,6),
(546,26382778,10),
(718,26383162,6),
(26,26384174,5),
(27,26384174,6),
(28,26384174,7),
(491,26384757,6),
(492,26384757,23),
(63,26384761,8),
(62,26384761,11),
(61,26384761,19),
(1,26384765,5),
(321,26384767,5),
(322,26384767,6),
(323,26384767,13),
(748,26384781,5),
(749,26384781,14),
(56,26384783,7),
(57,26384783,8),
(55,26384783,12),
(607,26384948,5),
(754,26385088,5),
(755,26385088,14),
(14,26385606,5),
(15,26385606,13),
(608,26386657,5),
(609,26386657,13),
(660,26386725,5),
(661,26386725,12),
(69,26387804,5),
(70,26387804,6),
(71,26387804,14),
(137,26387813,5),
(139,26387813,7),
(138,26387813,12),
(108,26389455,5),
(109,26389455,15),
(110,26389455,20),
(659,26413080,6),
(488,26416957,5),
(489,26416957,12),
(490,26416957,13),
(549,26417192,6),
(304,26419345,8),
(302,26419345,10),
(303,26419345,11),
(243,26421342,5),
(244,26421342,22),
(245,26421342,23),
(367,26426055,5),
(368,26426055,20),
(133,26426150,5),
(134,26426150,14),
(135,26426150,15),
(76,26427152,5),
(77,26427152,17),
(123,26431328,5),
(124,26431328,13),
(716,26432699,5),
(717,26432699,6),
(64,26436601,5),
(65,26436601,6),
(24,26436652,5),
(461,26503435,5),
(462,26503435,6),
(463,26503435,26),
(231,26580926,10),
(119,26581673,10),
(277,26583813,10),
(267,26584103,5),
(268,26584103,7),
(249,26584127,5),
(250,26584127,8),
(269,26588239,5),
(270,26588239,7),
(271,26588239,14),
(339,26590060,5),
(612,26592226,6),
(484,26592971,7),
(486,26592971,8),
(485,26592971,10),
(41,26597902,5),
(42,26597902,12),
(43,26597902,16),
(116,26604456,5),
(117,26604456,12),
(118,26604456,13),
(181,26636273,5),
(182,26636273,21),
(291,26636559,5),
(292,26636559,12),
(293,26636559,13),
(327,26639161,5),
(328,26639161,15),
(329,26639161,20),
(500,26641716,5),
(502,26641716,7),
(501,26641716,12),
(623,26654029,6),
(624,26654029,11),
(625,26654029,20),
(642,26654033,5),
(575,26660067,5),
(576,26660067,12),
(577,26660067,15),
(170,26663628,5),
(171,26663628,14),
(272,26671380,5),
(273,26671380,13),
(274,26671380,15),
(129,26672659,6),
(74,26675245,7),
(75,26675245,14),
(152,26677985,5),
(153,26677985,6),
(154,26677985,19),
(58,26681978,5),
(60,26681978,13),
(59,26681978,19),
(158,26681980,5),
(160,26681980,8),
(159,26681980,12),
(141,26684328,5),
(143,26684328,15),
(142,26684328,19),
(172,26684329,5),
(173,26684329,14),
(571,26684331,6),
(90,26702166,5),
(91,26702166,6),
(687,26703458,5),
(688,26703458,12),
(689,26703458,16),
(640,26703949,5),
(144,26704444,6),
(145,26704444,10),
(98,26705560,6),
(99,26705560,7),
(183,26707767,5),
(184,26707767,6),
(238,26709459,5),
(239,26709459,12),
(240,26709459,14),
(672,26711715,15),
(499,26717030,5),
(104,26717837,13),
(105,26717837,15),
(537,26719562,5),
(538,26719562,6),
(595,26720288,5),
(596,26720288,13),
(299,26724689,6),
(641,26724845,5),
(512,26727278,7),
(513,26727278,14),
(514,26727278,15),
(693,26727307,5),
(695,26727307,11),
(694,26727307,13),
(345,26727322,12),
(346,26727322,13),
(194,26734690,5),
(195,26734690,13),
(196,26734690,14),
(684,26735801,5),
(685,26735801,6),
(686,26735801,19),
(257,26740384,6),
(100,26740388,5),
(95,26740389,5),
(96,26740389,13),
(97,26740389,14),
(87,26740391,5),
(89,26740391,7),
(88,26740391,12),
(81,26740396,6),
(541,26740675,8),
(540,26740675,11),
(539,26740675,19),
(559,26741536,6),
(560,26741536,10),
(282,26746532,5),
(283,26746532,11),
(284,26746532,20),
(505,26748847,5),
(506,26748847,13),
(300,26749102,5),
(301,26749102,19),
(164,26749114,5),
(166,26749114,11),
(165,26749114,14),
(246,26749151,5),
(248,26749151,7),
(247,26749151,12),
(175,26749162,5),
(176,26749162,12),
(177,26749162,13),
(285,26752161,5),
(286,26752161,13),
(287,26752161,15),
(67,26754624,5),
(68,26754624,6),
(678,26757856,6),
(679,26757856,13),
(237,26758722,6),
(259,26758757,5),
(260,26758757,13),
(261,26758757,14),
(347,26758767,5),
(555,26758798,5),
(556,26758798,12),
(174,26758799,6),
(680,26766166,5),
(681,26766166,11),
(682,26766166,20),
(370,26768295,5),
(371,26768295,11),
(464,26769892,6),
(507,26776807,6),
(278,26779276,6),
(279,26779276,13),
(477,26782706,5),
(479,26782706,17),
(478,26782706,24),
(508,26784967,5),
(509,26784967,7),
(480,26787149,5),
(482,26787149,17),
(481,26787149,24),
(92,26788025,5),
(93,26788025,13),
(94,26788025,14),
(36,26792305,7),
(37,26792305,8),
(35,26792305,12),
(487,26794215,6),
(483,26798481,5),
(654,26803790,6),
(503,26999946,6),
(504,26999946,10);

/*Table structure for table `meiju_type` */

DROP TABLE IF EXISTS `meiju_type`;

CREATE TABLE `meiju_type` (
  `id` int(11) NOT NULL AUTO_INCREMENT,
  `type` varchar(200) NOT NULL,
  PRIMARY KEY (`id`),
  UNIQUE KEY `drama_type_type_a81b9734_uniq` (`type`)
) ENGINE=InnoDB AUTO_INCREMENT=28 DEFAULT CHARSET=utf8;

/*Data for the table `meiju_type` */

insert  into `meiju_type`(`id`,`type`) values 
(24,'传记'),
(9,'儿童'),
(8,'冒险'),
(5,'剧情'),
(12,'动作'),
(10,'动画'),
(17,'历史'),
(21,'同性'),
(6,'喜剧'),
(11,'奇幻'),
(18,'家庭'),
(20,'恐怖'),
(14,'悬疑'),
(15,'惊悚'),
(16,'战争'),
(23,'歌舞'),
(27,'灾难'),
(19,'爱情'),
(13,'犯罪'),
(7,'科幻'),
(25,'西部'),
(26,'运动'),
(22,'音乐');

/*Table structure for table `reviews_comment` */

DROP TABLE IF EXISTS `reviews_comment`;

CREATE TABLE `reviews_comment` (
  `id` int(11) NOT NULL AUTO_INCREMENT,
  `content` varchar(255) NOT NULL,
  `comment_time` datetime(6) NOT NULL,
  `review_id` int(11) NOT NULL,
  `user_id` int(11) NOT NULL,
  PRIMARY KEY (`id`),
  KEY `reviews_reviewcomment_user_id_1976df81_fk_accounts_myuser_id` (`user_id`),
  KEY `reviews_comment_review_id_43f1c708_fk_reviews_review_id` (`review_id`),
  CONSTRAINT `reviews_comment_review_id_43f1c708_fk_reviews_review_id` FOREIGN KEY (`review_id`) REFERENCES `reviews_review` (`id`),
  CONSTRAINT `reviews_reviewcomment_user_id_1976df81_fk_accounts_myuser_id` FOREIGN KEY (`user_id`) REFERENCES `accounts_myuser` (`id`)
) ENGINE=InnoDB DEFAULT CHARSET=utf8;

/*Data for the table `reviews_comment` */

/*Table structure for table `reviews_likes` */

DROP TABLE IF EXISTS `reviews_likes`;

CREATE TABLE `reviews_likes` (
  `id` int(11) NOT NULL AUTO_INCREMENT,
  `like_time` datetime(6) NOT NULL,
  `review_id` int(11) NOT NULL,
  `user_id` int(11) NOT NULL,
  PRIMARY KEY (`id`),
  KEY `reviews_likes_review_id_c1fa31d6_fk_reviews_review_id` (`review_id`),
  KEY `reviews_likes_user_id_f7f735f3_fk_accounts_myuser_id` (`user_id`),
  CONSTRAINT `reviews_likes_review_id_c1fa31d6_fk_reviews_review_id` FOREIGN KEY (`review_id`) REFERENCES `reviews_review` (`id`),
  CONSTRAINT `reviews_likes_user_id_f7f735f3_fk_accounts_myuser_id` FOREIGN KEY (`user_id`) REFERENCES `accounts_myuser` (`id`)
) ENGINE=InnoDB AUTO_INCREMENT=5 DEFAULT CHARSET=utf8;

/*Data for the table `reviews_likes` */

/*Table structure for table `reviews_review` */

DROP TABLE IF EXISTS `reviews_review`;

CREATE TABLE `reviews_review` (
  `id` int(11) NOT NULL AUTO_INCREMENT,
  `title` varchar(200),
  `content` longtext,
  `rating` smallint(5) unsigned NOT NULL,
  `pubtime` datetime(6) NOT NULL,
  `drama_id` int(11) NOT NULL,
  `user_id` int(11) NOT NULL,
  `is_watched` tinyint(1) NOT NULL DEFAULT '1',
  PRIMARY KEY (`id`),
  KEY `reviews_review_drama_id_ef190f58_fk_meiju_drama_id` (`drama_id`),
  KEY `reviews_review_user_id_875caff2_fk_accounts_myuser_id` (`user_id`),
  CONSTRAINT `reviews_review_drama_id_ef190f58_fk_meiju_drama_id` FOREIGN KEY (`drama_id`) REFERENCES `meiju_drama` (`id`),
  CONSTRAINT `reviews_review_user_id_875caff2_fk_accounts_myuser_id` FOREIGN KEY (`user_id`) REFERENCES `accounts_myuser` (`id`)
) ENGINE=InnoDB AUTO_INCREMENT=243 DEFAULT CHARSET=utf8;

/*Data for the table `reviews_review` */

insert  into `reviews_review`(`id`,`title`,`content`,`rating`,`pubtime`,`drama_id`,`user_id`,`is_watched`) values 
(77,'',NULL,10,'2017-06-01 07:42:00.000000',25862357,2,1),
(78,'',NULL,6,'2017-06-01 07:42:00.000000',26416957,2,1),
(79,'',NULL,10,'2017-06-01 07:42:00.000000',6952149,2,1),
(80,'',NULL,8,'2017-06-01 07:42:00.000000',25749818,2,1),
(81,'',NULL,8,'2017-06-01 07:42:00.000000',4113335,2,1),
(82,'',NULL,8,'2017-06-01 07:42:00.000000',26671380,2,1),
(83,'',NULL,8,'2017-06-01 07:42:00.000000',26681980,2,1),
(84,'',NULL,8,'2017-06-01 07:42:00.000000',2338055,2,1),
(85,'',NULL,6,'2017-06-01 07:42:00.000000',26784967,2,1),
(86,'',NULL,4,'2017-06-01 07:42:00.000000',26641716,2,1),
(87,'',NULL,6,'2017-06-01 07:42:00.000000',26749162,2,1),
(88,'',NULL,4,'2017-06-01 07:42:00.000000',26749151,2,1),
(89,'',NULL,4,'2017-06-01 07:42:00.000000',26758799,2,1),
(90,'',NULL,4,'2017-06-01 07:42:00.000000',26356519,2,1),
(91,'',NULL,4,'2017-06-01 07:42:00.000000',26749102,2,1),
(98,'',NULL,8,'2017-06-01 07:42:00.000000',25862357,3,1),
(99,'',NULL,8,'2017-06-01 07:42:00.000000',26416957,3,1),
(102,'',NULL,8,'2017-06-01 07:42:00.000000',2338055,3,1),
(104,'',NULL,8,'2017-06-01 07:42:00.000000',3286552,3,1),
(105,'',NULL,6,'2017-06-01 07:42:00.000000',25845401,3,1),
(106,'',NULL,8,'2017-06-01 07:42:00.000000',26784967,3,1),
(107,'',NULL,6,'2017-06-01 07:42:00.000000',26758799,3,1),
(108,'',NULL,8,'2017-06-01 07:42:00.000000',26356519,3,1),
(109,'',NULL,8,'2017-06-01 07:42:00.000000',26749102,3,1),
(110,'',NULL,8,'2017-06-01 07:42:00.000000',10756709,3,1),
(111,'',NULL,8,'2017-06-01 07:42:00.000000',25862357,4,1),
(112,'',NULL,6,'2017-06-01 07:42:00.000000',26416957,4,1),
(113,'',NULL,10,'2017-06-01 07:42:00.000000',6952149,4,1),
(114,'',NULL,10,'2017-06-01 07:42:00.000000',25749818,4,1),
(115,'',NULL,6,'2017-06-01 07:42:00.000000',4113335,4,1),
(116,'',NULL,10,'2017-06-01 07:42:00.000000',26671380,4,1),
(117,'',NULL,6,'2017-06-01 07:42:00.000000',26681980,4,1),
(118,'',NULL,8,'2017-06-01 07:42:00.000000',2338055,4,1),
(119,'',NULL,8,'2017-06-01 07:42:00.000000',3286552,4,1),
(120,'',NULL,4,'2017-06-01 07:42:00.000000',25845401,4,1),
(121,'',NULL,8,'2017-06-01 07:42:00.000000',26784967,4,1),
(122,'',NULL,4,'2017-06-01 07:42:00.000000',26641716,4,1),
(123,'',NULL,8,'2017-06-01 07:42:00.000000',26588239,4,1),
(124,'',NULL,6,'2017-06-01 07:42:00.000000',26749162,4,1),
(125,'',NULL,6,'2017-06-01 07:42:00.000000',26749151,4,1),
(126,'',NULL,4,'2017-06-01 07:42:00.000000',26746532,4,1),
(127,'',NULL,4,'2017-06-01 07:42:00.000000',26758799,4,1),
(128,'',NULL,2,'2017-06-01 07:42:00.000000',26356519,4,1),
(129,'',NULL,2,'2017-06-01 07:42:00.000000',26749102,4,1),
(130,'',NULL,2,'2017-06-01 07:42:00.000000',10756709,4,1),
(131,'',NULL,8,'2017-06-01 07:42:00.000000',25862357,5,1),
(132,'',NULL,6,'2017-06-01 07:42:00.000000',26416957,5,1),
(133,'',NULL,10,'2017-06-01 07:42:00.000000',6952149,5,1),
(134,'',NULL,8,'2017-06-01 07:42:00.000000',25749818,5,1),
(135,'',NULL,8,'2017-06-01 07:42:00.000000',4113335,5,1),
(136,'',NULL,10,'2017-06-01 07:42:00.000000',26671380,5,1),
(137,'',NULL,10,'2017-06-01 07:42:00.000000',26681980,5,1),
(138,'',NULL,8,'2017-06-01 07:42:00.000000',26784967,5,1),
(139,'',NULL,8,'2017-06-01 07:42:00.000000',26588239,5,1),
(140,'',NULL,6,'2017-06-01 07:42:00.000000',26356519,5,1),
(141,'',NULL,2,'2017-06-01 07:42:00.000000',10756709,5,1),
(142,'',NULL,8,'2017-06-01 07:42:00.000000',25862357,6,1),
(143,'',NULL,8,'2017-06-01 07:42:00.000000',26416957,6,1),
(144,'',NULL,8,'2017-06-01 07:42:00.000000',6952149,6,1),
(145,'',NULL,8,'2017-06-01 07:42:00.000000',25749818,6,1),
(146,'',NULL,8,'2017-06-01 07:42:00.000000',4113335,6,1),
(147,'',NULL,8,'2017-06-01 07:42:00.000000',26671380,6,1),
(148,'',NULL,10,'2017-06-01 07:42:00.000000',26681980,6,1),
(149,'',NULL,6,'2017-06-01 07:42:00.000000',2338055,6,1),
(150,'',NULL,8,'2017-06-01 07:42:00.000000',26641716,6,1),
(151,'',NULL,8,'2017-06-01 07:42:00.000000',26749151,6,1),
(152,'',NULL,8,'2017-06-01 07:42:00.000000',26749102,6,1),
(160,'',NULL,10,'2017-06-01 07:42:00.000000',25862357,7,1),
(161,'',NULL,6,'2017-06-01 07:42:00.000000',26416957,7,1),
(162,'',NULL,10,'2017-06-01 07:42:00.000000',6952149,7,1),
(163,'',NULL,8,'2017-06-01 07:42:00.000000',25749818,7,1),
(164,'',NULL,8,'2017-06-01 07:42:00.000000',4113335,7,1),
(165,'',NULL,8,'2017-06-01 07:42:00.000000',26671380,7,1),
(166,'',NULL,8,'2017-06-01 07:42:00.000000',26681980,7,1),
(168,'',NULL,8,'2017-06-01 07:42:00.000000',25862357,8,1),
(169,'',NULL,8,'2017-06-01 07:42:00.000000',26416957,8,1),
(170,'',NULL,4,'2017-06-01 07:42:00.000000',25845401,8,1),
(171,'',NULL,6,'2017-06-01 07:42:00.000000',26641716,8,1),
(172,'',NULL,4,'2017-06-01 07:42:00.000000',26588239,8,1),
(173,'',NULL,8,'2017-06-01 07:42:00.000000',26749151,8,1),
(174,'',NULL,8,'2017-06-01 07:42:00.000000',26746532,8,1),
(175,'',NULL,6,'2017-06-01 07:42:00.000000',26758799,8,1),
(176,'',NULL,6,'2017-06-01 07:42:00.000000',6952149,9,1),
(177,'',NULL,10,'2017-06-01 07:42:00.000000',25749818,9,1),
(178,'',NULL,10,'2017-06-01 07:42:00.000000',26671380,9,1),
(179,'',NULL,8,'2017-06-01 07:42:00.000000',26681980,9,1),
(180,'',NULL,8,'2017-06-01 07:42:00.000000',26758799,9,1),
(181,'',NULL,8,'2017-06-01 07:42:00.000000',26356519,9,1),
(182,'',NULL,8,'2017-06-01 07:42:00.000000',25862357,10,1),
(183,'',NULL,6,'2017-06-01 07:42:00.000000',26416957,10,1),
(184,'',NULL,10,'2017-06-01 07:42:00.000000',6952149,10,1),
(185,'',NULL,8,'2017-06-01 07:42:00.000000',4113335,10,1),
(186,'',NULL,10,'2017-06-01 07:42:00.000000',26681980,10,1),
(187,'',NULL,4,'2017-06-01 07:42:00.000000',25845401,10,1),
(188,'',NULL,8,'2017-06-01 07:42:00.000000',26784967,10,1),
(189,'',NULL,6,'2017-06-01 07:42:00.000000',26641716,10,1),
(190,'',NULL,6,'2017-06-01 07:42:00.000000',26588239,10,1),
(191,'',NULL,10,'2017-06-01 07:42:00.000000',26749151,10,1),
(192,'',NULL,6,'2017-06-01 07:42:00.000000',26746532,10,1),
(193,'',NULL,8,'2017-06-01 07:42:00.000000',26758799,10,1),
(194,'',NULL,8,'2017-06-01 07:42:00.000000',26356519,10,1),
(195,'',NULL,8,'2017-06-01 07:42:00.000000',26416957,11,1),
(196,'',NULL,8,'2017-06-01 07:42:00.000000',6952149,11,1),
(197,'',NULL,8,'2017-06-01 07:42:00.000000',4113335,11,1),
(198,'',NULL,8,'2017-06-01 07:42:00.000000',26671380,11,1),
(199,'',NULL,6,'2017-06-01 07:42:00.000000',3286552,11,1),
(200,'',NULL,8,'2017-06-01 07:42:00.000000',25845401,11,1),
(201,'',NULL,8,'2017-06-01 07:42:00.000000',26784967,11,1),
(202,'',NULL,6,'2017-06-01 07:42:00.000000',26588239,11,1),
(203,'',NULL,8,'2017-06-01 07:42:00.000000',26749162,11,1),
(204,'',NULL,8,'2017-06-01 07:42:00.000000',26749151,11,1),
(205,'',NULL,8,'2017-06-01 07:42:00.000000',26746532,11,1),
(206,'',NULL,10,'2017-06-01 07:42:00.000000',25862357,12,1),
(207,'',NULL,10,'2017-06-01 07:42:00.000000',26416957,12,1),
(208,'',NULL,6,'2017-06-01 07:42:00.000000',6952149,12,1),
(209,'',NULL,4,'2017-06-01 07:42:00.000000',4113335,12,1),
(210,'',NULL,8,'2017-06-01 07:42:00.000000',26671380,12,1),
(211,'',NULL,6,'2017-06-01 07:42:00.000000',26681980,12,1),
(212,'',NULL,4,'2017-06-01 07:42:00.000000',3286552,12,1),
(213,'',NULL,2,'2017-06-01 07:42:00.000000',25845401,12,1),
(214,'',NULL,2,'2017-06-01 07:42:00.000000',26784967,12,1),
(215,'',NULL,4,'2017-06-01 07:42:00.000000',26588239,12,1),
(216,'',NULL,2,'2017-06-01 07:42:00.000000',26749162,12,1),
(217,'',NULL,2,'2017-06-01 07:42:00.000000',26749151,12,1),
(218,'',NULL,2,'2017-06-01 07:42:00.000000',26746532,12,1),
(219,'',NULL,8,'2017-06-01 07:42:00.000000',6952149,13,1),
(220,'',NULL,8,'2017-06-01 07:42:00.000000',26671380,13,1),
(221,'',NULL,4,'2017-06-01 07:42:00.000000',2338055,13,1),
(222,'',NULL,6,'2017-06-01 07:42:00.000000',25845401,13,1),
(223,'',NULL,4,'2017-06-01 07:42:00.000000',26784967,13,1),
(224,'',NULL,6,'2017-06-01 07:42:00.000000',26749162,13,1),
(225,'',NULL,2,'2017-06-01 07:42:00.000000',26746532,13,1),
(226,'',NULL,8,'2017-06-01 07:42:00.000000',25749818,13,1),
(227,'',NULL,8,'2017-06-01 07:42:00.000000',4113335,14,1),
(228,'',NULL,6,'2017-06-01 07:42:00.000000',26749162,14,1),
(229,'',NULL,8,'2017-06-01 07:42:00.000000',26749151,14,1),
(230,'',NULL,8,'2017-06-01 07:42:00.000000',26746532,14,1),
(231,'',NULL,8,'2017-06-01 07:42:00.000000',26356519,14,1),
(232,'',NULL,8,'2017-06-01 07:42:00.000000',26416957,15,1),
(233,'',NULL,8,'2017-06-01 07:42:00.000000',6952149,15,1),
(234,'',NULL,4,'2017-06-01 07:42:00.000000',2338055,15,1),
(235,'',NULL,8,'2017-06-01 07:42:00.000000',3286552,15,1),
(236,'',NULL,6,'2017-06-01 07:42:00.000000',25845401,15,1),
(237,'',NULL,6,'2017-06-01 07:42:00.000000',26784967,15,1),
(238,'',NULL,4,'2017-06-01 07:42:00.000000',26749162,15,1),
(239,'',NULL,2,'2017-06-01 07:42:00.000000',26749151,15,1),
(240,'',NULL,2,'2017-06-01 07:42:00.000000',26746532,15,1),
(241,'',NULL,8,'2017-06-01 07:42:00.000000',26356519,15,1),
(242,'',NULL,8,'2017-06-01 07:42:00.000000',10756709,15,1);

/*!40101 SET SQL_MODE=@OLD_SQL_MODE */;
/*!40014 SET FOREIGN_KEY_CHECKS=@OLD_FOREIGN_KEY_CHECKS */;
/*!40014 SET UNIQUE_CHECKS=@OLD_UNIQUE_CHECKS */;
/*!40111 SET SQL_NOTES=@OLD_SQL_NOTES */;
